ef_base_id,native_pes21_id,physical_source_id,canonical_name,status,source_card_id,stats_source_card_id,portrait_asset_id,face_owner_id,commentary_owner_id
84,84,84,Hideomi Yamamoto,active,84,84,84,,84
2489,2489,2489,Eiji Kawashima,active,2489,105651632081337,2489,2489,2489
4039,541062,541062,Doros Chaves,active,8392647,52887690416071,541062,,
4522,4522,4522,Cristiano Ronaldo,active,4522,52784879636906,4522,4522,4522
4882,4882,4882,James Milner,active,4882,52898427835154,4882,4882,4882
5308,5308,5308,Takanori Sugeno,active,5308,105684918080700,5308,5308,5308
5518,541067,541067,Raúl Albiol,active,5518,70378944730510,541067,,
7474,7474,7474,Nenê,active,7474,7474,7474,7474,7474
7511,7511,7511,Lionel Messi,active,7511,52788637736279,7511,7511,7511
7814,7814,7814,Dante,active,7814,55067117887110,7814,7814,7814
8823,8823,8823,Paolo Guerrero,active,8823,8823,8823,8823,8823
8944,8944,8944,Karim Benzema,active,16786160,52787295560432,8944,8944,8944
8959,8959,8959,Daniele Padelli,active,8959,8959,8959,8959,8959
9042,9042,9042,Kasper Schmeichel,active,9042,52782732157778,9042,9042,9042
9138,9138,9138,João Moutinho,active,9138,105561706210226,9138,9138,9138
9167,9167,9167,Remko Pasveer,active,9167,9167,9167,,9167
9226,541071,541071,Iván Cuéllar,active,9226,9226,541071,,
9375,9375,9375,Santi Cazorla,active,9375,9375,9375,9375,9375
9534,35290,35290,Craig Gordon,active,9534,9534,35290,,35290
15033,15033,15033,Hiroki Iikura,active,15033,105706929797817,15033,15033,15033
15075,15075,15075,Akihiro Ienaga,active,15075,52779510938339,15075,15075,15075
15097,15097,15097,Shusaku Nishikawa,active,15097,53971901233913,15097,15097,15097
15159,15159,15159,Hisashi Jogo,active,15159,15159,15159,,15159
15217,15217,15217,Shuichi Gonda,active,15217,52780853115761,15217,15217,15217
15261,15261,15261,Masato Morishige,active,15261,53876069776285,15261,15261,15261
15296,15296,15296,Yohei Takeda,active,15296,105817793641408,15296,,15296
15320,15320,15320,Shinji Kagawa,active,15320,53879022566360,15320,15320,15320
15431,15431,15431,Toru Hasegawa,active,15431,15431,15431,,15431
15446,15446,15446,Takashi Inui,active,15446,53980491168854,15446,15446,15446
15452,15452,15452,Shun Nagasawa,active,15452,15452,15452,15452,15452
15509,15509,15509,Koki Yonekura,active,15509,15509,15509,15509,15509
15527,15527,15527,Shu Kurata,active,15527,105826115140775,15527,15527,15527
15791,15791,15791,Kota Mizunuma,active,15791,15791,15791,15791,15791
15814,15814,15814,Yuto Nagatomo,active,15814,88038776520134,15814,15814,15814
15827,15827,15827,Hiroki Miyazawa,active,15827,105706929798611,15827,,15827
15882,15882,15882,Kazunari Ohno,active,15882,105632573177354,15882,,15882
15883,15883,15883,Daisuke Suzuki,active,15883,15883,15883,15883,15883
15884,541077,541077,Michael James,active,15884,105686260268556,541077,,
15893,15893,15893,Hiroshi Kiyotake,active,15893,53876875083285,15893,15893,15893
15900,15900,15900,Yutaka Yoshida,active,15900,15900,15900,,15900
15918,15918,15918,Takumi Yamada,active,15918,15918,15918,,15918
15960,15960,15960,Kohei Kawata,active,15960,15960,15960,,15960
16008,16008,541079,Hiromichi Katano,active,16008,16008,16008,,
16020,16020,16020,Yu Kobayashi,active,16020,53877143518868,16020,16020,16020
16025,16025,16025,Kazushi Mitsuhira,active,16025,16025,16025,,16025
16094,16094,16094,Goro Kawanami,active,16094,16094,16094,,16094
16095,16095,16095,Ryosuke Yamanaka,active,16095,16095,16095,16095,16095
16100,16100,16100,Takahiro Ohgihara,active,16100,53968948444900,16100,16100,16100
16114,16114,16114,Yoshiaki Takagi,active,16114,53945594560242,16114,16114,16114
16171,16171,541080,Mahdi Hamidullah,active,8404779,8404779,16171,,
16342,16342,16342,Hiroaki Okuno,active,16342,105660222029782,16342,16342,16342
16345,16345,16345,Gen Shoji,active,16345,16345,16345,16345,16345
16346,16346,16346,Gaku Shibasaki,active,16346,105651632095194,16346,16346,16346
16348,16348,16348,Shoma Doi,active,16348,106751680593884,16348,16348,16348
16362,16362,16362,Akito Fukumori,active,16362,105651632095210,16362,16362,16362
16364,16364,16364,Ryota Oshima,active,16364,105706929799148,16364,16364,16364
16369,16369,16369,Ryota Suzuki,active,16369,16369,16369,16369,16369
16375,16375,16375,Yuto Suzuki,active,16375,53876069777399,16375,,16375
16379,16379,16379,Yuki Horigome,active,16379,16379,16379,,16379
16387,16387,16387,Noriyoshi Sakai,active,16387,16387,16387,,16387
16409,16409,16409,Kenyu Sugimoto,active,16409,105643579031577,16409,16409,16409
16424,16424,16424,Tatsuki Nara,active,16424,53979685863464,16424,16424,16424
16426,16426,16426,Takuma Arano,active,16426,105844100317226,16426,,16426
16430,16430,16430,Takashi Kasahara,active,16430,105767327776814,16430,,16430
16431,541081,541081,Tsukasa Shiotani,active,16431,53985054572591,541081,,
16452,16452,16452,Haruya Ide,active,16452,105717398782020,16452,16452,16452
16453,16453,16453,Kento Hashimoto,active,16453,105748268859461,16453,16453,16453
16456,16456,16456,Shota Arai,active,16456,16456,16456,16456,16456
16472,16472,16472,Kosuke Onose,active,16472,53978075250776,16472,,16472
16474,541087,541087,Wataru Endo,active,16474,55067386331226,541087,,
16477,16477,16477,Ken Iwao,active,16477,53877411954781,16477,,16477
16496,16496,16496,Yuji Takahashi,active,16496,16496,16496,,16496
16500,16500,16500,Riki Harakawa,active,16500,53974048718964,16500,,16500
16530,16530,16530,Hayato Nakama,active,16530,105716325040274,16530,,16530
16536,16536,16536,Ken Matsubara,active,16536,53967606268056,16536,16536,16536
16538,16538,16538,Hirotaka Tameda,active,16538,105710956331162,16538,,16538
16541,16541,16541,Naoto Kamifukumoto,active,16541,53968411574429,16541,,16541
16572,16572,16572,Yuichi Maruyama,active,16572,106725373919420,16572,16572,16572
16578,16578,16578,Sho Sasaki,active,16578,53961969123522,16578,16578,16578
16587,16587,16587,Daiki Watari,active,16587,106732353241291,16587,,16587
16589,16589,16589,Takayuki Mae,active,16589,16589,16589,16589,16589
16610,16610,16610,Shuhei Matsubara,active,16610,16610,16610,,16610
16650,16650,16650,Tomoya Inukai,active,16650,53945057689866,16650,16650,16650
16652,16652,16652,Ryohei Shirasaki,active,16652,16652,16652,,16652
16657,16657,16657,Shun Takagi,active,16657,16657,16657,,16657
16680,16680,541088,Lee Ki-Je,active,16680,16680,16680,,
16726,16726,16726,Gakuto Notsuda,active,16726,53878754132310,16726,16726,16726
16728,16728,541090,Takuma Asano,active,16728,52889569476952,16728,,
16767,16767,16767,Genki Yamada,active,16767,16767,16767,,16767
16774,16774,16774,Kengo Nagai,active,16774,53961969123718,16774,,16774
16776,16776,16776,Ryota Nakamura,active,16776,16776,16776,,16776
16792,16792,16792,Takuya Kida,active,16792,105787192000920,16792,16792,16792
16799,16799,16799,Yuki Honda,active,16799,53945594560927,16799,,16799
16800,541092,541092,Takumi Minamino,active,16800,52876147704224,541092,,
16809,16809,16809,Hiroki Akino,active,16809,105792560710057,16809,16809,16809
16811,16811,16811,Yusuke Kobayashi,active,16811,105843295011243,16811,16811,16811
16812,16812,16812,Kosuke Nakamura,active,16812,53985054572972,16812,16812,16812
16814,16814,16814,Kazuki Kozuka,active,16814,16814,16814,,16814
16817,16817,16817,Ayumi Niekawa,active,16817,16817,16817,,16817
16822,16822,16822,Yuta Toyokawa,active,16822,106724300177846,16822,16822,16822
16823,16823,16823,Naomichi Ueda,active,16823,53978880557495,16823,16823,16823
16835,16835,16835,Ibuki Fujita,active,16835,105792292274627,16835,,16835
16836,16836,16836,Genta Miura,active,16836,105845442494916,16836,16836,16836
16845,16845,16845,Hiroto Nakagawa,active,16845,16845,16845,16845,16845
16855,16855,16855,Naoki Maeda,active,16855,105687602446807,16855,,16855
16858,16858,16858,Yuki Nogami,active,16858,105640894677466,16858,,16858
16859,16859,16859,Tsubasa Shibuya,active,16859,16859,16859,,16859
16862,16862,16862,Masaya Matsumoto,active,16862,106724300177886,16862,,16862
16864,16864,16864,Hirotaka Mita,active,16864,16864,16864,16864,16864
16869,16869,16869,Yuto Horigome,active,16869,16869,16869,,16869
16873,16873,16873,Takuya Iwanami,active,16873,16873,16873,,16873
16877,16877,16877,Gakuji Ota,active,16877,16877,16877,,16877
31044,31044,31044,Radamel Falcao,active,31044,31044,31044,31044,31044
31506,31506,31506,Jakkaphan Kaewprom,active,31506,31506,31506,,31506
32386,32386,32386,John Ruddy,active,32386,32386,32386,32386,32386
32782,32782,32782,Hugo Rodallega,active,32782,32782,32782,,32782
33075,33075,33075,Lorenzo De Silvestri,active,33075,33075,33075,33075,33075
33185,33185,33185,Manuel Neuer,active,33185,52869705269665,33185,33185,33185
33301,33301,33301,Regis Gurtner,active,33301,33301,33301,,33301
33895,33895,33895,Roman Eremenko,active,33895,33895,33895,,33895
34098,34098,34098,Luka Modrić,active,34098,52898159428914,34098,34098,34098
34102,34102,541093,Thiago Saura,active,8422710,8422710,34102,,
34437,34437,34437,Łukasz Fabiański,active,34437,52786221844101,34437,34437,34437
34611,34611,34611,Dimitri Payet,active,34611,53962237577011,34611,34611,34611
34813,34813,34813,Marko Arnautović,active,34813,52883663915005,34813,34813,34813
34881,34881,34881,Luis Suárez,active,34881,55061480769601,34881,34881,34881
35017,540180,540180,Sacha Marteau,active,8423625,105553116301513,540180,,540180
35124,35124,35124,Óscar Trejo,active,35124,35124,35124,35124,35124
35207,35207,35207,David Luiz,active,35207,35207,35207,35207,35207
35250,541095,541095,Éver Banega,active,35250,35250,541095,,
35252,35252,35252,Marco Ruben,active,35252,35252,35252,35252,35252
35873,541097,541097,Akihiro Hayashi,active,35873,105770012150817,541097,,
35876,541099,541099,César Azpilicueta,active,35876,70369281084452,541099,,
35880,35880,35880,José Sosa,active,35880,35880,35880,35880,35880
36612,113844,113844,Luo Shangnong,active,8425220,105713422601988,113844,,113844
36627,36627,36627,Yann Sommer,active,36627,52849304178451,36627,36627,36627
36703,36703,36703,David Ospina,active,36703,36703,36703,36703,36703
36714,36714,36714,Arturo Vidal,active,36714,105592576315242,36714,36714,36714
36718,36718,36718,Alexis Sánchez,active,36718,52889837932398,36718,36718,36718
36727,36727,36727,Fernando Muslera,active,36727,55069265399671,36727,36727,36727
36768,36768,36768,Fraser Forster,active,36768,36768,36768,36768,36768
36782,36782,36782,Titi,active,36782,36782,36782,,36782
36878,36878,541100,Raúl Fernández,active,36878,36878,36878,,
36943,36943,36943,Cássio,active,36943,53979954319439,36943,36943,36943
36945,36945,36945,Fágner,active,36945,52778705653841,36945,36945,36945
37106,37106,37106,Ángel Di María,active,37106,52781658444018,37106,37106,37106
37225,37225,37225,Mert Günok,active,37225,105622372651369,37225,37225,37225
37289,37289,37289,Jason Steele,active,37289,37289,37289,,37289
37291,37291,37291,Asmir Begović,active,37291,37291,37291,37291,37291
37304,37304,37304,Cristhian Stuani,active,37304,52850109485496,37304,37304,37304
37377,37377,37377,Andrés Fernández,active,37377,37377,37377,,37377
37440,541102,541102,Julian Drysdale,active,8426048,52784879669824,541102,,
37506,37506,37506,Javier García,active,37506,37506,37506,,37506
37814,37814,37814,Teerasil Dangda,active,37814,53881170072502,37814,37814,37814
37827,37827,37827,Axel Witsel,active,37827,52868094661571,37827,37827,37827
37862,37862,37862,Cristopher Toselli,active,37862,37862,37862,37862,37862
37901,37901,37901,Tomás Rincón,active,37901,37901,37901,37901,37901
38051,38051,38051,Stevan Jovetić,active,38051,38051,38051,38051,38051
38082,39278,39278,Tinie Standing,active,8426690,8426690,39278,,39278
38261,38261,38261,Andriy Yarmolenko,active,38261,105757395686773,38261,38261,38261
38274,541103,541103,Dayro Moreno,active,38274,38274,541103,,
38297,38297,38297,Willian,active,38297,105587476043161,38297,38297,38297
38338,38338,38338,Daniel Wass,active,38338,38338,38338,38338,38338
38352,38352,38352,Danny Welbeck,active,38352,52896817255888,38352,38352,38352
38362,38362,38362,Liam Cooper,active,38362,38362,38362,,38362
38387,38387,38387,Massimo Coda,active,38387,38387,38387,,38387
38439,38439,38439,Ivan Perišić,active,38439,52787564025383,38439,38439,38439
38627,38627,38627,Olivier Giroud,active,38627,52786758719203,38627,38627,38627
38701,38701,38701,T. Kolodziejczak,active,38701,38701,38701,,38701
38761,38761,38761,Necip Uysal,active,38761,106728058296169,38761,,38761
38779,38779,38779,Dani Parejo,active,38779,52854136018811,38779,38779,38779
38789,38789,38789,Barry Bannan,active,38789,38789,38789,38789,38789
38797,38797,38797,Daley Blind,active,38797,53877680412557,38797,38797,38797
38827,38827,541104,Danny Wilson,active,38827,38827,38827,,
38852,38852,38852,Davide Faraoni,active,38852,38852,38852,,38852
38965,38965,38965,Kyohei Noborizato,active,38965,53881706944565,38965,38965,38965
38966,38966,38966,Ryo Takeuchi,active,38966,38966,38966,,38966
38970,38970,38970,Taishi Taguchi,active,38970,106722152716346,38970,38970,38970
38981,38981,38981,Takuji Yonemoto,active,38981,53879559460933,38981,38981,38981
39000,39000,39000,Tatsuya Morita,active,39000,39000,39000,,39000
39016,39016,39016,Takuya Wada,active,39016,39016,39016,39016,39016
39020,39020,39020,Yuya Osako,active,39020,53979685886060,39020,39020,39020
39023,39023,39023,Masaaki Higashiguchi,active,39023,105634989119599,39023,39023,39023
39026,39026,39026,Gotoku Sakai,active,39026,53879559460978,39026,39026,39026
39031,39031,39031,Hotaru Yamaguchi,active,39031,105634989119607,39031,39031,39031
39161,39161,39161,Jeroen Zoet,active,39161,39161,39161,39161,39161
39215,541105,541105,Fabio da Gama,active,8427823,105637941909807,541105,,
39699,39699,39699,Gary Medel,active,39699,39699,39699,39699,39699
39719,39719,39719,Salomón Rondón,active,39719,53962774453031,39719,39719,39719
39730,44032,44032,Sebastian Orde,active,8428338,8428338,44032,,44032
39771,39771,541109,Sarafpour Yazdi,active,8428379,8428379,39771,,
39773,39773,39773,Celso Borges,active,39773,39773,39773,39773,39773
39777,540181,540181,Teodoro Casar,active,8428385,52845546085217,540181,,540181
39786,39786,541110,Carlos Lampe,active,39786,39786,39786,,
39813,39813,39813,Rafael Romo,active,39813,39813,39813,,39813
39881,540382,540382,Walid Abbas,active,16817097,16817097,540382,,540382
39936,39936,39936,Henrikh Mkhitaryan,active,39936,70376797281280,39936,39936,39936
40002,40002,40002,Robert Lewandowski,active,40002,123236838841410,40002,40002,40002
40122,40122,40122,Romelu Lukaku,active,40122,55068996967610,40122,40122,40122
40150,40150,40150,Thomas Delaney,active,40150,105820746456278,40150,40150,40150
40176,40176,40176,Leonardo Sigali,active,40176,40176,40176,40176,40176
40240,40240,40240,Nemanja Matić,active,40240,40240,40240,40240,40240
40256,40256,40256,Neil Etheridge,active,40256,106739601022272,40256,,40256
40278,40278,40278,Steven Nzonzi,active,40278,53968143162710,40278,40278,40278
40283,40283,40283,Séamus Coleman,active,40283,40283,40283,40283,40283
40295,40295,40295,Jordan Henderson,active,40295,52879637388647,40295,40295,40295
40323,40323,40323,P. E. Aubameyang,active,40323,55067117919619,40323,40323,40323
40352,40352,40352,Neymar Jr,active,40352,55069533838752,40352,40352,40352
40392,40392,40392,Nick Viergever,active,40392,40392,40392,40392,40392
40407,541111,541111,Maicon,active,40407,105716861935063,541111,,
40422,40422,40422,Xherdan Shaqiri,active,40422,52781121576422,40422,40422,40422
40429,40429,40429,Nemanja Gudelj,active,40429,40429,40429,40429,40429
40472,541112,541112,İsmail Köybaşı,active,40472,40472,541112,,
40525,40525,40525,Mattia Perin,active,40525,52783537495629,40525,40525,40525
40571,40571,40571,David de Gea,active,40571,52786758721147,40571,40571,40571
40579,40579,40579,Brice Maubleu,active,40579,40579,40579,,40579
40631,40631,40631,Juan Cuadrado,active,40631,52880442695351,40631,40631,40631
40661,40661,40661,Lucas Pratto,active,40661,40661,40661,40661,40661
40677,40677,40677,Alberto Grassi,active,40677,40677,40677,,40677
40686,40686,40686,Osvaldo,active,40686,40686,40686,,40686
40701,40701,40701,Shane Duffy,active,40701,40701,40701,40701,40701
40704,40704,40704,Joel Ward,active,40704,40704,40704,,40704
40725,40725,40725,Nicolás Otamendi,active,40725,52885006098197,40725,40725,40725
40749,40749,40749,Teófilo Gutiérrez,active,40749,40749,40749,40749,40749
40751,40751,40751,Adrián Ramos,active,40751,40751,40751,40751,40751
40786,40786,40786,Chris Wood,active,40786,55068460097362,40786,40786,40786
40805,114516,114516,Xiang Rongchen,active,8429413,105652504534885,114516,,114516
40870,40870,40870,Jens Toornstra,active,40870,40870,40870,40870,40870
40871,40871,40871,Christian Eriksen,active,40871,52871315890087,40871,40871,40871
40925,40925,40925,Alex Teixeira,active,40925,40925,40925,40925,40925
40937,40937,40937,Wojciech Szczęsny,active,40937,52884737662953,40937,40937,40937
40996,40996,40996,Mike te Wierik,active,40996,40996,40996,,40996
41066,41066,41066,Ciro Immobile,active,41066,52849304182890,41066,41066,41066
41082,41082,41082,Koke,active,41082,52892790726778,41082,41082,41082
41083,41083,41083,Eduardo Salvio,active,41083,55066849484923,41083,41083,41083
41085,41085,41085,Sergi Enrich,active,41085,41085,41085,,41085
41096,541113,541113,Francisco Portillo,active,41096,41096,541113,,
41100,41100,41100,Juanmi,active,41100,52854404456588,41100,,41100
41119,41119,41119,Kyle Walker,active,41119,52845546086559,41119,41119,41119
41120,41120,41120,Tom Cairney,active,41120,105836584149152,41120,41120,41120
41124,41124,41124,David Alaba,active,41124,56165824241828,41124,41124,41124
41174,41174,41174,Marcos Rojo,active,41174,41174,41174,41174,41174
41180,41180,41180,Gatito Fernández,active,41180,41180,41180,,41180
41204,41204,41204,Rafael,active,41204,41204,41204,,41204
41275,41275,41275,Juan Insaurralde,active,41275,41275,41275,,41275
41281,540182,540182,Florentino Peris,active,8429889,53880096334145,540182,,540182
41425,41425,41425,Eduardo Vargas,active,41425,105745852965329,41425,41425,41425
41428,41428,41428,Marcelo Díaz,active,41428,41428,41428,41428,41428
41451,41451,41451,Charles Aránguiz,active,41451,41451,41451,41451,41451
41464,41464,541114,Bryan Rabello,active,41464,41464,41464,,
41538,41538,41538,Emmanuel Olivera,active,41538,41538,41538,,41538
41546,41546,41546,Agustín Marchesín,active,41546,41546,41546,41546,41546
41555,41555,41555,Esteban Andrada,active,41555,53879291028051,41555,41555,41555
41581,41581,41581,James Rodríguez,active,41581,52871584326253,41581,41581,41581
41596,41596,41596,Nicolás Tagliafico,active,41596,52779510964860,41596,41596,41596
41619,41619,541117,Andrés Mosquera,active,41619,105633378509459,41619,,
41637,41637,541118,Felipe Pardo,active,41637,41637,41637,,
41640,41640,41640,Carlos Bacca,active,41640,41640,41640,41640,41640
41889,41889,41889,Youssef El-Arabi,active,41889,41889,41889,,41889
41975,41975,41975,Alexander González,active,41975,41975,41975,,41975
41983,41983,541121,Alain Baroja,active,41983,41983,41983,,
42033,42033,42033,André Carrillo Díaz,active,42033,105841952859185,42033,42033,42033
42058,42058,42058,Geoffry Hairemans,active,42058,42058,42058,,42058
42173,42173,42173,Enner Valencia,active,42173,52782732190909,42173,42173,42173
42245,42245,42245,Eric M.Choupo-Moting,active,42245,52778974094597,42245,42245,42245
42246,42246,42246,Vincent Aboubakar,active,42246,42246,42246,42246,42246
42249,42249,42249,Tommy Smith,active,42249,42249,42249,,42249
42273,42273,541122,Paulo Victor,active,42273,42273,42273,,
42274,42274,42274,Marcelo Lomba,active,42274,42274,42274,,42274
42316,42316,42316,Antoine Griezmann,active,42316,52874268681548,42316,42316,42316
42322,42322,42322,Kiko Femenía,active,42322,42322,42322,,42322
42343,42343,42343,Josef de Souza,active,42343,42343,42343,42343,42343
42353,42353,42353,Grant Hanley,active,42353,42353,42353,42353,42353
42375,42375,42375,Bruno Martins Indi,active,42375,42375,42375,42375,42375
42402,42402,541123,Josué,active,42402,42402,42402,,
42415,42415,42415,Marko Vešović,active,42415,42415,42415,,42415
42424,42424,42424,Granit Xhaka,active,42424,52890106373560,42424,42424,42424
42440,42440,42440,Jordy Clasie,active,42440,42440,42440,42440,42440
42452,42452,541124,Gabriel Mercado,active,42452,105628815107540,42452,,
42455,541129,541129,Clarice Loureiro,active,8431063,52786490287575,541129,,
42481,42481,42481,Jorge Pulido,active,42481,42481,42481,,42481
42483,42483,541130,Sebastián Gallegos,active,42483,42483,42483,,
42516,42516,42516,Sergio Álvarez,active,42516,42516,42516,,42516
42535,541131,541131,Cédric Soares,active,42535,106746043475495,541131,,
42539,42539,42539,Marco Bizot,active,42539,52845814523435,42539,42539,42539
42543,42543,42543,Hobie Verhulst,active,42543,42543,42543,,42543
42549,541133,541133,Elis Ronson,active,8431157,8431157,541133,,
42556,42556,42556,Isco,active,42556,55068728534588,42556,42556,42556
42575,42575,42575,Idrissa Guèye,active,42575,105558485018191,42575,42575,42575
42578,42578,42578,Jordan Ayew,active,42578,105666932942418,42578,42578,42578
42669,42669,42669,Casemiro,active,42669,52870779020973,42669,42669,42669
42697,42697,42697,Manuel Lanzini,active,42697,70374381364937,42697,42697,42697
42706,42706,42706,Carlos Izquierdoz,active,42706,42706,42706,,42706
42715,42715,541134,Ángel Sepúlveda,active,42715,53967337858779,42715,,
42751,42751,42751,Eugenio Mena,active,42751,42751,42751,42751,42751
42805,42805,42805,Nampalys Mendy,active,42805,42805,42805,42805,42805
42806,42806,42806,Cédric Bakambu,active,42806,42806,42806,42806,42806
42821,42821,42821,Benjamin Lecomte,active,42821,52879905826629,42821,42821,42821
42825,42825,42825,Alphonse Aréola,active,42825,52854136022857,42825,42825,42825
42846,42846,42846,Nicola Leali,active,42846,42846,42846,,42846
42868,42868,42868,Marc Bartra,active,42868,105822088636276,42868,42868,42868
42871,42871,42871,Oriol Romeu,active,42871,105622909527927,42871,42871,42871
42898,42898,42898,Lucas Moura,active,42898,55068191664018,42898,42898,42898
42918,42918,42918,James Forrest,active,42918,42918,42918,42918,42918
42929,541139,541139,Noel Whitlow,active,8431537,8431537,541139,,
43006,43006,43006,Ramiro Funes Mori,active,43006,53879291029502,43006,43006,43006
43054,36841,36841,Almon Bergin,active,8431662,8431662,36841,,36841
43063,43063,43063,Son Heung-Min,active,43063,52781121579063,43063,43063,43063
43075,43075,43075,Geoffrey Kondogbia,active,43075,105818330540099,43075,43075,43075
43099,43099,541140,Ryo Miyaichi,active,43099,105626936059995,43099,,
43117,43117,43117,Luis Mejía,active,43117,43117,43117,,43117
43133,43133,43133,Luiz Gustavo,active,43133,43133,43133,43133,43133
43135,43135,43135,Mateo Kovačić,active,43135,52874805553279,43135,43135,43135
43154,43154,43154,Nathan Redmond,active,43154,52785148110994,43154,43154,43154
43157,43157,43157,Marcos Alonso,active,43157,55070339147925,43157,43157,43157
43166,43166,43166,Matt Doherty,active,43166,43166,43166,43166,43166
43185,43185,43185,Thomas Bruns,active,43185,43185,43185,,43185
43211,43211,43211,Marko Dmitrović,active,43211,43211,43211,43211,43211
43230,541141,541141,Yuri Valuev,active,8431838,8431838,541141,,
43243,41622,41622,Nikolai Alho,active,43243,43243,41622,,41622
43288,43288,43288,Stefan Savić,active,43288,105575933323544,43288,43288,43288
43387,43387,43387,Luis Advíncula,active,43387,43387,43387,,43387
43388,43388,43388,Alberto Quintero,active,43388,43388,43388,,43388
43394,43394,43394,Aníbal Godoy,active,43394,105862353955202,43394,,43394
43415,43415,43415,Lukáš Hradecký,active,43415,43415,43415,43415,43415
43421,541142,541142,Horace Oster,active,8432029,8432029,541142,,
43467,43467,43467,Ricardo Rodríguez,active,43467,56167703292363,43467,43467,43467
43612,43612,43612,Tim Ream,active,43612,43612,43612,,43612
43646,43646,43646,Lucas Rodríguez,active,43646,43646,43646,,43646
43666,541143,541143,Danilo Ortiz,active,43666,43666,541143,,
43668,43668,43668,Óscar Romero,active,43668,105796587268756,43668,43668,43668
43686,43686,43686,Diego Rubio,active,43686,43686,43686,,43686
43694,541145,541145,Gabriel Vasconcelos,active,43694,55068191664814,541145,,
43731,43731,43731,Wilker Ángel,active,43731,105796318833363,43731,,43731
43773,43773,43773,Sebastián Moyano,active,43773,43773,43773,,43773
43985,43985,43985,Alex Sandro,active,43985,52871047457745,43985,43985,43985
43989,43989,43989,Danilo,active,43989,52845277653973,43989,43989,43989
44023,44023,44023,Pedro Gallese,active,44023,44023,44023,,44023
44037,44037,44037,Alan Aguerre,active,44037,44037,44037,,44037
44104,44104,44104,Jan Oblak,active,44104,52881248005192,44104,44104,44104
44328,44328,44328,Kamil Grosicki,active,44328,44328,44328,44328,44328
44354,44354,541146,Kosta Barbarouses,active,44354,44354,44354,,
44366,44366,541147,Majid Qutb,active,8432974,8432974,44366,,
44379,44379,44379,Kevin De Bruyne,active,44379,52900843793755,44379,44379,44379
44383,44383,44383,Thibaut Courtois,active,44383,55070339149151,44383,44383,44383
44407,44407,44407,Joel Campbell,active,44407,44407,44407,44407,44407
44451,44451,44451,Abdoulaye Bamba,active,44451,44451,44451,,44451
44527,44527,44527,Benjamin André,active,44527,44527,44527,44527,44527
44601,44601,44601,M'Baye Niang,active,44601,52871047458361,44601,44601,44601
44619,44619,44619,Rodrigo Moledo,active,44619,44619,44619,,44619
44620,44620,44620,Felipe Anderson,active,44620,52869168410188,44620,44620,44620
44636,44636,44636,Luis Muriel,active,44636,105639552527964,44636,44636,44636
44637,44637,44637,Allan Nyom,active,44637,44637,44637,44637,44637
44654,44654,44654,Willy Boly,active,44654,44654,44654,44654,44654
44667,541148,541148,Kenneth Crowford,active,8433275,8433275,541148,,
44694,44694,44694,Daniel Johnson,active,44694,44694,44694,,44694
44702,44702,44702,Ross Barkley,active,44702,52879368957598,44702,44702,44702
44717,44717,541150,David Cornell,active,44717,44717,44717,,
44718,127830,127830,L. González Pírez,active,44718,44718,127830,,127830
44721,44721,44721,Jack Robinson,active,44721,44721,44721,,44721
44794,44794,44794,Nicola Ravaglia,active,44794,44794,44794,,44794
44840,44840,44840,Virgil van Dijk,active,44840,52883663925032,44840,44840,44840
44849,44849,44849,Steven Berghuis,active,44849,52785416548145,44849,44849,44849
44857,44857,44857,Santiago Arias,active,44857,44857,44857,44857,44857
44936,44936,44936,Ivo Pinto,active,44936,44936,44936,,44936
44946,44946,44946,Juan Bernat,active,44946,44946,44946,44946,44946
45012,541151,541151,Duke Lipson,active,8433620,8433620,541151,,
45023,45023,45023,Paul Pogba,active,45023,52891716988895,45023,45023,45023
45041,45041,45041,Pietro Terracciano,active,45041,55067923230705,45041,,45041
45065,45065,45065,Jakub Brabec,active,45065,45065,45065,45065,45065
45071,45071,45071,Germán Pezzella,active,45071,45071,45071,45071,45071
45078,45078,45078,Donovan Léon,active,45078,52878295216150,45078,,45078
45089,45089,45089,Lucas Digne,active,45089,52877221474337,45089,45089,45089
45106,45106,45106,Mathieu Gorgelin,active,45106,45106,45106,,45106
45113,45113,45113,Dimitri Foulquier,active,45113,45113,45113,,45113
45120,45120,45120,Kenny Lala,active,45120,45120,45120,45120,45120
45126,40110,40110,A.Oxlade Chamberlain,active,45126,53975390924870,40110,,40110
45134,45134,45134,Ben Davies,active,45134,45134,45134,45134,45134
45144,45144,45144,Bernd Leno,active,45144,52788369338456,45144,45144,45144
45158,45158,45158,Dani Jiménez,active,45158,45158,45158,,45158
45176,45176,45176,Sébastien Haller,active,45176,70373039190136,45176,45176,45176
45182,45182,45182,J. Daniel Akpa Akpro,active,45182,45182,45182,,45182
45193,45193,45193,Luca Lezzerini,active,45193,45193,45193,,45193
45196,45196,45196,Matteo Bianchetti,active,45196,45196,45196,,45196
45267,45267,45267,Suso,active,45267,45267,45267,45267,45267
45270,45270,45270,Conor Coady,active,45270,45270,45270,45270,45270
45290,45290,45290,Iñigo Martínez,active,16822506,52875073990890,45290,45290,45290
45291,45291,45291,Diego Mariño,active,45291,45291,45291,,45291
45300,45300,45300,Mattia Valoti,active,45300,45300,45300,,45300
45336,45336,541152,Nicolás López,active,45336,45336,45336,,
45351,45351,45351,Fernando Marçal,active,45351,105796587270439,45351,45351,45351
45356,45356,45356,Leandro Paredes,active,45356,105852690280748,45356,45356,45356
45373,45373,45373,Joel Pohjanpalo,active,45373,45373,45373,45373,45373
45374,45374,45374,Robin Lod,active,45374,105839268507966,45374,45374,45374
45386,541155,541155,Pedro Bigas,active,45386,45386,541155,,
45393,45393,45393,Davy Klaassen,active,45393,52892522295633,45393,45393,45393
45404,45404,45404,Jordan Ferri,active,45404,45404,45404,,45404
45405,40874,40874,Alassane Pléa,active,45405,45405,40874,,40874
45406,45406,45406,Jérémy Frick,active,45406,45406,45406,,45406
45409,45409,45409,Mario Sampirisi,active,45409,45409,45409,,45409
45458,45458,45458,Danny Ward,active,45458,52784879677842,45458,45458,45458
45500,45500,45500,Dimitrios Pelkas,active,45500,45500,45500,,45500
45507,45507,45507,Gilberto,active,45507,45507,45507,,45507
45512,45512,541156,Negueba,active,45512,45512,45512,,
45575,45575,45575,Víctor Cuesta,active,45575,53878485725703,45575,45575,45575
45576,45576,45576,Iván Marcone,active,45576,45576,45576,,45576
45579,45579,541157,Martín Nervo,active,45579,53945863025163,45579,,
45581,45581,541158,Javier Burrai,active,45581,45581,45581,,
45626,45626,45626,Edenílson,active,45626,53878485725754,45626,45626,45626
45641,45641,45641,Allan,active,45641,105796318835273,45641,45641,45641
45656,45656,45656,Rodrigo Ureña,active,45656,45656,45656,,45656
45667,45667,45667,Ángelo Henríquez,active,45667,45667,45667,,45667
45670,45670,541160,Igor Lichnovsky,active,45670,45670,45670,,
45674,45674,45674,Franco Armani,active,45674,45674,45674,45674,45674
45684,45684,541161,Avilés Hurtado,active,45684,45684,45684,,
45685,45685,45685,J. Fernando Quintero,active,45685,45685,45685,45685,45685
45756,45756,45756,Gustavo Gómez,active,45756,105705587651260,45756,45756,45756
45761,541165,541165,Martinez Almendros,active,8434369,53878485725889,541165,,
45788,45788,45788,Miguel Araujo,active,45788,52875342426844,45788,,45788
45823,45823,45823,Matías Vecino,active,45823,52784074371839,45823,45823,45823
45927,554345,554345,Osmand Amis,active,8434535,8434535,554345,,
45945,45945,45945,İlkay Gündoğan,active,45945,52886348280697,45945,45945,45945
45962,45962,45962,Willian José,active,45962,55069533844362,45962,45962,45962
45971,45971,554401,Mansur Ramez,active,8434579,105868041434003,45971,,
45982,45982,45982,Michael Boxall,active,45982,45982,45982,,45982
45988,45988,554405,Su Gyeol,active,8434596,50377636,45988,,
45990,45990,554410,Na Eunseong,active,8434598,8434598,45990,,
45992,554477,554477,Lautaro Giannetti,active,45992,45992,554477,,
45993,45993,45993,Marquinhos,active,45993,52878832087977,45993,45993,45993
46015,46015,554484,Hajj Aziz,active,8434623,8434623,46015,,
46021,46021,46021,Gabriel,active,46021,53980759634885,46021,46021,46021
46023,46023,46023,Vitinho,active,46023,106774766072775,46023,46023,46023
46025,46025,46025,Jádson,active,46025,55069533844425,46025,,46025
46029,125803,125803,Marcos Rocha,active,46029,46029,125803,,125803
46049,46049,554487,Élber,active,46049,53977269973985,46049,,
46071,46071,554526,Salem Al Dawsari,active,16823287,106746899117047,46071,,
46123,46123,554565,Hamed Bin Fawzi,active,8434731,8434731,46123,,
46128,46128,554603,Ibrahim Ahmaad,active,8434736,8434736,46128,,
46132,46132,554605,Jan Nadeem,active,8434740,8434740,46132,,
46133,46133,554611,Javad Osama,active,8434741,8434741,46133,,
46144,46144,46144,Valon Berisha,active,46144,46144,46144,,46144
46174,540387,540387,Guilherme Torres,active,16823390,16823390,540387,,540387
46203,46203,46203,Neto Volpi,active,46203,46203,46203,,46203
46218,46218,554612,Mattijs Branderhorst,active,46218,46218,46218,,
46235,46235,46235,Lorenzo Insigne,active,46235,70380018513051,46235,46235,46235
46237,46237,46237,Willian Arão,active,46237,46237,46237,46237,46237
46244,46244,46244,Matheus Vidotto,active,46244,46244,46244,,46244
46332,554629,554629,Avery Mendonça,active,8434940,53878485726460,554629,,
46370,46370,554633,Naif Hossam,active,8434978,8434978,46370,,
46373,46373,46373,Éverton Ribeiro,active,46373,106755438720293,46373,46373,46373
46466,46466,46466,Aissa Mandi,active,46466,105860558796162,46466,46466,46466
46487,46487,46487,Florian Thauvin,active,46487,52898964747671,46487,46487,46487
46498,46498,46498,Djibril Sidibé,active,46498,46498,46498,46498,46498
46536,46536,46536,James Ward Prowse,active,46536,52868899976648,46536,46536,46536
46538,46538,46538,Jack Stephens,active,46538,52871047460298,46538,,46538
46539,46539,46539,Miroslav Stevanović,active,46539,46539,46539,,46539
46546,46816,46816,Georgi Milanov,active,46546,46546,46816,,46816
46557,47967,47967,Alexandru Chipciu,active,46557,46557,47967,,47967
46564,46564,46564,Vladimír Darida,active,46564,46564,46564,46564,46564
46570,554655,554655,Yoshimar Yotún,active,46570,46570,554655,,
46583,46583,46583,Anthony Lozano,active,46583,46583,46583,,46583
46604,46604,46604,Heinz Lindner,active,46604,46604,46604,,46604
46614,46614,554665,Lucas Silva,active,46614,105796318836246,46614,,
46628,46628,46628,Tiago Volpi,active,46628,53976464668196,46628,46628,46628
46635,554679,554679,Guillermo Fernández,active,46635,46635,554679,,
46637,46637,46637,Mauro Icardi,active,46637,52871047460397,46637,46637,46637
46642,46642,46642,Dennis Praet,active,46642,46642,46642,46642,46642
46647,46647,46647,Thomas Meunier,active,46647,105857253684791,46647,46647,46647
46649,46649,46649,Sergio Escudero,active,46649,46649,46649,46649,46649
46650,46650,46650,Lars Unnerstall,active,46650,46650,46650,46650,46650
46652,46652,46652,Jesper Hansen,active,46652,46652,46652,,46652
46666,46666,46666,Iago Aspas,active,46666,55067654796874,46666,46666,46666
46694,46694,46694,Nicolae Stanciu,active,46694,52871315895910,46694,46694,46694
46737,46737,46737,Florent Hanin,active,46737,46737,46737,,46737
46787,46787,46787,Romell Quioto,active,46787,46787,46787,,46787
46788,554941,554941,I. Ruiz de Galarreta,active,46788,105826920478404,554941,,
46815,46815,46815,Ederson Moraes,active,46815,52880174266079,46815,46815,46815
46819,46819,46819,Ricardo Pereira,active,46819,46819,46819,46819,46819
46825,46825,46825,Emre Can,active,46825,105804640335593,46825,46825,46825
46833,46833,46833,Jonathan Viera,active,46833,105640357836529,46833,46833,46833
46850,46850,46850,Joël Veltman,active,46850,105640626272002,46850,46850,46850
46852,46852,46852,Stefano Denswil,active,46852,55070876022532,46852,,46852
46864,46864,46864,Filip Kostić,active,46864,52890911684368,46864,46864,46864
46865,46865,46865,Kristoffer Nordfeldt,active,46865,46865,46865,46865,46865
46866,46866,46866,Marten de Roon,active,46866,52878295217938,46866,46866,46866
46879,46879,46879,Memphis Depay,active,46879,52888764200735,46879,46879,46879
46925,46925,46925,Gustavo Henrique,active,46925,53971632830285,46925,46925,46925
46941,46941,46941,Ridgeciano Haps,active,46941,46941,46941,46941,46941
46969,46969,46969,Thomas Kaminski,active,46969,46969,46969,,46969
46978,46978,46978,Björn Engels,active,46978,46978,46978,,46978
46979,46979,46979,Birger Verstraete,active,46979,46979,46979,,46979
46988,46988,46988,Paul Nardi,active,46988,46988,46988,,46988
46989,555307,555307,Marcel Clarey,active,8435597,8435597,555307,,
47007,47007,47007,Alfred Duncan,active,47007,47007,47007,,47007
47016,47016,47016,Alex McCarthy,active,47016,47016,47016,47016,47016
47046,47046,47046,Adrien Thomasson,active,47046,47046,47046,,47046
47049,47049,47049,Rachid Ghezzal,active,47049,105650289948617,47049,47049,47049
47051,47051,47051,Adrien Rabiot,active,47051,55069802280907,47051,47051,47051
47070,47070,47070,Luke Shaw,active,47070,55070607587294,47070,47070,47070
47076,47076,47076,Andreas Cornelius,active,47076,47076,47076,47076,47076
47077,47077,555332,Jakob Busk,active,47077,47077,47077,,
47086,47086,47086,Salih Uçan,active,47086,105635525998574,47086,,47086
47089,47089,47089,Nicky Devlin,active,47089,53876606679025,47089,,47089
47128,47128,47128,Rafael Tolói,active,47128,105625593886744,47128,47128,47128
47129,47129,47129,João Schmidt,active,47129,105841952864281,47129,,47129
47136,47136,47136,Lucas Castro,active,47136,47136,47136,47136,47136
47143,47143,47143,Wladimiro Falcone,active,47143,52886348281895,47143,,47143
47147,47147,47147,Davy Roef,active,47147,47147,47147,,47147
47151,47151,47151,David Douline,active,47151,47151,47151,,47151
47160,47160,555336,Andreas Gianniotis,active,47160,47160,47160,,
47162,47162,47162,Sead Kolašinac,active,47162,47162,47162,47162,47162
47179,47179,47179,Paulo Dybala,active,47179,52879100524619,47179,47179,47179
47190,47190,47190,Alessio Romagnoli,active,47190,52778437228630,47190,47190,47190
47200,47200,555340,Jannich Storch,active,47200,47200,47200,,
47209,101459,101459,Faris Hidayatullah,active,8435817,8435817,101459,,101459
47215,47215,47215,Rui Silva,active,47215,52875879299183,47215,47215,47215
47224,47224,47224,Frederico Venâncio,active,47224,47224,47224,,47224
47233,47233,47233,Marcus Fraser,active,47233,47233,47233,,47233
47235,47235,555347,Curtis Good,active,47235,47235,47235,,
47237,47237,47237,Paulo Gazzaniga,active,47237,52874805557381,47237,,47237
47238,47238,47238,Nathaniel Clyne,active,47238,47238,47238,47238,47238
47241,47241,47241,Ximo Navarro,active,47241,47241,47241,,47241
47242,42586,42586,Kepa Arrizabalaga,active,47242,52778974099594,42586,,42586
47248,47248,47248,Léo Baptistão,active,47248,47248,47248,47248,47248
47250,47250,47250,Adrián,active,47250,47250,47250,47250,47250
47286,47286,47286,Jordan Pickford,active,47286,52888227330230,47286,47286,47286
47287,47287,47287,Harry Kane,active,47287,52891448555703,47287,47287,47287
47359,555613,555613,Michael Webster,active,8435967,8435967,555613,,
47374,47374,47374,Piotr Zieliński,active,47374,55071949764878,47374,47374,47374
47375,47375,47375,John Egan,active,47375,47375,47375,47375,47375
47376,47376,47376,Lucas Andersen,active,47376,47376,47376,47376,47376
47396,47396,47396,Marcelo Brozović,active,16824612,105554190055716,47396,47396,47396
47398,47398,47398,Emiliano Marcondes,active,47398,47398,47398,,47398
47405,555666,555666,Jonny,active,47405,47405,555666,,
47406,47406,47406,Rubén García,active,47406,105586939181358,47406,,47406
47414,47414,47414,Marko Bakić,active,47414,47414,47414,,47414
47417,47417,47417,Jackson Irvine,active,47417,56166092683577,47417,,47417
47419,47419,47419,Maxime Colin,active,47419,47419,47419,,47419
47425,555669,555669,Edmond Boismortier,active,8436033,8436033,555669,,
47426,47426,555673,Jérôme Roussillon,active,47426,47426,47426,,
47427,47427,47427,Clinton Njie,active,47427,47427,47427,47427,47427
47429,47429,47429,Neal Maupay,active,47429,47429,47429,47429,47429
47431,47431,47431,Eric Dier,active,47431,52885274540359,47431,47431,47431
47432,47432,47432,Ricardo Esgaio,active,47432,47432,47432,,47432
47445,47445,47445,Richairo Živković,active,47445,47445,47445,,47445
47456,47456,47456,Luciano,active,47456,55069533845856,47456,,47456
47470,126091,126091,Mayke,active,47470,47470,126091,,126091
47522,47522,47522,Aymeric Laporte,active,47522,105852958718370,47522,47522,47522
47523,47523,47523,Roger Martí,active,47523,47523,47523,47523,47523
47524,47524,47524,Florian Lejeune,active,47524,55068728539556,47524,,47524
47529,47529,47529,Brice Samba,active,47529,52882053314985,47529,,47529
47543,47543,47543,Bruma,active,47543,52847156705719,47543,47543,47543
47550,47550,47550,Karl-Johan Johnsson,active,47550,47550,47550,47550,47550
47583,47583,47583,Lucas Janson,active,47583,47583,47583,,47583
47589,47589,555715,Érik Godoy,active,47589,47589,47589,,
47594,47594,555771,Rubén Botta,active,47594,47594,47594,,
47611,555794,555794,Federico Gino,active,47611,47611,555794,,
47648,121008,121008,Raffaele Di Gennaro,active,47648,47648,121008,,121008
47655,47655,47655,Francisco Calvo,active,47655,53972169701927,47655,,47655
47669,47669,556187,Julián,active,47669,47669,47669,,
47670,47670,47670,Pablo Insua,active,47670,47670,47670,,47670
47671,47671,47671,Rubén Peña,active,47671,47671,47671,,47671
47675,556309,556309,Anaitz Arbilla,active,47675,47675,556309,,
47688,47688,556423,Jean Marcel Grimblat,active,8436296,8436296,47688,,
47698,47698,47698,Alen Halilović,active,47698,47698,47698,47698,47698
47702,106539,106539,Andy Nájar,active,47702,47702,106539,,106539
47705,47705,47705,Michael Brouwer,active,47705,47705,47705,,47705
47727,47727,47727,Alex Telles,active,47727,47727,47727,47727,47727
47772,47772,556427,Yimmi Chará,active,47772,47772,47772,,
47774,47774,47774,Danovis Banguero,active,47774,47774,47774,,47774
47775,47775,47775,David Silva,active,47775,47775,47775,,47775
47785,47785,47785,John Stones,active,47785,56167703296681,47785,47785,47785
47786,47786,47786,Mario Lemina,active,47786,52895743523498,47786,47786,47786
47787,47787,47787,João Cancelo,active,47787,52778168793771,47787,47787,47787
47806,47806,556447,Josip Ćalušić,active,47806,47806,47806,,
47813,47813,47813,Matías Zaldivia,active,47813,47813,47813,,47813
47816,47816,47816,Dany Rosero,active,47816,47816,47816,,47816
47825,47825,47825,Lucas Romero,active,47825,47825,47825,,47825
47830,47830,47830,Lisandro Magallán,active,47830,53967337863894,47830,47830,47830
47834,47834,47834,Milton Casco,active,47834,47834,47834,47834,47834
47836,47836,47836,Rodrigo Rey,active,47836,47836,47836,,47836
47920,47920,47920,Guillermo Varela,active,47920,105762764405552,47920,,47920
47943,47943,556487,Lorenzo Reyes,active,47943,47943,47943,,
47959,47959,47959,Brayan Cortés,active,47959,47959,47959,,47959
47965,47965,556522,Pedro Franco,active,47965,47965,47965,,
47984,47984,47984,Didier Moreno,active,47984,47984,47984,,47984
47988,47988,47988,Camilo Vargas,active,47988,105653242739572,47988,,47988
47996,47996,47996,Julián Quiñónes,active,47996,47996,47996,,47996
47999,47999,47999,Daniel Torres,active,47999,47999,47999,,47999
48000,48000,48000,Eder Chaux,active,48000,48000,48000,,48000
48009,48009,48009,Ángel Romero,active,48009,48009,48009,48009,48009
48012,48012,556568,Jorge Recalde,active,48012,48012,48012,,
55400,55400,55400,Cristoforo Trussardi,active,55400,55400,55400,,55400
55401,55401,55401,Mirza Çiçek,active,55401,55401,55401,,55401
55402,55402,55402,Edwars Disraeli,active,55402,55402,55402,,55402
55403,55403,55403,P.Simon Lucienbonnet,active,55403,55403,55403,,55403
55404,55404,55404,Rufus Schinner,active,55404,55404,55404,,55404
55405,55405,55405,Vic Biggs,active,55405,55405,55405,,55405
55406,55406,55406,Duncan Nicoll,active,55406,55406,55406,,55406
55407,55407,55407,Hermen van Vliet,active,55407,55407,55407,,55407
55408,55408,55408,Dirck Hulkenberg,active,55408,55408,55408,,55408
55409,55409,55409,J. Manuel Zarandona,active,55409,55409,55409,,55409
55410,556590,556590,Jarabe Balada,active,55410,55410,556590,,
55411,55411,55411,Pepe Herralde,active,55411,55411,55411,,55411
55412,55412,55412,Jose Maria Uranga,active,55412,55412,55412,,55412
55413,55413,55413,Braulio Pitaruga,active,55413,55413,55413,,55413
55414,55414,55414,Eberhard Hitzfeld,active,55414,55414,55414,,55414
55415,55415,55415,Quiqe Medem,active,55415,55415,55415,,55415
55416,55416,55416,Abel Strjom,active,55416,55416,55416,,55416
55417,55417,55417,Zack Bayes,active,55417,55417,55417,,55417
55418,55418,55418,Umit Bayram,active,55418,55418,55418,,55418
55419,55419,55419,Pep Carpintero,active,55419,55419,55419,,55419
55420,55420,55420,Gilbert Peiffer,active,55420,55420,55420,,55420
55421,55421,55421,Fausto Aduritz,active,55421,55421,55421,,55421
55422,55422,55422,Eckehard Utz,active,55422,55422,55422,,55422
55423,55423,55423,Vandenberg Prins,active,55423,55423,55423,,55423
55424,55424,55424,Évrard Vachon,active,55424,55424,55424,,55424
55425,55425,55425,Abel Castel,active,55425,55425,55425,,55425
55426,55426,55426,Werther Ewald,active,55426,55426,55426,,55426
55427,55427,55427,Olaf Lincke,active,55427,55427,55427,,55427
55428,55428,55428,Sandy Upshaw,active,55428,55428,55428,,55428
55429,55429,55429,Kim Byron,active,55429,55429,55429,,55429
55430,55430,55430,Coriolano Mazzarelli,active,55430,55430,55430,,55430
55431,55431,55431,Aubrey Lear,active,55431,55431,55431,,55431
55432,55432,55432,Hampus Sundqvist,active,55432,55432,55432,,55432
55433,55433,55433,Jose Francisco Terra,active,55433,55433,55433,,55433
55434,55434,55434,Jean Yves Glenn,active,55434,55434,55434,,55434
55435,55435,55435,Benoit Letts,active,55435,55435,55435,,55435
55436,55436,55436,Erwan Maignan,active,55436,55436,55436,,55436
55437,55437,55437,Nils Gaultier,active,55437,55437,55437,,55437
55438,55438,55438,Eugen Ruthenfranz,active,55438,55438,55438,,55438
55439,55439,55439,Joa Navarro,active,55439,55439,55439,,55439
55440,55440,55440,Volodia Grishin,active,55440,55440,55440,,55440
55441,55441,55441,Basil Wickham,active,55441,55441,55441,,55441
55442,55442,55442,Archie McNish,active,55442,55442,55442,,55442
55443,55443,55443,Erno Inkinen,active,55443,55443,55443,,55443
55444,55444,55444,Yoann Mesquida,active,55444,55444,55444,,55444
55445,55445,55445,Kenzie Deech,active,55445,55445,55445,,55445
57011,57011,57011,Jesse Joronen,active,57011,57011,57011,57011,57011
57025,57025,57025,Alexandru Maxim,active,57025,105650289958593,57025,57025,57025
57042,115005,115005,Farahani Tehrani,active,8445650,50388690,115005,,115005
57088,57088,556600,Shad Faroqh,active,8445696,8445696,57088,,
57099,57099,57099,Chanathip Songkrasin,active,57099,88041460915979,57099,57099,57099
57100,57100,57100,Narubadin W.,active,57100,57100,57100,57100,57100
57101,556601,556601,Piyaphon P.,active,57101,57101,556601,,
57106,57106,556627,Abu Bin Fahd,active,8445714,8445714,57106,,
57123,57123,57123,Mohamed Salah,active,57123,56163139903267,57123,57123,57123
57133,57133,57133,Yassine Bounou,active,57133,56167434870573,57133,57133,57133
57214,57214,57214,Marc-Aurèle Caillard,active,57214,57214,57214,,57214
57255,57255,57255,Maxime Dupé,active,57255,52787295608743,57255,,57255
57304,57304,57304,Sadio Mané,active,16834520,52779510980568,57304,57304,57304
57309,57309,57309,Tim Payne,active,57309,57309,57309,,57309
57312,57312,57312,Abdul Rahman Baba,active,57312,57312,57312,57312,57312
57330,57330,57330,Raúl Jiménez,active,57330,56165555822578,57330,57330,57330
57340,57340,57340,Deniz Türüç,active,57340,53972169711612,57340,57340,57340
57349,57349,57349,Gerard Moreno,active,57349,52781926899717,57349,57349,57349
57350,57350,57350,Moi Gómez,active,57350,105653511184390,57350,,57350
57352,57352,57352,Manu Trigueros,active,57352,105571638370312,57352,57352,57352
57353,57353,57353,Dani Carvajal,active,57353,52871315906569,57353,57353,57353
57393,57393,57393,Mathew Leckie,active,57393,57393,57393,57393,57393
57395,57395,57395,Kei Ishikawa,active,57395,57395,57395,,57395
57407,57407,57407,Takashi Usami,active,57407,53878754172991,57407,57407,57407
57408,556673,556673,Ryan McGowan,active,57408,57408,556673,,
57418,57418,57418,Marllon,active,57418,55069533855818,57418,,57418
57433,57433,57433,Fred,active,57433,52867826245721,57433,57433,57433
58491,58491,58491,Tanasak Srisai,active,58491,58491,58491,,58491
58495,58495,58495,Adisak Kraisorn,active,58495,105646598972543,58495,,58495
58503,58503,58503,Mathew Ryan,active,58503,52882321761415,58503,58503,58503
58509,101659,101659,Mitchell Duke,active,58509,105786118300813,101659,,101659
58518,556674,556674,Thitiphan Puangchan,active,58518,53881170093206,556674,,
58522,556683,556683,Siwakorn C.,active,58522,58522,556683,,
58594,58594,58594,Bartosz Bereszyński,active,58594,58594,58594,58594,58594
58617,58617,58617,Ozan Tufan,active,58617,58617,58617,58617,58617
58624,58624,58624,Furkan Soyalp,active,58624,58624,58624,,58624
58629,100635,100635,Hou Boyu,active,8447237,105713422624005,100635,,100635
58633,58633,58633,Alexander Schlager,active,58633,58633,58633,58633,58633
58645,58645,58645,Edin Višća,active,58645,53972975019285,58645,58645,58645
58646,58646,58646,Peter Ankersen,active,58646,58646,58646,58646,58646
58653,58653,58653,Arkadiusz Milik,active,58653,105662637991197,58653,58653,58653
58666,58666,58666,Santos,active,58666,58666,58666,58666,58666
58668,556721,556721,Gustavo Vasconcelos,active,8447276,8447276,556721,,
58691,58691,58691,Gabriel Paulista,active,58691,105741558015299,58691,58691,58691
58692,58692,58692,Gustavo,active,58692,105731357467972,58692,,58692
58747,58747,58747,Thiago Mendes,active,58747,58747,58747,58747,58747
58765,58765,58765,Lucas Evangelista,active,58765,55061480793485,58765,,58765
58792,58792,556724,Willian Oliveira,active,58792,58792,58792,,
58793,556749,556749,Dení Júnior,active,58793,105812961846697,556749,,
58821,58821,58821,Dennis Murillo,active,58821,58821,58821,,58821
58839,58839,58839,José María Giménez,active,58839,52894132921815,58839,58839,58839
58840,556773,556773,José Luis Morales,active,58840,52849841071576,556773,,
58888,113067,113067,Yaghub Wazir,active,8447496,8447496,113067,,113067
58955,58955,556788,Sina Nader,active,8447563,8447563,58955,,
58967,540394,540394,Hassan Hamza,active,16836183,16836183,540394,,540394
59011,59011,556837,Rashid Sultan,active,8447619,8447619,59011,,
59025,114026,114026,Najafi Akbariparast,active,8447633,105714731247249,114026,,114026
59037,59037,556843,Shad Fahid,active,8447645,8447645,59037,,
59048,59048,556847,Roy Webb,active,8447656,8447656,59048,,
59055,59055,556874,Brian Auckland,active,8447663,105714496366255,59055,,
59142,556883,556883,Pieros Sotiriou,active,59142,105660222072582,556883,,
59143,59143,59143,Kostakis Artymatas,active,59143,59143,59143,,59143
59179,59179,59179,Erick Pulgar,active,59179,59179,59179,59179,59179
59191,59191,59191,Juan Cornejo,active,59191,59191,59191,,59191
59196,59196,59196,Diego Valdés,active,59196,53880096352060,59196,,59196
59200,59200,59200,Osvaldo Bosso,active,59200,59200,59200,,59200
59207,556906,556906,Sebastián Sáez,active,59207,59207,556906,,
59265,59265,59265,Claudio Baeza,active,59265,105653242750849,59265,,59265
59268,556916,556916,Luis Pavez,active,59268,59268,556916,,
59270,59270,59270,Ariel Martínez,active,59270,59270,59270,,59270
59333,59333,59333,Cristián Cuevas,active,59333,59333,59333,,59333
59353,59353,59353,Darío Melo,active,59353,59353,59353,,59353
59354,59354,59354,Felipe Campos,active,59354,59354,59354,,59354
59356,59356,59356,Paulo Díaz,active,59356,52887153600476,59356,59356,59356
59405,556941,556941,Ronnie Fernández,active,59405,59405,556941,,
59407,59407,59407,Óscar Opazo,active,59407,59407,59407,59407,59407
59415,59415,59415,Diego Sánchez,active,59415,59415,59415,,59415
59418,59418,59418,Tomás Asta-Buruaga,active,59418,59418,59418,,59418
59443,59443,59443,Bernardo Cerezo,active,59443,59443,59443,,59443
59445,59445,59445,Rodrigo Echeverría,active,59445,59445,59445,,59445
59450,59450,59450,Claudio Sepúlveda,active,59450,59450,59450,,59450
59458,59458,59458,Jorginho,active,59458,52852793862210,59458,59458,59458
59481,59481,59481,Domenico Berardi,active,59481,52898427889753,59481,59481,59481
59485,59485,556945,Mirko Salvi,active,59485,59485,59485,,
59486,59486,59486,Fabian Schär,active,59486,59486,59486,59486,59486
59510,557008,557008,Jesé Rodríguez,active,59510,59510,557008,,
59545,540744,540744,Mateus Lima,active,59545,59545,540744,,540744
59547,59547,59547,Pierre Højbjerg,active,59547,52901380679835,59547,59547,59547
59548,59548,59548,Kaan Ayhan,active,59548,56164482082972,59548,59548,59548
59560,59560,59560,Niklas Lomb,active,59560,59560,59560,,59560
59589,59589,59589,Alireza Jahanbakhsh,active,59589,50391237,59589,59589,59589
59595,59595,59595,Riechedly Bazoer,active,59595,59595,59595,59595,59595
59596,59596,59596,Kenny Tete,active,59596,105624520157388,59596,59596,59596
59616,59616,557052,Andries Noppert,active,59616,52780316289248,59616,,
59632,59632,59632,A. Trajkovski,active,59632,59632,59632,59632,59632
59634,59634,557053,Jeremy Bokila,active,59634,59634,59634,,
59646,59646,59646,Dimitrios Kourbelis,active,59646,59646,59646,,59646
59657,59657,59657,Tasos Bakasetas,active,59657,52875342440713,59657,,59657
59706,59706,59706,Tomasz Kędziora,active,59706,59706,59706,59706,59706
59722,59722,59722,Hayao Kawabe,active,59722,105710956374346,59722,59722,59722
59724,59724,59724,Kazuya Miyahara,active,59724,105787192043852,59724,59724,59724
59725,59725,557061,Brayan Perea,active,59725,59725,59725,,
59749,59749,59749,Yannick Bolasie,active,59749,59749,59749,59749,59749
59766,59766,59766,Nathan Aké,active,59766,59766,59766,59766,59766
59767,59767,59767,Robbie Brady,active,59767,59767,59767,59767,59767
59787,557064,557064,Declan John,active,59787,59787,557064,,
59796,59796,59796,Alex Gogić,active,59796,59796,59796,,59796
59797,59797,59797,Jacob Murphy,active,59797,52895743535509,59797,,59797
59801,59801,59801,Youri Tielemans,active,59801,56165555825049,59801,59801,59801
59802,59802,59802,Leander Dendoncker,active,59802,105566269663642,59802,59802,59802
59806,59806,59806,Chancel Mbemba,active,59806,52783537514910,59806,,59806
59840,59840,59840,Laurent Abergel,active,59840,55067117939136,59840,,59840
59842,59842,59842,Morgan Sanson,active,59842,59842,59842,59842,59842
59848,557066,557066,Vernon De Van,active,8448456,8448456,557066,,
59877,114525,114525,Jafar Tayeb,active,8448485,105646330538469,114525,,114525
59904,557068,557068,Saad Al Sheeb,active,16837120,8448512,557068,,
59948,59948,557070,Darwin Quintero,active,59948,59948,59948,,
59949,59949,59949,Carlos Zambrano,active,59949,59949,59949,,59949
59952,540507,540507,Hassan Al Haydos,active,16837168,8448560,540507,,540507
59964,59964,557092,Josef Martínez,active,59964,59964,59964,,
59978,59978,59978,Theerathon Bunmathan,active,59978,106739601041994,59978,59978,59978
59993,59993,59993,Emerson Palmieri,active,59993,59993,59993,59993,59993
59997,58520,58520,Bud Mendes,active,8448605,8448605,58520,,58520
60029,60029,557113,Axel Werner,active,60029,60029,60029,,
60059,60059,60059,Gerónimo Rulli,active,60059,52879637408411,60059,60059,60059
60060,60060,60060,Duván Zapata,active,60060,55067923245724,60060,60060,60060
60062,60062,60062,Guido Carrillo,active,60062,60062,60062,,60062
60095,60095,60095,Julián Fernández,active,60095,60095,60095,,60095
60109,60109,60109,Walter Benítez,active,60109,70380286962381,60109,60109,60109
60134,60134,60134,Fernando Zuqui,active,60134,60134,60134,,60134
60139,60139,60139,Gabriel Graciani,active,60139,60139,60139,,60139
60143,60143,60143,Lucas Alario,active,60143,60143,60143,60143,60143
60151,60151,60151,Germán Conti,active,60151,60151,60151,,60151
60155,60155,557116,Fernando Meza,active,60155,60155,60155,,
60159,60159,557132,Wálter Kannemann,active,60159,105712566987519,60159,,
60167,60167,557317,Matías Catalán,active,60167,60167,60167,,
60168,60168,60168,Ángel Correa,active,60168,52778705677064,60168,60168,60168
60169,60169,60169,Rodrigo Contreras,active,60169,60169,60169,,60169
60171,60171,60171,Lucas Menossi,active,60171,60171,60171,,60171
60201,60201,60201,Renzo Saravia,active,60201,55068191681321,60201,60201,60201
60220,60220,60220,Gonzalo Escalante,active,60220,60220,60220,60220,60220
60223,60223,557363,Agustín García Basso,active,60223,60223,60223,,
60238,60238,60238,Juan Musso,active,60238,52896011971406,60238,60238,60238
60241,60241,60241,Rodrigo De Paul,active,60241,52851451685713,60241,60241,60241
60250,557367,557367,Nicolás Avellaneda,active,60250,60250,557367,,
60254,60254,60254,Nicolás Pasquini,active,60254,60254,60254,,60254
60262,125880,125880,Matías Kranevitter,active,60262,60262,125880,,125880
60265,60265,60265,Augusto Solari,active,60265,60265,60265,,60265
60299,60299,60299,Ignacio Fernández,active,60299,52782732209035,60299,60299,60299
60305,60305,60305,Roberto Bochi,active,60305,60305,60305,,60305
60308,121297,121297,Maximiliano Meza,active,60308,105553116326804,121297,,121297
60337,60337,60337,Leonardo Gil,active,60337,60337,60337,,60337
60345,557391,557391,Christian Mafla,active,60345,60345,557391,,
60347,557392,557392,Ezequiel Cerutti,active,60347,60347,557392,,
60360,60360,60360,Jeremías Ledesma,active,60360,52778437241800,60360,,60360
60365,60365,60365,Rafael Delgado,active,60365,60365,60365,,60365
60380,60380,60380,Leon Goretzka,active,60380,52850377944028,60380,60380,60380
60381,43301,43301,Jindřich Staněk,active,60381,52888764214237,43301,,43301
60387,60387,60387,Lucas Pérez,active,60387,60387,60387,60387,60387
60391,60391,60391,Rafa Silva,active,60391,55069265423335,60391,60391,60391
60424,60424,60424,Johan Mojica,active,60424,60424,60424,60424,60424
60425,60425,60425,Álvaro García,active,60425,55067654810633,60425,,60425
60446,60446,60446,Kingsley Coman,active,16837662,52882053327902,60446,60446,60446
60447,60447,60447,Mike Maignan,active,60447,52886616730655,60447,60447,60447
60451,60451,60451,Arthur Masuaku,active,60451,53972975021091,60451,60451,60451
60461,60461,60461,Wesley Saïd,active,60461,52898159455277,60461,,60461
60466,60466,60466,Marco Sportiello,active,60466,60466,60466,,60466
60468,60468,60468,Alex Ferrari,active,60468,60468,60468,,60468
60477,103570,103570,Dusty Granov,active,8449085,8449085,103570,,103570
60486,557398,557398,Joshua Brenet,active,60486,60486,557398,,
60494,60494,60494,Andrea Petagna,active,60494,60494,60494,60494,60494
60495,60495,60495,Gennaro Tutino,active,60495,60495,60495,,60495
60502,60502,60502,Łukasz Skorupski,active,60502,52785416563798,60502,60502,60502
60505,60505,557402,Paweł Wszołek,active,60505,60505,60505,,
60510,60510,60510,Silvan Widmer,active,60510,105623446416478,60510,,60510
60512,60512,60512,Bruno Fernandes,active,60512,55068460117088,60512,60512,60512
60519,60519,60519,John Lundstram,active,60519,105627204512871,60519,60519,60519
60523,114290,114290,Zeng Huiyi,active,8449131,105772209990763,114290,,114290
60525,60525,557447,Lloyd Jones,active,60525,60525,60525,,
60529,557472,557472,Sergi Darder,active,60529,105653511187569,557472,,
60530,540574,540574,Federico Cartabia,active,16837746,16837746,540574,,540574
60534,60534,60534,Adnan Januzaj,active,60534,60534,60534,60534,60534
60538,60538,60538,Liam Henderson,active,60538,60538,60538,,60538
60550,60550,60550,Allan Saint-Maximin,active,60550,52785148128390,60550,60550,60550
60554,557473,557473,Nastunye Balaban,active,8449162,8449162,557473,,
60556,118706,118706,Germán Parreño,active,60556,60556,118706,,118706
60558,60558,60558,Rubén Blanco,active,60558,60558,60558,,60558
60560,60560,60560,Simone Scuffet,active,60560,60560,60560,60560,60560
60563,60563,60563,Keita Baldé,active,60563,60563,60563,60563,60563
60579,60579,60579,Dilan Zúñiga,active,60579,60579,60579,,60579
60583,60583,60583,Nicolás Vargas,active,60583,60583,60583,,60583
60587,60587,60587,Juan Fuentes,active,60587,60587,60587,,60587
60596,110652,110652,Pablo Vegetti,active,60596,55068191681716,110652,,110652
60618,60618,60618,Deyverson,active,60618,60618,60618,60618,60618
60621,60621,60621,Adrien Hunou,active,60621,60621,60621,,60621
60622,60622,60622,Martin Braithwaite,active,60622,55069533859022,60622,60622,60622
60631,60631,60631,Ignacio Pussetto,active,60631,60631,60631,,60631
60653,60653,60653,Nehuén Paz,active,60653,60653,60653,,60653
60657,60657,60657,Jonathan Calleri,active,60657,53972438150385,60657,,60657
60663,60663,60663,José Palomino,active,60663,60663,60663,60663,60663
60668,60668,60668,Jonatan Gómez,active,60668,60668,60668,,60668
60675,60675,60675,Ramiro Carrera,active,60675,60675,60675,,60675
60677,60677,60677,Lucas Acosta,active,60677,60677,60677,,60677
60684,60684,557513,Claudio Aquino,active,60684,60684,60684,,
60687,60687,60687,Rodrigo Battaglia,active,60687,60687,60687,60687,60687
60694,60694,60694,Giovanni Simeone,active,60694,52782732209430,60694,60694,60694
60709,60709,60709,José Sá,active,60709,52788906224933,60709,60709,60709
60711,60711,60711,Marcos Bolados,active,60711,60711,60711,,60711
60719,60719,60719,Álvaro Madrid,active,60719,60719,60719,,60719
60732,60732,60732,Ivan Balliu,active,60732,60732,60732,,60732
60738,60738,60738,Ricardo Horta,active,60738,70377602608450,60738,,60738
60754,60754,60754,Samuel Portugal,active,60754,60754,60754,,60754
60761,60761,60761,Erik Lima,active,60761,53975122505049,60761,60761,60761
60763,60763,60763,Wendell,active,60763,52852256992603,60763,60763,60763
60776,630897,630897,Bruno Henrique,active,60776,53974854069608,630897,,630897
60789,60789,60789,Victor Luís,active,60789,60789,60789,,60789
60815,60815,60815,Israel Poblete,active,60815,60815,60815,,60815
60817,60817,60817,César Pinares,active,60817,60817,60817,,60817
60835,60835,60835,Roberto Gagliardini,active,60835,60835,60835,60835,60835
60847,557526,557526,Guillot Lipietz,active,8449455,8449455,557526,,
60865,60865,60865,Nathaniel Chalobah,active,60865,60865,60865,60865,60865
60875,60875,60875,David Costas,active,60875,60875,60875,,60875
60876,61327,61327,Jhon Córdoba,active,60876,60876,61327,,61327
60878,60878,60878,Stole Dimitrievski,active,60878,52890106392014,60878,60878,60878
60879,60879,60879,Adri Embarba,active,60879,60879,60879,,60879
60880,60880,60880,Marco Sangalli,active,60880,60880,60880,,60880
60891,60891,60891,Diego Oyarzún,active,60891,60891,60891,,60891
60898,60898,60898,Nelson Espinoza,active,60898,60898,60898,,60898
60905,60905,60905,Théo Defourny,active,60905,60905,60905,,60905
60906,60906,60906,Corentin Tolisso,active,60906,60906,60906,60906,60906
60911,60911,60911,Mory Diaw,active,60911,60911,60911,,60911
60912,60912,60912,Marco Ilaimaharitra,active,60912,60912,60912,,60912
60914,60914,60914,Jairo Riedewald,active,60914,60914,60914,60914,60914
60922,60922,60922,Bertrand Traoré,active,60922,60922,60922,60922,60922
60924,60924,60924,Ryan Thomas,active,60924,60924,60924,,60924
60928,60928,60928,Julian Brandt,active,60928,52900038503936,60928,60928,60928
60960,60960,60960,Rafael Thyere,active,60960,55069533859360,60960,,60960
60961,60961,60961,Cláudio Winck,active,60961,55070876036641,60961,,60961
60962,60962,60962,João Afonso,active,60962,60962,60962,,60962
60972,60972,60972,Fernando Miguel,active,60972,60972,60972,,60972
60977,60977,60977,Nicolás Orellana,active,60977,60977,60977,,60977
60982,60982,60982,Gabriel Castellón,active,60982,60982,60982,,60982
61012,61012,61012,Guillermo Maripán,active,61012,70376528866900,61012,,61012
61035,61035,61035,Sebastián Driussi,active,61035,53878217305707,61035,61035,61035
61036,61036,61036,Elías Gómez,active,61036,61036,61036,,61036
61044,61044,557546,Zacharie Boucher,active,61044,61044,61044,,
61048,61048,61048,Carlos Mané,active,61048,53973780328056,61048,,61048
61049,61049,61049,Wilder Cartagena,active,61049,61049,61049,,61049
61050,61050,61050,Adama Traoré,active,61050,70373307641466,61050,61050,61050
61053,61053,61053,Cristian Herrera,active,61053,61053,61053,,61053
61056,557554,557554,Diego Llorente,active,61056,61056,557554,,
61058,61058,61058,José Gayà,active,61058,55070339165826,61058,61058,61058
61068,61068,61068,Daley Sinkgraven,active,61068,61068,61068,61068,61068
61080,61080,61080,Sam Gallagher,active,61080,61080,61080,,61080
61089,557579,557579,Philander Bimiller,active,8449697,8449697,557579,,
61098,61098,61098,Leonel Di Plácido,active,61098,61098,61098,,61098
61104,61104,61104,Franco Leys,active,61104,61104,61104,,61104
61106,61106,557589,Nahuel Losada,active,61106,61106,61106,,
61116,61116,61116,Ezequiel Unsain,active,61116,61116,61116,,61116
61117,61117,557616,Franco Escobar,active,61117,61117,61117,,
61118,61118,557719,F. Fydriszewski,active,61118,61118,61118,,
61125,61125,557765,Juan Dinenno,active,61125,105626667642565,61125,,
61130,61130,61130,Emanuel Mammana,active,61130,61130,61130,61130,61130
61139,61139,61139,Adaílton,active,61139,53945594605267,61139,61139,61139
61141,61141,557779,Nicolas Saint-Ruf,active,61141,61141,61141,,
61145,61145,61145,Aarón Escandell,active,61145,55070339165913,61145,,61145
61147,61147,61147,Pau López,active,61147,61147,61147,61147,61147
61149,61149,61149,Carlos Fernández,active,61149,105650558398173,61149,,61149
61155,61155,557843,Lasse Nielsen,active,61155,61155,61155,,
61164,61164,61164,Antonio Sanabria,active,61164,61164,61164,61164,61164
61175,61175,61175,Tom Ince,active,61175,61175,61175,61175,61175
61177,61177,61177,Dan Burn,active,61177,52882590199545,61177,,61177
61182,61182,61182,Harrison Reed,active,61182,61182,61182,,61182
61183,557845,557845,Nabil Bentaleb,active,61183,61183,557845,,
61214,61214,61214,Léo Pereira,active,61214,53984249311006,61214,,61214
61259,61259,61259,Taro Sugimoto,active,61259,61259,61259,61259,61259
61260,557921,557921,Massud Hamidullah,active,8449868,8449868,557921,,
61266,61266,61266,Shinnosuke Nakatani,active,61266,53980491214674,61266,61266,61266
61267,61267,61267,Yoshinori Muto,active,61267,53881438531411,61267,61267,61267
61269,61269,61269,Kentaro Kakoi,active,61269,61269,61269,61269,61269
61270,61270,61270,Riku Matsuda,active,61270,61270,61270,61270,61270
61271,61271,61271,Shogo Taniguchi,active,61271,106783356022615,61271,61271,61271
61273,61273,61273,Jun Amano,active,61273,105651632140121,61273,61273,61273
61276,61276,61276,Hokuto Shimoda,active,61276,105786655174492,61276,61276,61276
61277,61277,61277,Sho Inagaki,active,61277,53976733118301,61277,61277,61277
61281,61281,61281,Kei Koizumi,active,61281,105781286465377,61281,61281,61281
61287,61287,61287,Tomoya Koyamatsu,active,61287,61287,61287,61287,61287
61288,61288,61288,Ryota Aoki,active,61288,53970290667368,61288,61288,61288
61307,61307,61307,Eisuke Fujishima,active,61307,61307,61307,61307,61307
61312,61312,61312,Hiroyuki Mae,active,61312,53945057734528,61312,61312,61312
61313,61313,61313,Koya Yuruki,active,61313,53879559483265,61313,61313,61313
61314,61314,61314,Rikuto Hirose,active,61314,105632573222786,61314,61314,61314
61316,61316,61316,Eiji Shirai,active,61316,105706929844100,61316,61316,61316
61318,61318,61318,Eduardo,active,61318,53881706966918,61318,61318,61318
61321,61321,61321,Ado Onaiwu,active,61321,105736726179721,61321,61321,61321
61322,61322,61322,Shinnosuke Hatanaka,active,61322,53879559483274,61322,61322,61322
61325,61325,61325,Koki Anzai,active,61325,53969216925581,61325,61325,61325
61333,61333,61333,Yuto Misao,active,61333,61333,61333,61333,61333
61335,61335,61335,Yuji Kajikawa,active,61335,61335,61335,61335,61335
61336,61336,61336,Kosuke Shirai,active,61336,105721693794200,61336,,61336
61337,61337,61337,Shota Fukuoka,active,61337,105753369178009,61337,61337,61337
61355,61355,61355,Eiichi Katayama,active,61355,61355,61355,61355,61355
61384,61384,557957,Tatsunari Nagai,active,61384,61384,61384,,
61385,61385,61385,Takashi Sawada,active,61385,61385,61385,61385,61385
61397,61397,61397,Patric,active,61397,61397,61397,,61397
61402,61402,61402,Franco Cervi,active,61402,61402,61402,61402,61402
61405,61405,61405,João Camacho,active,61405,61405,61405,,61405
61414,61414,61414,Kim Seung-Gyu,active,61414,105644451491814,61414,61414,61414
61444,557972,557972,Pan Binzhao,active,8450052,105644719927300,557972,,
61447,61447,557988,Tinga,active,61447,61447,61447,,
61451,61451,61451,Everton,active,61451,61451,61451,61451,61451
61457,61457,61457,Edwin Cardona,active,61457,61457,61457,61457,61457
61468,61468,61468,Yerry Mina,active,61468,61468,61468,61468,61468
61473,557990,557990,Pacha Espino,active,61473,61473,557990,,
61475,61475,61475,Junior Alonso,active,61475,61475,61475,,61475
61492,61492,61492,Stiven Mendoza,active,61492,61492,61492,,61492
61494,558015,558015,Gustavo Cuéllar,active,61494,53979149037622,558015,,
61503,61503,61503,Fáiner Torijano,active,61503,61503,61503,,61503
61505,558027,558027,Johan Wallens,active,61505,61505,558027,,
61510,61510,61510,Andrés Roa,active,61510,61510,61510,,61510
61525,61525,61525,G. de Arrascaeta,active,61525,53878485741653,61525,61525,61525
61527,61527,61527,Mauro Arámbarri,active,61527,52882321764439,61527,61527,61527
61531,61531,61531,Mauricio Lemos,active,61531,53962237603931,61531,,61531
61553,540187,540187,Hironymus Loaenzo,active,8450161,61553,540187,,540187
61568,61568,61568,Fabián Balbuena,active,61568,61568,61568,61568,61568
61577,61577,61577,Carlos Cáceda,active,61577,61577,61577,,61577
61578,61578,61578,Cris Martínez,active,61578,61578,61578,,61578
61637,61637,61637,Jhon Murillo,active,61637,53967337877701,61637,,61637
61643,61643,61643,Yeferson Soteldo,active,61643,61643,61643,61643,61643
61672,61672,61672,Marc ter Stegen,active,61672,52847156719848,61672,61672,61672
61688,61688,61688,Kendall Waston,active,61688,61688,61688,,61688
61691,61691,61691,Luis López,active,61691,61691,61691,,61691
61694,61694,61694,Alexander López,active,61694,61694,61694,,61694
61699,113961,113961,Mehranzadeh Puladi,active,8450307,56163190239491,113961,,113961
61702,61702,61702,Sardar Azmoun,active,16838918,105772209991942,61702,61702,61702
61710,61710,61710,Jeffrey Schlupp,active,61710,61710,61710,61710,61710
61715,61715,61715,Massimo Luongo,active,61715,61715,61715,61715,61715
61720,61720,61720,Mario Pašalić,active,61720,52776558194968,61720,61720,61720
61725,558038,558038,Hadi Khair Ad Din,active,8450333,70377334173981,558038,,
62008,62008,62008,Rolando Mandragora,active,62008,105824504574520,62008,62008,62008
63232,63232,558047,Martin Hansen,active,63232,63232,63232,,
63347,558072,558072,Rafael Caroca,active,63347,63347,558072,,
63348,63348,63348,Ignacio González,active,63348,63348,63348,,63348
63357,63357,63357,Leandro Díaz,active,63357,63357,63357,,63357
63371,63371,63371,Aitor Fernández,active,63371,63371,63371,63371,63371
63399,63399,63399,David López,active,63399,52779779422119,63399,,63399
63400,63400,63400,Eduardo Sasha,active,63400,53977538426792,63400,,63400
63453,63453,558087,Loïc Négo,active,63453,63453,63453,,
63456,63456,63456,Tristan Do,active,63456,105646598977504,63456,63456,63456
63462,63462,63462,Bryan Carrasco,active,63462,63462,63462,,63462
63474,63474,63474,Alisson Becker,active,63474,52878832105458,63474,63474,63474
63475,63475,558090,Diogo Barbosa,active,63475,63475,63475,,
63477,63477,558096,Zé Rafael,active,63477,63477,63477,,
63497,558101,558101,Saúl Ñíguez,active,63497,53980759652361,558101,,
63509,63509,63509,Talisca,active,63509,55070876039189,63509,63509,63509
63520,63520,63520,Bryan Cristante,active,63520,52845814544416,63520,63520,63520
63536,63536,63536,Rémy Riou,active,63536,63536,63536,,63536
63560,63560,63560,Weverton,active,63560,105742900197448,63560,63560,63560
63611,63611,63611,Joris van Overeem,active,63611,63611,63611,,63611
63612,63612,558102,Davide Bariti,active,63612,63612,63612,,
63626,558105,558105,Carlos Clerc,active,63626,63626,558105,,
63666,558106,558106,Álex Fernández,active,63666,52779510986930,558106,,
63667,63667,63667,Cristiano Biraghi,active,63667,63667,63667,63667,63667
63698,112650,112650,Song Tengqi,active,8452306,105713422629074,112650,,112650
63702,63702,63702,Gilberto,active,63702,63702,63702,,63702
63707,63707,558145,Mojtaba Khamees,active,8452315,105772209993947,63707,,
63725,63725,63725,Franco Fragapane,active,63725,63725,63725,,63725
63738,63738,63738,Portu,active,63738,52870242171130,63738,63738,63738
63746,63746,63746,Daniel Schmidt,active,63746,63746,63746,63746,63746
63759,63759,63759,Kensuke Nagai,active,63759,106732353288463,63759,63759,63759
63843,63843,558160,Nicola Pérez,active,63843,63843,63843,,
64739,64739,64739,Jason Geria,active,64739,64739,64739,64739,64739
64860,540622,540622,Ali Asad,active,16842076,16842076,540622,,540622
64935,64935,558169,Lee Jae-Sung,active,64935,105867773017511,64935,,
65024,65024,558183,José Sagredo,active,65024,65024,65024,,
65044,65044,558208,Guillermo Viscarra,active,65044,65044,65044,,
65045,65045,65045,Juan Pablo Nieto,active,65045,65045,65045,,65045
65062,65062,65062,Diego Novoa,active,65062,65062,65062,,65062
65068,65068,65068,Freddy Hinestroza,active,65068,65068,65068,,65068
65093,65093,558218,Fabry Castro,active,65093,65093,65093,,
65103,558228,558228,Fabián González,active,65103,65103,558228,,
65134,65134,65134,Robert Arboleda,active,65134,53983712444014,65134,65134,65134
65240,65240,65240,Cristian Palacios,active,65240,65240,65240,,65240
65252,558250,558250,Gastón Guruceaga,active,65252,65252,558250,,
65258,65258,65258,Michael Santos,active,65258,65258,65258,,65258
65268,65268,558290,Gastón Olveira,active,65268,65268,65268,,
65272,540188,540188,Alvar Casado,active,8453880,65272,540188,,540188
100012,100012,100012,Juan Carlos,active,100012,100012,100012,,100012
100022,558293,558293,Sebas Moyano,active,100022,100022,558293,,
100057,100057,558295,Einar Galilea,active,100057,100057,100057,,
100112,100112,100112,Danilo Cataldi,active,100112,52875610916624,100112,,100112
100117,100117,100117,F. Bernardeschi,active,100117,52870779078421,100117,100117,100117
100133,100133,100133,Ørjan Nyland,active,100133,52888495818533,100133,,100133
100135,100135,100135,Carlo Pinsoglio,active,100135,100135,100135,100135,100135
100144,100144,100144,Ignasi Miquel,active,100144,100144,100144,,100144
100187,558298,558298,Eddy Israfilov,active,100187,100187,558298,,
100196,558339,558339,Kike García,active,100196,55068728592228,558339,,
100205,558386,558386,Fernando Martínez,active,100205,100205,558386,,
100219,100219,100219,Martin Valjent,active,100219,100219,100219,100219,100219
100224,558396,558396,Yuri Berchiche,active,100224,55070339204992,558396,,
100246,100246,100246,Lewis Dunk,active,100246,52901112285078,100246,100246,100246
100261,100261,100261,Solly March,active,100261,52782195378085,100261,,100261
100286,100286,100286,Simone Colombi,active,100286,100286,100286,,100286
100289,100289,100289,Gaetano Letizia,active,100289,100289,100289,,100289
100297,100297,100297,Ben Mee,active,100297,100297,100297,100297,100297
100299,100299,100299,Kieran Trippier,active,100299,52885543028683,100299,100299,100299
100315,100315,100315,Stefano Sabelli,active,100315,100315,100315,,100315
100316,100316,100316,Diego Rico,active,100316,100316,100316,,100316
100342,100342,100342,Álex Muñoz,active,100342,100342,100342,,100342
100399,100399,100399,Aaron Cresswell,active,100399,70377602648111,100399,100399,100399
100400,100400,100400,Tyrone Mings,active,100400,52884737722416,100400,100400,100400
100414,100414,100414,Patrick Ciurria,active,100414,100414,100414,,100414
100426,558414,558414,Andrea Seculin,active,100426,100426,558414,,
100428,100428,100428,Davide Zappacosta,active,100428,52895475140684,100428,100428,100428
100473,100473,100473,Lorenzo Montipò,active,100473,100473,100473,,100473
100479,100479,100479,Milan Đurić,active,100479,100479,100479,,100479
100481,100481,100481,Francesco Vicari,active,100481,100481,100481,,100481
100506,100506,558423,Andrea Fulignati,active,100506,100506,100506,,
100510,100510,100510,Héctor Bellerín,active,100510,105590160459934,100510,100510,100510
100527,100527,100527,Karl Darlow,active,100527,100527,100527,,100527
100530,100530,100530,Jamaal Lascelles,active,100530,100530,100530,100530,100530
100534,100534,100534,Isaac Hayden,active,100534,100534,100534,,100534
100535,100535,100535,Dejan Iliev,active,100535,100535,100535,,100535
100564,100564,100564,Rodrigo Ely,active,100564,100564,100564,,100564
100620,100620,100620,Matteo Politano,active,100620,52883127109900,100620,100620,100620
100630,100630,100630,Leonardo Spinazzola,active,100630,105577543993622,100630,100630,100630
100682,100682,100682,Jean C. Castelletto,active,100682,100682,100682,,100682
100698,100698,100698,Thomas Monconduit,active,100698,100698,100698,,100698
100707,100707,100707,Óscar Plano,active,100707,100707,100707,,100707
100730,100730,100730,Raúl Lizoain,active,100730,100730,100730,,100730
100742,100742,100742,Tana,active,100742,100742,100742,,100742
100780,100780,100780,Brendan Chardonnet,active,100780,100780,100780,,100780
100790,100790,100790,Alberto Jiménez,active,100790,100790,100790,,100790
100809,100809,100809,Ayoze Pérez,active,100809,52877221530057,100809,100809,100809
100822,100822,100822,Pierrick Capelle,active,100822,100822,100822,,100822
100841,100841,100841,Adrien-Mehdi Monfray,active,100841,100841,100841,,100841
100870,100870,100870,Florian Tardieu,active,100870,100870,100870,,100870
100904,100904,100904,Sofiane Boufal,active,100904,105809472227880,100904,100904,100904
100925,100925,100925,Benjamin Leroy,active,100925,100925,100925,,100925
100934,100934,100934,Xavier Chavalerin,active,100934,100934,100934,,100934
100935,558428,558428,Baptiste Santamaria,active,100935,100935,558428,,
100939,100939,100939,Jonathan Gradit,active,100939,100939,100939,,100939
100950,100950,100950,Florent Mollet,active,100950,100950,100950,,100950
100958,100958,100958,Lionel Carole,active,100958,100958,100958,,100958
100967,100967,100967,Thomas Lemar,active,100967,105780212763239,100967,100967,100967
100985,558719,558719,Greg Houla,active,100985,100985,558719,,
100995,100995,100995,Adam Armstrong,active,100995,52876416223875,100995,,100995
100997,100997,100997,Rony Lopes,active,100997,105584254880389,100997,100997,100997
101012,101012,558725,Ľubomír Šatka,active,101012,105712835463828,101012,,
101016,558763,558763,Adrián Ortolá,active,101016,101016,558763,,
101027,101027,101027,Will Hughes,active,101027,101027,101027,,101027
101028,101028,101028,Andrew Robertson,active,101028,52845814581924,101028,101028,101028
101034,101034,101034,Patrick Roberts,active,101034,101034,101034,,101034
101039,101039,101039,Jordan Obita,active,101039,101039,101039,,101039
101058,101058,101058,Alejandro Grimaldo,active,101058,52889032690370,101058,101058,101058
101065,101065,101065,Denis Suárez,active,101065,101065,101065,101065,101065
101068,101068,558767,David Babunski,active,101068,101068,101068,,
101072,558775,558775,Sandro Ramírez,active,101072,101072,558775,,
101075,101075,101075,Craig Forsyth,active,101075,101075,101075,,101075
101076,101076,101076,Emiliano Martínez,active,101076,52885811464916,101076,101076,101076
101091,6736,6736,Ivy Atkins,active,8489699,8489699,6736,,6736
101097,101097,101097,Hakan Çalhanoğlu,active,101097,52776558234345,101097,101097,101097
101111,101111,101111,Max Lowe,active,101111,101111,101111,,101111
101113,101113,101113,Patrick Bamford,active,101113,101113,101113,101113,101113
101115,101115,101115,Jack Grealish,active,101115,52777900411643,101115,101115,101115
101116,101116,101116,Guilherme Arana,active,101116,105634183875324,101116,,101116
101118,101118,101118,Pedro Henrique,active,101118,105724646623998,101118,,101118
101120,101120,101120,Malcom,active,16878336,16878336,101120,101120,101120
101127,101127,101127,Ben Hamer,active,101127,101127,101127,,101127
101150,101150,101150,Dillon Phillips,active,101150,101150,101150,,101150
101191,101191,101191,Liam Palmer,active,101191,101191,101191,101191,101191
101221,101221,101221,Hans Hateboer,active,101221,101221,101221,101221,101221
101223,101223,101223,Bouna Sarr,active,101223,105636599794535,101223,101223,101223
101244,101244,101244,Óscar Whalley,active,101244,101244,101244,,101244
101280,558776,558776,Andrew Shinnie,active,101280,101280,558776,,
101283,101283,558781,Waad Sajid,active,8489891,8489891,101283,,
101294,101294,101294,Amari'i Bell,active,101294,101294,101294,,101294
101295,101295,101295,Demarai Gray,active,101295,101295,101295,101295,101295
101334,101334,101334,N'Golo Kanté,active,101334,52900306979798,101334,101334,101334
101355,101355,101355,Tom Heaton,active,101355,101355,101355,101355,101355
101356,101356,101356,Danny Ings,active,101356,101356,101356,101356,101356
101359,101359,101359,Ashley Barnes,active,101359,101359,101359,101359,101359
101362,558824,558824,Lucas Pirard,active,101362,101362,558824,,
101368,101368,101368,Yuji Ono,active,101368,53880633265144,101368,101368,101368
101374,101374,558832,André Ramalho,active,101374,52849304243198,101374,,
101389,101389,558894,Robert Žulj,active,101389,101389,101389,,
101490,101490,101490,Anthony Briançon,active,101490,101490,101490,,101490
101502,101502,101502,Renaud Ripart,active,101502,101502,101502,,101502
101507,101507,101507,Mathieu Michel,active,101507,101507,101507,,101507
101513,101513,101513,Darragh Lenihan,active,101513,101513,101513,,101513
101520,101520,101520,David Raya,active,101520,105852958772368,101520,,101520
101566,101566,558899,Zé Welison,active,101566,101566,101566,,
101585,117594,117594,Alex Cairns,active,101585,101585,117594,,117594
101586,101586,101586,Sam Byram,active,101586,101586,101586,,101586
101592,101592,101592,Alex Mowatt,active,101592,101592,101592,,101592
101611,101611,101611,Danny Batth,active,101611,101611,101611,,101611
101615,101615,101615,Thomas Partey,active,101615,55068460158191,101615,101615,101615
101617,101617,101617,Álex Moreno,active,101617,101617,101617,,101617
101634,101634,558914,Boniface Greenaway,active,8490242,8490242,101634,,
101642,101642,101642,Anders Jacobsen,active,101642,101642,101642,,101642
101668,101668,101668,Adam Forshaw,active,101668,101668,101668,101668,101668
101670,101670,101670,Ben Gibson,active,101670,101670,101670,101670,101670
101697,101697,558918,Hernán Muñoz,active,101697,101697,101697,,
101734,101734,101734,Ryan Allsop,active,101734,101734,101734,,101734
101736,101736,101736,Steve Cook,active,101736,101736,101736,,101736
101762,101762,101762,Giovanni Augusto,active,101762,101762,101762,101762,101762
101764,34479,34479,Christian Downer,active,8490372,8490372,34479,,34479
101771,101771,101771,Adam Smith,active,101771,101771,101771,101771,101771
101780,101780,101780,Jake Bidwell,active,101780,101780,101780,,101780
101781,101781,101781,James Tarkowski,active,101781,55067386416533,101781,101781,101781
101837,101837,558929,Christian Burgess,active,101837,101837,101837,,
101875,101875,101875,Breel Embolo,active,101875,56161260899827,101875,101875,101875
101879,101879,101879,Andrés Chávez,active,101879,101879,101879,,101879
101883,46259,46259,Marcus Coughlin,active,8490491,52788906266107,46259,,46259
101944,101944,558945,Vinícius Silvestre,active,101944,101944,101944,,
101946,101946,101946,Diego Rodríguez,active,101946,101946,101946,,101946
101953,128031,128031,Nicolás Figal,active,101953,101953,128031,,128031
101960,101960,101960,Matías Pisano,active,101960,101960,101960,,101960
101961,558968,558968,Martín Benítez,active,101961,101961,558968,,
102029,104900,104900,Ronwen Williams,active,102029,56160992464525,104900,,104900
102040,60794,60794,Themba Zwane,active,102040,102040,60794,,60794
102052,102052,558992,Raúl Rivero,active,102052,102052,102052,,
102077,559069,559069,Sergio Postigo,active,102077,102077,559069,,
102098,102098,102098,Seny Dieng,active,102098,102098,102098,,102098
102105,102105,102105,Amir Abrashi,active,102105,102105,102105,,102105
102214,102214,102214,Gabriel Arias,active,102214,102214,102214,,102214
102227,102227,102227,Juan Martín Lucero,active,102227,55068191723347,102227,,102227
102232,102232,102232,Lucas Villalba,active,102232,105796587327320,102232,,102232
102233,102233,102233,Néstor Breitenbruch,active,102233,102233,102233,,102233
102240,102240,102240,Serhou Guirassy,active,102240,52897622626144,102240,,102240
102242,102242,102242,Gjoko Zajkov,active,102242,102242,102242,102242,102242
102244,102244,102244,Pedro Henrique,active,102244,53979149078372,102244,,102244
102272,102272,102272,Reginaldo Lopes,active,102272,102272,102272,,102272
102290,559071,559071,Iñaki Williams,active,102290,55067654852498,559071,,
102311,102311,102311,Antonio Caracciolo,active,102311,102311,102311,,102311
102323,106853,106853,Gong Hongjun,active,8490931,105713422667699,106853,,106853
102339,102339,102339,Munir El Kajoui,active,102339,102339,102339,,102339
102369,102369,102369,Stefano Moreo,active,102369,102369,102369,,102369
102372,116694,116694,Jia Dayong,active,8490980,8490980,116694,,116694
102387,102387,102387,Marvelous Nakamba,active,102387,83988467,102387,102387,102387
102395,102395,102395,Romain Saïss,active,16879611,52780584767483,102395,102395,102395
102402,102402,559074,Kevin Méndez,active,102402,102402,102402,,
102416,559087,559087,Gerard Gumbau,active,102416,105717935738896,559087,,
102418,559093,559093,Jaime Mata,active,102418,52853062340626,559093,,
102428,559101,559101,José Suárez,active,102428,105784776167452,559101,,
102481,102481,102481,Samuel Gigot,active,102481,102481,102481,102481,102481
102497,626785,626785,Agus Medina,active,102497,102497,626785,,626785
102511,102511,559108,Anderson Correia,active,102511,102511,102511,,
102526,102526,102526,Marcel Sabitzer,active,102526,52871852822654,102526,102526,102526
102534,102534,102534,Nélson Monte,active,102534,102534,102534,,102534
102547,102547,102547,Enzo Basilio,active,102547,102547,102547,,102547
102561,102561,102561,Helibelton Palacios,active,102561,102561,102561,,102561
102566,102566,102566,Cenk Tosun,active,102566,102566,102566,102566,102566
102580,100255,100255,Dimitar Mitov,active,102580,102580,100255,,100255
102585,113932,113932,Xue Beixiang,active,8491193,105644719968441,113932,,113932
102605,540192,540192,Joan Armandoz,active,8491213,102605,540192,,540192
102611,102611,102611,Leandro Fernández,active,102611,102611,102611,,102611
102619,102619,102619,Roque Mesa,active,102619,102619,102619,102619,102619
102626,102626,102626,Ivajlo Čočev,active,102626,102626,102626,,102626
102654,63622,63622,Oleksandr Svatok,active,102654,102654,63622,,63622
102667,102667,559115,Ali Sowe,active,102667,55069265465611,102667,,
102682,559124,559124,Jo Mion,active,8491290,8491290,559124,,
102690,102690,102690,Hillel Konaté,active,102690,102690,102690,,102690
102692,102692,102692,Callum Wilson,active,102692,102692,102692,102692,102692
102698,113413,113413,Ding Minyuan,active,8491306,8491306,113413,,113413
102703,102703,559129,Rafael Santos,active,102703,102703,102703,,
102707,102707,102707,Unai López,active,102707,102707,102707,,102707
102719,102719,102719,Patrik Schick,active,102719,52895206707519,102719,102719,102719
102742,102742,102742,Borja Iglesias,active,102742,102742,102742,102742,102742
102750,47877,47877,Mateusz Wieteska,active,102750,102750,47877,,47877
102757,102757,102757,Kalidou Koulibaly,active,16879973,70380018569573,102757,102757,102757
102759,102759,102759,Daniele Rugani,active,102759,105642505376103,102759,102759,102759
102765,102765,102765,Elseid Hysaj,active,102765,102765,102765,102765,102765
102774,102774,102774,Sean Klaiber,active,102774,102774,102774,,102774
102782,102782,559133,Javier Correa,active,102782,102782,102782,,
102786,102786,102786,Plamen Iliev,active,102786,102786,102786,,102786
102815,102815,102815,Nicholas Ioannou,active,102815,102815,102815,,102815
102827,102827,559136,Ronaldo,active,102827,102827,102827,,
102840,102840,102840,Maxime Lopez,active,102840,105643310682552,102840,102840,102840
102879,102879,102879,Danijel Petković,active,102879,102879,102879,,102879
102895,111184,111184,Sergio Rochet,active,102895,105724646625775,111184,,111184
102901,102901,102901,Leroy Sané,active,102901,52786221912565,102901,102901,102901
102910,102910,102910,Sander van de Streek,active,102910,53973780369918,102910,,102910
102913,102913,102913,Wessel Dammers,active,102913,102913,102913,,102913
102915,102915,102915,Renato Tapia,active,102915,105746121462275,102915,,102915
102947,102947,102947,Philip Billing,active,102947,52784342864419,102947,102947,102947
102967,102967,102967,Agustín Farías,active,102967,102967,102967,,102967
102968,102968,102968,Alessandro Micai,active,102968,102968,102968,,102968
102977,102977,559138,Ignacio Jeraldino,active,102977,102977,102977,,
102986,63395,63395,Rodrigo Aguirre,active,102986,102986,63395,,63395
103008,559150,559150,Marcos Llorente,active,103008,55070339207776,559150,,
103036,103036,103036,Loris Benito,active,103036,103036,103036,103036,103036
103038,103038,103038,Andrés Cubas,active,103038,103038,103038,,103038
103041,103041,103041,Luis Rioja,active,103041,103041,103041,,103041
103047,103047,103047,Marcus Bettinelli,active,103047,103047,103047,103047,103047
103091,103091,103091,Fabián Viáfara,active,103091,103091,103091,,103091
103092,115316,115316,Cameron Burgess,active,103092,103092,115316,,115316
103103,103103,103103,Aaron Tshibola,active,103103,103103,103103,,103103
103116,103116,103116,Joe Wildsmith,active,103116,103116,103116,,103116
103117,103117,559156,Alexis Zapata,active,103117,103117,103117,,
103118,103118,103118,Matt Crooks,active,103118,103118,103118,,103118
103120,103120,103120,Ivan Provedel,active,103120,52890643305168,103120,,103120
103121,103121,103121,Enzo Roco,active,103121,103121,103121,,103121
103133,103133,103133,Morten Thorsby,active,103133,105752563913437,103133,103133,103133
103142,103142,103142,Wout Weghorst,active,103142,52845546148582,103142,103142,103142
103170,103170,103170,Rami Rabia,active,103170,105852237353730,103170,,103170
103181,103181,103181,João Afonso,active,103181,103181,103181,,103181
103205,103205,559164,Bas Kuipers,active,103205,103205,103205,,
103219,103219,103219,Hassane Kamara,active,103219,103219,103219,,103219
103227,103227,559166,Omar Fernández,active,103227,103227,103227,,
103258,103258,103258,Jorge Sáenz,active,103258,103258,103258,,103258
103273,103273,103273,Walace,active,103273,103273,103273,,103273
103276,103276,103276,Stevie May,active,103276,103276,103276,,103276
103294,103294,103294,Cafú,active,103294,105747463639934,103294,,103294
103300,103300,103300,Pierluigi Gollini,active,103300,103300,103300,103300,103300
103310,103310,103310,Leandro Cabrera,active,103310,52877758403470,103310,,103310
103315,627603,627603,Omar Mascarell,active,103315,105632304829331,627603,,627603
103317,103317,103317,Marcos Acuña,active,103317,52782732252053,103317,103317,103317
103319,103319,559169,Nicolás Oroz,active,103319,103319,103319,,
103373,103373,103373,Édgar Méndez,active,103373,53879827960781,103373,,103373
103403,103403,103403,Derrick Luckassen,active,103403,103403,103403,,103403
103404,103404,103404,Martin Ødegaard,active,103404,56163408385004,103404,103404,103404
103408,103408,103408,Lucas Vázquez,active,103408,52889837999088,103408,103408,103408
103414,103414,103414,Esteban Salles,active,103414,103414,103414,,103414
103420,103420,103420,Marco Asensio,active,103420,52891717047292,103420,103420,103420
103424,103424,103424,Miguel Almirón,active,103424,52778437284864,103424,103424,103424
103449,103449,103449,Jake Cooper,active,103449,103449,103449,,103449
103456,103456,103456,Lorenzo Venuti,active,103456,103456,103456,,103456
103469,103469,103469,Nicolás Stefanelli,active,103469,103469,103469,,103469
103487,103487,103487,Luismi,active,103487,103487,103487,,103487
103514,103514,103514,Michael Keane,active,103514,103514,103514,103514,103514
103531,103531,103531,Sam Larsson,active,103531,103531,103531,103531,103531
103544,103544,103544,Jack Stacey,active,103544,103544,103544,,103544
103550,103550,559170,Filip Bednarek,active,103550,103550,103550,,
103551,103551,103551,Joachim Andersen,active,103551,103551,103551,103551,103551
103559,103559,103559,Callum McGregor,active,103559,103559,103559,103559,103559
103581,103581,103581,Jesús Vallejo,active,103581,103581,103581,103581,103581
103582,103582,103582,Lucas Boyé,active,103582,55070339208350,103582,,103582
103586,103586,103586,José Devecchi,active,103586,103586,103586,,103586
103605,559180,559180,Veysel Sarı,active,103605,55069265466549,559180,,
103611,103611,103611,Kenan Kodro,active,103611,103611,103611,,103611
103612,103612,103612,Álex Berenguer,active,103612,52851988599996,103612,,103612
103613,103613,103613,Mikel Merino,active,103613,56166898046141,103613,103613,103613
103656,103656,103656,Joan Jordán,active,103656,103656,103656,103656,103656
103686,103686,103686,Nicolò Barella,active,103686,52778974156038,103686,103686,103686
103690,103690,103690,Raúl Guti,active,103690,103690,103690,,103690
103707,103707,103707,Matias Dituro,active,103707,103707,103707,,103707
103797,103797,103797,Krystian Bielik,active,103797,103797,103797,103797,103797
103815,103815,103815,Darko Brašanac,active,103815,103815,103815,,103815
103820,103820,103820,Saša Lukić,active,103820,103820,103820,,103820
103822,103822,559188,Hernán Galíndez,active,103822,103822,103822,,
103830,103830,103830,Nick Pope,active,103830,52850377987478,103830,103830,103830
103845,103845,103845,Andreas Christensen,active,103845,52780316333477,103845,103845,103845
103851,103851,559193,Salvador Ichazo,active,103851,103851,103851,,
103869,103869,103869,Matt Clarke,active,103869,103869,103869,,103869
103886,103886,103886,Matt Targett,active,103886,103886,103886,,103886
103894,103894,103894,Jay Fulton,active,103894,103894,103894,,103894
103897,40794,40794,Conan Temperley,active,8492505,8492505,40794,,40794
103963,103963,103963,Stiven Vega,active,103963,103963,103963,,103963
103966,103966,103966,Jorge Carrascal,active,103966,105841952921118,103966,,103966
103970,103970,103970,Federico Bonazzoli,active,103970,103970,103970,,103970
103974,103974,103974,Filip Mladenović,active,103974,103974,103974,103974,103974
103979,103979,103979,Gennaro Acampora,active,103979,103979,103979,,103979
103993,103993,103993,Ánderson Plata,active,103993,103993,103993,,103993
103997,112979,112979,Andy Polo,active,103997,103997,112979,,112979
104001,104001,559196,Pitirim Kirilenko,active,8492609,8492609,104001,,
104008,104008,104008,Dominic Iorfa,active,104008,104008,104008,,104008
104067,104067,559217,Héctor Hernández,active,104067,104067,104067,,
104091,104091,104091,Bingourou Kamara,active,104091,104091,104091,,104091
104093,104093,104093,Haris Belkebla,active,104093,104093,104093,,104093
104097,104097,104097,Luca Valzania,active,104097,104097,104097,,104097
104124,104124,104124,Walter Bou,active,104124,104124,104124,,104124
104132,104132,104132,Daniele Sommariva,active,104132,104132,104132,,104132
104159,104159,104159,Petar Stojanović,active,104159,104159,104159,,104159
104164,104164,559226,Fabio Gerli,active,104164,104164,104164,,
104185,104185,104185,Lewis Cook,active,104185,104185,104185,104185,104185
104204,104204,104204,Rúben Neves,active,104204,52890106435340,104204,104204,104204
104226,104226,104226,Bernardo Silva,active,104226,52897891063586,104226,104226,104226
104244,104244,559262,Shon Goldberg,active,104244,104244,104244,,
104246,104246,559274,Dor Peretz,active,104246,104246,104246,,
104250,104250,104250,Sergio Herrera,active,104250,104250,104250,,104250
104260,559279,559279,Kristoffer Peterson,active,104260,104260,559279,,
104277,104277,104277,Valentin Rongier,active,104277,104277,104277,104277,104277
104283,104283,104283,Jérôme Prior,active,104283,104283,104283,,104283
104293,104293,104293,Federico Anselmo,active,104293,104293,104293,,104293
104307,104307,104307,Abdón Prats,active,104307,104307,104307,,104307
104311,104311,104311,Steve Mounié,active,104311,104311,104311,,104311
104319,104319,104319,Domingo Blanco,active,104319,104319,104319,,104319
104324,104324,104324,Guido Rodríguez,active,104324,105625862379396,104324,104324,104324
104334,104334,559284,Lucas Suárez,active,104334,104334,104334,,
104337,104337,104337,Joe Gomez,active,104337,105679549470609,104337,104337,104337
104341,104341,104341,Sondre Tronstad,active,104341,104341,104341,,104341
104344,104344,104344,Charlie Taylor,active,104344,104344,104344,,104344
104383,104383,104383,Grejohn Kyei,active,104383,104383,104383,,104383
104385,559290,559290,Lionel Mpasi,active,104385,104385,559290,,
104388,104388,104388,Abdoulaye Touré,active,104388,104388,104388,,104388
104391,104391,104391,Ruben Aguilar,active,104391,70376528910279,104391,104391,104391
104394,104394,559307,Samú Silva,active,104394,104394,104394,,
104417,104417,104417,Kike Barja,active,104417,104417,104417,,104417
104418,104418,104418,Clément Lenglet,active,104418,52879637452770,104418,104418,104418
104434,104434,104434,Kévin Rodrigues,active,104434,53979417516018,104434,,104434
104437,104437,104437,Jessy Benet,active,104437,104437,104437,,104437
104453,559321,559321,Marcão,active,104453,104453,559321,,
104479,104479,104479,Léo Jardim,active,104479,53962237646879,104479,,104479
104485,104485,104485,Alex Meret,active,104485,52777900415013,104485,104485,104485
104493,104493,104493,Andreas Pereira,active,104493,53984249354285,104493,104493,104493
104494,104494,559355,João Pedro,active,104494,105841952921646,104494,,
104499,104499,104499,Alan Ruschel,active,104499,53970559146035,104499,,104499
104500,559364,559364,William,active,104500,106740674828340,559364,,
104503,628791,628791,Sidcley,active,104503,104503,628791,,628791
104526,104526,104526,Aylon,active,104526,104526,104526,,104526
104527,104527,104527,Gerson,active,104527,104527,104527,104527,104527
104538,104538,104538,Jeison Angulo,active,104538,104538,104538,,104538
104540,104540,104540,Frank Fabra,active,104540,104540,104540,104540,104540
104541,104541,104541,Rafael Borré,active,104541,53970559146077,104541,104541,104541
104547,104547,104547,Juan Quintero,active,104547,104547,104547,,104547
104569,559368,559368,Jhonder Cádiz,active,104569,104569,559368,,
104573,104573,559373,Sergio Córdova,active,104573,105747463641213,104573,,
104581,104581,559374,Andrés Ricaurte,active,104581,104581,104581,,
104612,104612,104612,Davinson Sánchez,active,104612,52888495823012,104612,104612,104612
104635,104635,104635,Benjamin Kuščević,active,104635,104635,104635,,104635
104647,104647,104647,Eric Bailly,active,104647,105630962653383,104647,104647,104647
104649,104649,104649,Arturo Calabresi,active,104649,104649,104649,,104649
104668,104668,104668,Paddy McNair,active,104668,104668,104668,104668,104668
104675,104675,104675,Daniele Verde,active,104675,104675,104675,,104675
104677,104677,104677,Antonio Rüdiger,active,104677,55067654854885,104677,104677,104677
104680,104680,104680,Dominic Solanke,active,104680,52894938274024,104680,104680,104680
104682,104682,104682,Semi Ajayi,active,104682,104682,104682,,104682
104683,104683,559385,Reece Burke,active,104683,104683,104683,,
104693,104693,104693,Gautier Lloris,active,104693,104693,104693,,104693
104702,104702,104702,Lewis Baker,active,104702,104702,104702,,104702
104706,104706,104706,Pere Milla,active,104706,104706,104706,,104706
104710,104710,104710,Dani Ceballos,active,104710,52881248065798,104710,104710,104710
104717,104717,104717,Lucas Hernández,active,104717,52778168850701,104717,104717,104717
104719,104719,104719,Sebastiano Luperto,active,104719,104719,104719,,104719
104720,104720,104720,A. Maitland-Niles,active,104720,52873195002128,104720,104720,104720
104722,104722,104722,Ruben Loftus-Cheek,active,104722,104722,104722,104722,104722
104726,104726,104726,Kieran Dowell,active,104726,104726,104726,,104726
104729,104729,104729,Karlan Grant,active,104729,104729,104729,,104729
104731,104731,559387,Tom King,active,104731,104731,104731,,
104745,104745,104745,Sofyan Amrabat,active,104745,53972169759017,104745,104745,104745
104748,559396,559396,Aritz Elustondo,active,104748,105738873706796,559396,,
104749,45216,45216,Andrej Kramarić,active,104749,52886616774957,45216,,45216
104752,104752,104752,Benjamin Pavard,active,104752,52885274597680,104752,104752,104752
104754,104754,104754,Joris Kayembe,active,104754,104754,104754,104754,104754
104769,104769,559398,Dodi,active,104769,105796855765313,104769,,
104784,104784,104784,Alexander Scholz,active,104784,53979685951824,104784,,104784
104794,104794,104794,Ludwig Augustinsson,active,104794,104794,104794,104794,104794
104804,104804,104804,André Onana,active,104804,52853062343012,104804,104804,104804
104805,104805,559407,Nick Olij,active,104805,104805,104805,,
104811,104811,104811,Glenn Bijl,active,104811,104811,104811,,104811
104828,559411,559411,Frol Gudkov,active,8493436,8493436,559411,,
104829,46102,46102,Erik Janža,active,104829,104829,46102,,46102
104844,104844,104844,Saidy Janko,active,104844,104844,104844,,104844
104856,540204,540204,Alfredo Ballada,active,8493464,104856,540204,,540204
104860,104860,104860,Fábio Cardoso,active,104860,104860,104860,,104860
104925,104925,559412,Peter Farber,active,8493533,8493533,104925,,
104931,104931,104931,Aziz Behich,active,104931,105813247105507,104931,,104931
104938,104938,559413,Jaspen Kamali,active,8493546,105728689936874,104938,,
104944,104944,559461,Salman Billah,active,8493552,8493552,104944,,
104948,104948,559472,Sardar Ridwan,active,8493556,8493556,104948,,
104952,104952,559477,Talat Fathi,active,8493560,8493560,104952,,
104955,104955,559479,Vafa Mumtaz,active,8493563,8493563,104955,,
104956,104956,559482,Hajj Munif,active,8493564,8493564,104956,,
104977,104977,559492,Soheil Faruq,active,8493585,8493585,104977,,
104982,559495,559495,Boualem Khoukhi,active,16882198,8493590,559495,,
104985,104985,559507,Lee Jeong-Hyeop,active,104985,104985,104985,,
104989,104989,104989,Sarach Yooyen,active,104989,105851079727645,104989,104989,104989
104993,104993,559520,Alexandre Kulik,active,8493601,105714496412193,104993,,
104999,104999,559527,Andre Blake,active,104999,53878217349671,104999,,
105010,105010,559531,Éric Davis,active,105010,105010,105010,,
105028,105028,105028,Dénes Dibusz,active,105028,52849572682308,105028,105028,105028
105029,105029,105029,Roberto Firmino,active,16882245,52786758785605,105029,105029,105029
105043,105043,105043,Jere Uronen,active,105043,105043,105043,105043,105043
105056,105056,105056,Petros Mantalos,active,105056,105056,105056,,105056
105057,105057,105057,Yussuf Poulsen,active,105057,105666933004897,105057,105057,105057
105067,105067,105067,Volkan Babacan,active,105067,105067,105067,105067,105067
105074,559532,559532,Stipe Milinović,active,8493682,52783000689266,559532,,
105089,559537,559537,Chimy Ávila,active,105089,105709882677889,559537,,
105098,105098,105098,Augusto Batalla,active,105098,105098,105098,105098,105098
105119,105119,559554,Ezequiel Ham,active,105119,105119,105119,,
105120,105120,105120,Iván Arboleda,active,105120,105120,105120,,105120
105138,102074,102074,Alejandro Romero,active,105138,105138,102074,,102074
105163,105163,559562,Emmanuel Martínez,active,105163,105796050459339,105163,,
105181,105181,105181,Fabián Sambueza,active,105181,105181,105181,,105181
105192,105192,105192,Emanuel Brítez,active,105192,105192,105192,,105192
105194,105194,105194,Mauricio Martínez,active,105194,105194,105194,,105194
105196,105196,559567,V. Ignacio Malcorra,active,105196,105196,105196,,
105218,105218,105218,Gabriel Ávalos,active,105218,105218,105218,,105218
105223,105223,105223,Federico Lanzillota,active,105223,105223,105223,,105223
105245,101961,101961,Luciano Cabral,active,105245,105245,101961,,101961
105251,105251,559569,Matías Vera,active,105251,105251,105251,,
105269,105269,105269,Emiliano Amor,active,105269,105269,105269,,105269
105270,105270,105270,Nicolás Tripichio,active,105270,105270,105270,,105270
105276,105276,105276,Maximiliano Romero,active,105276,105276,105276,,105276
105288,105288,105288,Juan Cruz Komar,active,105288,105288,105288,,105288
105289,105289,105289,Guido Vadalá,active,105289,105289,105289,,105289
105297,105297,105297,Rodrigo Bentancur,active,105297,70374112992081,105297,105297,105297
105298,105298,105298,Franco Cristaldo,active,105298,55068191726418,105298,,105298
105304,105304,105304,Agustín Rossi,active,105304,53979149081432,105304,,105304
105307,559578,559578,David Barbona,active,105307,105307,559578,,
105310,105310,559609,Santiago Giordana,active,105310,105310,105310,,
105322,105322,105322,Eric Ramírez,active,105322,105322,105322,,105322
105324,105324,105324,Leonardo Godoy,active,105324,105324,105324,,105324
105331,105331,105331,Facundo Altamirano,active,105331,105331,105331,,105331
105341,105341,559614,Federico Fattori,active,105341,105341,105341,,
105352,105352,559688,Favio Álvarez,active,105352,105352,105352,,
105364,105364,105364,Branco Ampuero,active,105364,105364,105364,,105364
105413,105413,105413,Jeisson Vargas,active,105413,105413,105413,,105413
105425,105425,105425,Joaquín Moya,active,105425,105425,105425,,105425
105432,105432,559723,Manuel Rivera,active,105432,105432,105432,,
105441,105441,105441,Bayron Oyarzo,active,105441,105441,105441,,105441
105527,105527,559745,Diego Churín,active,105527,105527,105527,,
105532,105532,105532,Nicolás Ramírez,active,105532,105532,105532,,105532
105539,105539,559771,Yerko Leiva,active,105539,105539,105539,,
105563,559780,559780,Bryan Carvallo,active,105563,105563,559780,,
105570,105570,559784,José Bizama,active,105570,105570,105570,,
105584,105584,105584,Fabián Hormazábal,active,105584,105584,105584,,105584
105633,105633,105633,Cristian Pavón,active,105633,105841684487329,105633,105633,105633
105808,105808,105808,Alexis Castro,active,105808,105808,105808,,105808
105872,111076,111076,Jia Anyi,active,8494480,105713422671248,111076,,111076
105898,113942,113942,Kong Yucheng,active,8494506,8494506,113942,,113942
105950,100954,100954,Zandipour Daneshvar,active,8494558,50437598,100954,,100954
105963,559787,559787,Zandi Daneshvar,active,8494571,8494571,559787,,
105978,105978,105978,Yosuke Ideguchi,active,105978,53880633269754,105978,105978,105978
105985,105985,105985,Ritsu Doan,active,105985,52780853206529,105985,105985,105985
105988,105988,105988,Yuma Suzuki,active,105988,53968411663876,105988,105988,105988
105989,105989,105989,Yuta Nakayama,active,105989,106750606941701,105989,105989,105989
105990,105990,105990,Koki Oshima,active,105990,105990,105990,105990,105990
105992,105992,105992,Ryuki Miura,active,105992,105992,105992,105992,105992
105995,105995,105995,Rikiya Motegi,active,105995,105995,105995,105995,105995
106020,106020,106020,Hwang Ui-Jo,active,106020,106020,106020,106020,106020
106100,106100,106100,Sittichok Kannoo,active,106100,53881170140788,106100,,106100
106106,106106,106106,Chaowat Veerachart,active,106106,106106,106106,,106106
106121,106121,559793,Benny Marett,active,8494729,8494729,106121,,
106125,106125,559796,Jake Alman,active,8494733,8494733,106125,,
106127,106127,106127,Eldor Shomurodov,active,106127,55070876081807,106127,,106127
106154,106154,559797,Rashid Ustvolskaya,active,8494762,8494762,106154,,
106166,106166,559802,Aram Tchoudov,active,8494774,105714496413366,106166,,
106168,106168,559823,Efraim Reshanov,active,8494776,8494776,106168,,
106234,106234,559828,João Paulo,active,106234,106234,106234,,
106264,106264,106264,Sebastián Salazar,active,106264,106264,106264,,106264
106265,106265,106265,Baldomero Perlaza,active,106265,106265,106265,,106265
106267,106267,559836,Luis Quiñones,active,106267,105626130816795,106267,,
106280,106280,106280,Keno,active,106280,105724646629160,106280,,106280
106339,106339,106339,Luis Abram,active,106339,106339,106339,,106339
106398,106398,106398,Yordan Osorio,active,106398,106398,106398,,106398
106403,106403,106403,Olivier Boscagli,active,106403,52870242213795,106403,,106403
106409,106409,106409,Glen Kamara,active,106409,106409,106409,106409,106409
106410,106410,106410,Alex Iwobi,active,106410,55068460162986,106410,106410,106410
106411,106411,106411,Frank Fielding,active,106411,106411,106411,,106411
106413,106413,106413,Luke Ayling,active,106413,106413,106413,,106413
106419,106419,559841,Wes Burns,active,106419,106419,106419,,
106425,106425,106425,Sam Johnstone,active,106425,106425,106425,,106425
106435,106435,106435,Alan Browne,active,106435,106435,106435,,106435
106531,106531,106531,Cláudio Ramos,active,106531,106531,106531,,106531
106556,106556,106556,Philipe Maia,active,106556,106556,106556,,106556
106566,106566,106566,Jean,active,106566,106566,106566,,106566
106568,560156,560156,Mateus Castro,active,106568,53881707012168,560156,,
106569,560161,560161,Yuri Lara,active,106569,105760080109641,560161,,
106571,106571,560164,Matheus Pereira,active,106571,106571,106571,,
106572,106572,560166,Rodrigo Sam,active,106572,106572,106572,,
106609,106609,106609,Bruno Henrique,active,106609,53979954389105,106609,106609,106609
106611,106611,106611,Marcelo Hermes,active,106611,53980759695475,106611,,106611
106614,106614,106614,Arthur,active,106614,105692702810230,106614,106614,106614
106617,106617,106617,Pedro Rocha,active,106617,106617,106617,,106617
106629,106629,106629,Alan Patrick,active,106629,55068191727749,106629,,106629
106636,106636,106636,Joelinton,active,106636,105589355159692,106636,106636,106636
106637,560168,560168,João Nunes,active,8495245,53968680099981,560168,,
106641,106641,106641,David,active,106641,106641,106641,,106641
106671,106671,106671,Gianluca Mancini,active,106671,52901380726959,106671,106671,106671
106676,106676,106676,Gianluca Lapadula,active,106676,106676,106676,106676,106676
106724,106724,106724,Paul Bernardoni,active,106724,106724,106724,106724,106724
106725,106725,106725,Carlens Arcus,active,106725,106725,106725,,106725
106731,106731,560170,Deniz Hümmet,active,106731,105792560799979,106731,,
106739,560176,560176,Bobby Allain,active,106739,106739,560176,,
106754,106754,106754,Matz Sels,active,106754,106754,106754,106754,106754
106755,560181,560181,Damjan Šiškovski,active,106755,106755,560181,,
106763,106763,106763,H. Van der Bruggen,active,106763,106763,106763,,106763
106764,106764,106764,Haris Hajradinović,active,106764,53973780373772,106764,,106764
106772,560231,560231,Benito Raman,active,106772,106772,560231,,
106773,106773,106773,Moses Simon,active,106773,106773,106773,,106773
106777,106777,106777,B. Mykhaylichenko,active,106777,106777,106777,,106777
106778,560265,560265,Viktor Tsygankov,active,106778,105639821025562,560265,,
106791,46894,46894,Patrick Drewes,active,106791,106791,46894,,46894
106804,106804,106804,Janis Blaswich,active,106804,52895475147060,106804,,106804
106815,106815,106815,Fernando De Paul,active,106815,106815,106815,,106815
106822,560289,560289,Guillermo Pacheco,active,106822,106822,560289,,
106843,106843,106843,Joe Bryan,active,106843,106843,106843,,106843
106869,106869,106869,Robin Pröpper,active,106869,106869,106869,,106869
106893,106893,106893,Pablo Marí,active,16884109,16884109,106893,106893,106893
106925,106925,106925,Lucas Ahijado,active,106925,106925,106925,,106925
106956,106956,106956,Álex Remiro,active,106956,52847693636044,106956,106956,106956
106957,106957,106957,Unai Simón,active,106957,52787564093901,106957,106957,106957
106958,560304,560304,Yeray Álvarez,active,106958,105845711020494,560304,,
106968,560340,560340,Íñigo Lekue,active,106968,106968,560340,,
106974,106974,106974,Mikel Vesga,active,106974,106974,106974,,106974
106977,560349,560349,Asier Villalibre,active,106977,106977,560349,,
106987,560354,560354,Josan,active,106987,106987,560354,,
107068,107068,560365,Kingsley Ehizibue,active,107068,107068,107068,,
107085,129461,129461,Jerry St. Juste,active,107085,107085,129461,,129461
107142,107142,107142,Martin Dúbravka,active,107142,107142,107142,107142,107142
107227,107227,107227,Mohamed El Shenawi,active,107227,105765448819419,107227,,107227
107310,114691,114691,Heydar Ishak,active,8495918,8495918,114691,,114691
107312,107312,107312,Eli Dasa,active,107312,107312,107312,,107312
107321,107321,107321,José Ángel Jurado,active,107321,107321,107321,,107321
107335,59433,59433,Lancelot Board,active,8495943,8495943,59433,,59433
107340,107340,560410,Salva Ruiz,active,107340,107340,107340,,
107347,560415,560415,Gonçalo Paciencia,active,107347,105717398872915,560415,,
107373,631661,631661,Thiago Santana,active,107373,53877412045677,631661,,631661
107376,107376,560491,Saif Botros,active,8495984,8495984,107376,,
107383,107383,107383,Charles,active,107383,107383,107383,,107383
107400,107400,107400,Julien Laporte,active,107400,107400,107400,,107400
107412,107412,107412,Benjamin Verbič,active,107412,107412,107412,107412,107412
107423,560495,560495,Pokklaw A-Nan,active,107423,107423,560495,,
107433,107433,107433,Kevin Vázquez,active,107433,107433,107433,,107433
107451,107451,107451,Lucas Torró,active,107451,107451,107451,,107451
107479,107479,107479,Marko Pjaca,active,107479,107479,107479,107479,107479
107481,107481,107481,Seko Fofana,active,107481,52786221917145,107481,107481,107481
107484,107484,107484,Liam Donnelly,active,107484,107484,107484,,107484
107489,107489,107489,Ben Wilson,active,107489,107489,107489,,107489
107495,107495,107495,Brian Oliván,active,107495,107495,107495,,107495
107497,107497,107497,Max Crocombe,active,107497,107497,107497,,107497
107498,107498,107498,Ruslan Malinovskyi,active,107498,70377602655210,107498,107498,107498
107516,107516,107516,Frédéric Guilbert,active,107516,55067117986812,107516,,107516
107524,540634,540634,Paulo Otávio,active,16884740,16884740,540634,,540634
107541,46464,46464,Tosh Venison,active,8496149,8496149,46464,,46464
107542,107542,107542,Ulrik Jenssen,active,107542,107542,107542,,107542
107543,560534,560534,Murilo de Souza,active,107543,105763301336087,560534,,
107604,107604,107604,Florian Sotoca,active,107604,105736726226004,107604,,107604
107609,107609,107609,Lukas Görtler,active,107609,107609,107609,,107609
107612,107612,107612,Trézéguet,active,107612,52849572684892,107612,,107612
107640,107640,107640,Rubén Yáñez,active,107640,107640,107640,,107640
107641,107641,107641,Adam Marušić,active,107641,52868631602297,107641,107641,107641
107646,107646,107646,Jeremie Boga,active,107646,52899233244286,107646,107646,107646
107654,107654,107654,Dylan Louiserre,active,107654,107654,107654,,107654
107657,107657,107657,Jair,active,107657,105634183881865,107657,,107657
107674,107674,107674,Gonçalo Guedes,active,107674,52897085760666,107674,107674,107674
107679,107679,107679,Olivier Kemen,active,107679,53972975068319,107679,,107679
107681,107681,107681,Albian Ajeti,active,107681,107681,107681,107681,107681
107686,107686,107686,Federico Dimarco,active,107686,52889301132454,107686,,107686
107688,107688,107688,Qazim Laci,active,107688,55070876083368,107688,,107688
107691,107691,107691,Harry Winks,active,107691,107691,107691,107691,107691
107693,107693,107693,Freddie Woodman,active,107693,107693,107693,,107693
107713,107713,560544,Ellyes Skhiri,active,107713,107713,107713,,
107716,107716,107716,Nicolas Pépé,active,107716,107716,107716,107716,107716
107722,560576,560576,Dakonam Djené,active,107722,107722,560576,,
107724,107724,107724,Estefano Arango,active,107724,107724,107724,,107724
107726,107726,107726,Mickaël Malsa,active,107726,107726,107726,,107726
107737,560601,560601,Ramon Menezes,active,107737,107737,560601,,
107745,107745,560631,Massud Bin Fahmi,active,8496353,8496353,107745,,
107770,107770,107770,Kenji-Van Boto,active,107770,107770,107770,,107770
107778,107778,107778,Thiago Maia,active,107778,105634183881986,107778,107778,107778
107781,107781,560637,Kevin Balanta,active,107781,107781,107781,,
107783,107783,107783,Brayan Rovira,active,107783,107783,107783,,107783
107784,560646,560646,Marlos Moreno,active,107784,107784,560646,,
107786,107786,560649,Moisés Villarroel,active,107786,107786,107786,,
107796,107796,560691,Younes Namli,active,107796,107796,107796,,
107814,106256,106256,Ricardo Goss,active,107814,107814,106256,,106256
107821,41679,41679,Noah Bower,active,8496429,8496429,41679,,41679
107833,107833,560719,Christopher Ibayi,active,107833,107833,107833,,
107835,107835,107835,Israel Alba,active,107835,107835,107835,,107835
107844,114455,114455,Han Dihan,active,8496452,105652504601924,114455,,114455
107847,107847,107847,Kaio Pantaleão,active,107847,107847,107847,,107847
107854,107854,107854,Enes Ünal,active,107854,105683307570510,107854,107854,107854
107862,107862,107862,Miguel Cardoso,active,107862,53963042956630,107862,,107862
107869,107869,107869,Matt Grimes,active,107869,107869,107869,,107869
107880,560722,560722,Gonzalo Melero,active,107880,107880,560722,,
107889,107889,107889,Ferland Mendy,active,107889,52884737729905,107889,107889,107889
107895,107895,107895,Antonin Bobichon,active,107895,107895,107895,,107895
107897,107897,560887,Thomas Robinet,active,107897,107897,107897,,
107900,107900,107900,Víctor García,active,107900,107900,107900,,107900
107901,107901,107901,David Soria,active,107901,52901649163645,107901,107901,107901
107906,119991,119991,Angeliño,active,107906,107906,119991,,119991
107911,107911,107911,Javi Muñoz,active,107911,107911,107911,,107911
107914,107914,107914,Nikita Contini,active,107914,107914,107914,,107914
107924,560900,560900,Maxence Prévot,active,107924,107924,560900,,
107932,107932,107932,Carlton Morris,active,107932,107932,107932,,107932
107934,47968,47968,Jacob Laughton,active,8496542,8496542,47968,,47968
107935,560913,560913,Aurélien Nordey,active,8496543,52784611304863,560913,,
107940,107940,107940,Calvin Verdonk,active,107940,52879905891748,107940,,107940
107941,107941,107941,Donny van de Beek,active,107941,107941,107941,107941,107941
107944,107944,107944,Léo Ceará,active,107944,53968411665832,107944,,107944
107945,47941,47941,Cristian Manea,active,107945,107945,47941,,47941
107949,107949,107949,Manuel Locatelli,active,107949,52895475148205,107949,107949,107949
107954,107954,107954,Harold Moukoudi,active,107954,107954,107954,,107954
107957,107957,107957,Matthieu Udol,active,107957,107957,107957,,107957
107960,107960,107960,Deiver Machado,active,107960,107960,107960,,107960
107977,107977,560915,Moussa Niakhaté,active,107977,107977,107977,,
107980,560947,560947,Jordan Siebatcheu,active,107980,107980,560947,,
107985,107985,107985,Mouctar Diakhaby,active,107985,52788369401297,107985,107985,107985
108004,108004,108004,Gyrano Kerk,active,108004,108004,108004,,108004
108043,108043,108043,M'Bala Nzola,active,108043,108043,108043,,108043
108047,108047,560954,Leonardo Flores,active,108047,108047,108047,,
108051,560959,560959,Marcão,active,108051,70375992043027,560959,,
108069,32549,32549,Marcus Thuram,active,108069,52899770115621,32549,,32549
108075,108075,108075,Juan Soriano,active,108075,108075,108075,,108075
108079,108079,108079,Emiliano Buendía,active,108079,108079,108079,,108079
108096,108096,108096,Lorenzo Pellegrini,active,108096,52889301132864,108096,108096,108096
108110,108110,108110,Vincent Marchetti,active,108110,108110,108110,,108110
108114,108114,108114,Florian Miguel,active,108114,108114,108114,,108114
108117,108117,108117,Domingos Duarte,active,108117,108117,108117,108117,108117
108118,108118,108118,Dani Calvo,active,108118,108118,108118,,108118
108129,108129,108129,Lucas Torreira,active,108129,53972975068769,108129,108129,108129
108140,111476,111476,Rony,active,108140,108140,111476,,111476
108160,560969,560969,Danilo Arboleda,active,108160,108160,560969,,
108163,108163,108163,Joël Drommel,active,108163,108163,108163,108163,108163
108166,108166,560973,Remi Matthews,active,108166,108166,108166,,
108168,108168,560990,José Gomes,active,108168,108168,108168,,
108185,560991,560991,Jhon Fredy Salazar,active,108185,108185,560991,,
108187,108187,108187,Marlon Torres,active,108187,108187,108187,,108187
108198,108198,108198,Anon Amornlertsak,active,108198,108198,108198,,108198
108200,108200,108200,Gabriel Jesus,active,108200,52848498943656,108200,108200,108200
108201,108201,560994,Ćazim Suljić,active,108201,108201,108201,,
108218,561002,561002,Lucas Tousart,active,108218,108218,561002,,
108225,108225,108225,Kostas Tsimikas,active,108225,105746926773953,108225,,108225
108226,108226,108226,Borja Mayoral,active,108226,105636868236994,108226,108226,108226
108239,108239,108239,Fabián Ruiz,active,108239,56167434921679,108239,108239,108239
108245,108245,108245,André Horta,active,108245,108245,108245,,108245
108270,108270,108270,Umar Sadiq,active,108270,108270,108270,,108270
108274,108274,108274,Saúl Salcedo,active,108274,108274,108274,,108274
108279,108279,108279,Gianluigi Donnarumma,active,108279,52848498943735,108279,108279,108279
108317,108317,561006,Jordy Caicedo,active,108317,108317,108317,,
108323,561015,561015,Leonardo Kalil,active,108323,108323,561015,,
108344,108344,108344,Joe Williams,active,108344,108344,108344,,108344
108360,561031,561031,Andrija Novaković,active,108360,108360,561031,,
108361,108361,561052,Jerry Yates,active,108361,108361,108361,,
108373,108373,108373,Jokin Ezkieta,active,108373,108373,108373,,108373
108380,55522,55522,Alfonso Pedraza,active,108380,52851451733852,55522,,55522
108397,108397,108397,Assane Dioussé,active,108397,108397,108397,,108397
108401,108401,108401,Simone Pontisso,active,108401,108401,108401,,108401
108402,108402,108402,Frank Zambo Anguissa,active,108402,52786758788978,108402,108402,108402
108409,108409,108409,Maracás,active,108409,108409,108409,,108409
108421,108421,108421,Jeff Reine-Adelaide,active,108421,108421,108421,108421,108421
108439,540205,540205,Maurilio Gilberto,active,8497047,108439,540205,,540205
108450,108450,561054,Matheuzinho,active,108450,55068191729570,108450,,
108453,108453,108453,Martin Erlić,active,108453,105856985311141,108453,,108453
108469,108469,108469,Ryo Hatsuse,active,108469,53967606359989,108469,108469,108469
108475,108475,108475,Warren Caddy,active,108475,108475,108475,,108475
108477,561056,561056,Rungrat Phumichantuk,active,108477,105642253723581,561056,,
108486,108486,108486,Taiki Hirato,active,108486,53974317246406,108486,,108486
108491,108491,108491,Mouhamadou Sarr,active,108491,108491,108491,,108491
108512,108512,108512,Jhojan Valencia,active,108512,108512,108512,,108512
108519,62012,62012,Álex Arce,active,108519,108519,62012,,62012
108520,108520,561058,Luccas Barreto,active,108520,108520,108520,,
108525,108525,108525,Josh Cullen,active,108525,108525,108525,,108525
108566,108566,561062,Nicolas Lemaître,active,108566,108566,108566,,
108580,561065,561065,Éder Ferreira,active,108580,108580,561065,,
108587,108587,108587,David Duarte,active,108587,53979954391083,108587,,108587
108589,108589,108589,Antonino La Gumina,active,108589,108589,108589,,108589
108602,108602,108602,Juan Pérez,active,108602,108602,108602,,108602
108615,561070,561070,Richard Rentería,active,108615,108615,561070,,
108620,108620,108620,Francisco Sierralta,active,108620,108620,108620,,108620
108640,108640,108640,Andrés Llinás,active,108640,108640,108640,,108640
108643,108643,108643,Raimundo Rebolledo,active,108643,108643,108643,,108643
108646,108646,108646,Samuele Perisan,active,108646,108646,108646,,108646
108654,561095,561095,Zé Ivaldo,active,108654,53975659423854,561095,,
108656,108656,561120,Matheus Rossetto,active,108656,105769475352688,108656,,
108657,108657,108657,Lautaro Martínez,active,108657,55069802342513,108657,108657,108657
108662,108662,108662,Frenkie de Jong,active,108662,52788637837430,108662,108662,108662
108669,108669,108669,L. Martínez Quarta,active,108669,52846083025021,108669,108669,108669
108683,108683,108683,Henrique Trevisan,active,108683,53981296568459,108683,,108683
108688,108688,108688,Luca Ravanelli,active,108688,108688,108688,,108688
108692,55523,55523,Ramy Bensebaïni,active,108692,52900843858068,55523,,55523
108696,108696,108696,Nélson Semedo,active,108696,52868363167896,108696,108696,108696
108706,108706,108706,Mama Baldé,active,108706,108706,108706,,108706
108722,108722,108722,Omar Govea,active,108722,108722,108722,,108722
108725,108725,108725,Bruno Pittón,active,108725,108725,108725,,108725
108733,108733,108733,Jonathan Benítez,active,108733,108733,108733,,108733
108739,561129,561129,Alejandro Camargo,active,108739,108739,561129,,
108751,108751,108751,Giovani Lo Celso,active,108751,52874537183439,108751,108751,108751
108757,108757,561135,Gabriel Báez,active,108757,108757,108757,,
108771,108771,108771,Horacio Tijanovich,active,108771,108771,108771,,108771
108795,108795,561136,Juninho,active,108795,108795,108795,,
108802,108802,108802,Diego,active,108802,53876069869826,108802,,108802
108806,108806,108806,Willian Popp,active,108806,108806,108806,,108806
108812,108812,108812,Matheus Sávio,active,108812,53944789346572,108812,,108812
108813,561145,561145,Lucas Ramon,active,108813,108813,561145,,
108829,108829,108829,Giovanny,active,108829,108829,108829,,108829
108839,108839,108839,Lyanco,active,108839,108839,108839,,108839
108843,108843,561158,Marinho,active,108843,108843,108843,,
108858,108858,561162,Tauã,active,108858,108858,108858,,
108861,108861,561163,Mário Sérgio,active,108861,108861,108861,,
108865,108865,108865,Matheus Pereira,active,108865,108865,108865,,108865
108867,108867,108867,Matías Fernández,active,108867,108867,108867,,108867
108875,108875,561164,Eryin Sanhueza,active,108875,108875,108875,,
108879,108879,108879,Matías Campos López,active,108879,108879,108879,,108879
108880,108880,561165,Cristián Gutiérrez,active,108880,108880,108880,,
108881,108881,108881,Gabriel Suazo,active,108881,55067117988177,108881,,108881
108893,108893,108893,Álvaro Montero,active,108893,108893,108893,,108893
108905,108905,108905,Milot Rashica,active,108905,53969485408617,108905,108905,108905
108916,108916,108916,Stefan Gartenmann,active,108916,108916,108916,,108916
108917,108917,108917,Daniel Høegh,active,108917,108917,108917,,108917
108918,108918,561168,James Jones,active,108918,108918,108918,,
108927,108927,108927,Ola Aina,active,108927,108927,108927,,108927
108928,108928,108928,Jake Clarke-Salter,active,108928,108928,108928,,108928
108931,108931,108931,Antonee Robinson,active,108931,55067386423683,108931,,108931
108941,108941,108941,Bobby Decordova-Reid,active,108941,108941,108941,,108941
108945,108945,108945,Jed Wallace,active,108945,108945,108945,,108945
108955,108955,108955,Grady Diangana,active,108955,108955,108955,,108955
108959,108959,108959,Declan Rice,active,108959,52889838004639,108959,108959,108959
108966,108966,108966,Olivier Ntcham,active,108966,53971364456870,108966,108966,108966
108980,108980,108980,Rémy Descamps,active,108980,108980,108980,,108980
108983,108983,561176,Yohan Demoncy,active,108983,108983,108983,,
108984,108984,561178,Christopher Nkunku,active,108984,52882053376440,108984,,
108985,108985,108985,Odsonne Édouard,active,108985,108985,108985,108985,108985
108995,561181,561181,Vital Nsimba,active,108995,108995,561181,,
108996,561183,561183,Flann Clare,active,8497604,8497604,561183,,
109005,109005,109005,Joshua Kimmich,active,109005,52880174328269,109005,109005,109005
109010,109010,561206,Kevin Trapp,active,109010,109010,109010,,
109011,109011,561229,Dimitrios Goutas,active,109011,55070876084691,109011,,
109019,109019,561230,Edvinas Gertmonas,active,109019,109019,109019,,
109024,109024,109024,B. van den Boomen,active,109024,109024,109024,,109024
109029,109029,109029,Bart Nieuwkoop,active,109029,109029,109029,,109029
109044,109044,109044,Luuk Koopmans,active,109044,109044,109044,,109044
109045,109045,561231,Vincent Janssen,active,109045,109045,109045,,
109051,109051,561232,Oskar Zawada,active,109051,109051,109051,,
109055,109055,561233,Hélder Tavares,active,109055,109055,109055,,
109058,109058,109058,Nuno Santos,active,109058,52867826297346,109058,,109058
109078,109078,109078,José Carlos Lazo,active,109078,109078,109078,,109078
109080,109080,109080,Pablo Maffeo,active,109080,109080,109080,,109080
109091,109091,109091,Óscar Valentín,active,109091,109091,109091,,109091
109101,109101,109101,Aleix García,active,109101,109101,109101,,109101
109109,561235,561235,Antonio Raíllo,active,109109,55067654859317,561235,,
109121,109121,109121,Rubén Alcaraz,active,109121,55067654859329,109121,,109121
109123,109123,109123,Victor Lindelöf,active,109123,105629352045123,109123,109123,109123
109124,109124,109124,Manuel Akanji,active,109124,52888764262980,109124,109124,109124
109126,109126,109126,Nico Elvedi,active,109126,56167166487110,109126,109126,109126
109128,109128,109128,Harry Wilson,active,109128,52847425202760,109128,109128,109128
109144,109144,109144,Boris Radunović,active,109144,109144,109144,,109144
109153,109153,109153,Simone Perilli,active,109153,109153,109153,,109153
109213,109213,109213,Ionuț Radu,active,109213,52892253923997,109213,,109213
109217,109217,109217,Pedro Pereira,active,109217,109217,109217,,109217
109220,109220,109220,Amadou Diawara,active,109220,109220,109220,109220,109220
109226,109226,109226,Fabien Centonze,active,109226,109226,109226,,109226
109232,109232,109232,Adrien Tamèze,active,109232,105781018077872,109232,,109232
109234,561237,561237,Iván Alejo,active,109234,109234,561237,,
109239,109239,561239,Adrian Dabasse,active,109239,109239,109239,,
109243,109243,109243,Florian Ayé,active,109243,109243,109243,,109243
109252,109252,109252,Matteo Pessina,active,109252,105706393021124,109252,,109252
109253,109253,109253,Patrick Cutrone,active,109253,105818062170821,109253,109253,109253
109260,109260,109260,Habibou Diallo,active,109260,109260,109260,109260,109260
109263,109263,109263,Mattia Zaccagni,active,109263,55068997036751,109263,109263,109263
109266,109266,109266,Pierre Lees Melou,active,109266,105685723491026,109266,,109266
109283,109283,561255,Andrei Menzhinskii,active,8497891,8497891,109283,,
109292,109292,109292,Dan Glazer,active,109292,109292,109292,,109292
109296,109296,109296,Marko Jevtović,active,109296,109296,109296,,109296
109328,109328,109328,Joe Newell,active,109328,109328,109328,,109328
109329,109329,109329,Harry Maguire,active,109329,52890374875921,109329,109329,109329
109343,109343,109343,André Silva,active,109343,109343,109343,109343,109343
109351,109351,109351,Hamari Traoré,active,109351,109351,109351,,109351
109355,109355,109355,Théo Guivarch,active,109355,109355,109355,,109355
109364,109364,109364,Ivan Toney,active,109364,52777363548980,109364,,109364
109375,109375,109375,S. Milinković-Savić,active,16886591,70380018576191,109375,109375,109375
109380,109380,109380,Tiago Sá,active,109380,109380,109380,,109380
109386,109386,109386,Youssef A. Bennasser,active,109386,105758737935178,109386,,109386
109391,109391,109391,Josh Laurent,active,109391,109391,109391,,109391
109392,109392,109392,Joe Lumley,active,109392,109392,109392,,109392
109402,109402,109402,Ludovic Blas,active,109402,52877758409562,109402,,109402
109443,561274,561274,Barney Leith,active,8498051,8498051,561274,,
109453,109453,561280,Matteo Pisseri,active,109453,109453,109453,,
109457,109457,109457,Luca Vignali,active,109457,109457,109457,,109457
109474,109474,109474,Davide Biraschi,active,109474,109474,109474,,109474
109485,109485,561284,Manuel Cicconi,active,109485,109485,109485,,
109515,109515,109515,Marco Festa,active,109515,109515,109515,,109515
109532,109532,109532,Nuno Da Costa,active,109532,55069265472476,109532,,109532
109534,109534,109534,Václav Černý,active,109534,53980222827486,109534,,109534
109540,109540,109540,João Palhinha,active,109540,52900843858916,109540,109540,109540
109547,109547,109547,Max O'Leary,active,109547,109547,109547,,109547
109551,109551,109551,Dael Fry,active,109551,109551,109551,,109551
109553,561286,561286,Camile Fouche,active,8498161,8498161,561286,,
109560,107990,107990,Theodre Soper,active,8498168,8498168,107990,,107990
109563,109563,109563,Lassana Coulibaly,active,109563,55068997037051,109563,,109563
109564,109564,109564,Ibrahima Sissoko,active,109564,83995644,109564,,109564
109566,109566,109566,Ronaldo,active,109566,109566,109566,,109566
109568,561305,561305,Jay-Roy Grot,active,109568,109568,561305,,
109574,109574,109574,Regan Charles-Cook,active,109574,109574,109574,,109574
109579,109579,109579,Axel Disasi,active,109579,70376528915467,109579,109579,109579
109580,109580,109580,Bruno Viana,active,109580,55069265472524,109580,,109580
109596,561314,561314,Nika Gauk,active,8498204,8498204,561314,,
109607,109607,109607,William Tesillo,active,109607,109607,109607,,109607
109609,109609,109609,Guillermo Celis,active,109609,109609,109609,,109609
109618,109618,109618,Omar Albornoz,active,109618,109618,109618,,109618
109629,109629,109629,Mateus Uribe,active,109629,105649484704829,109629,,109629
109633,109633,561316,Andrés Ibargüen,active,109633,109633,109633,,
109636,109636,109636,Marco Pérez,active,109636,109636,109636,,109636
109637,109637,109637,Sebastián Villa,active,109637,109637,109637,,109637
109710,109710,561319,Carmelo Algarañaz,active,109710,109710,109710,,
109739,109739,109739,Adam Bareiro,active,109739,109739,109739,,109739
109772,109772,109772,Edison Flores,active,109772,109772,109772,,109772
109791,110603,110603,Gustavo Velázquez,active,109791,109791,110603,,110603
109805,109805,561320,José Canale,active,109805,109805,109805,,
109827,109827,561323,Joaquín Varela,active,109827,109827,109827,,
109842,109842,109842,Maximiliano Falcón,active,109842,109842,109842,,109842
109849,109849,109849,Mathías Olivera,active,109849,52872121265433,109849,,109849
109872,109872,109872,Pervis Estupiñán,active,109872,52898964811056,109872,,109872
109907,109907,109907,Giuseppe Pezzella,active,109907,55068997037395,109907,,109907
109911,109911,109911,Emil Krafth,active,109911,109911,109911,109911,109911
109941,109941,109941,Alessandro Deiola,active,109941,109941,109941,,109941
109942,109942,109942,Matteo Grandi,active,109942,109942,109942,,109942
109947,109947,109947,Jefferson Lerma,active,109947,105724109761915,109947,109947,109947
109948,109948,561340,Nebojša Kosović,active,109948,109948,109948,,
109956,561342,561342,Lander Olaetxea,active,109956,109956,561342,,
109962,634250,634250,Liberto Beltrán,active,109962,109962,634250,,634250
109966,109966,109966,Antonio Puertas,active,109966,109966,109966,,109966
109989,109989,109989,Álvaro Lemos,active,109989,109989,109989,,109989
109995,109995,109995,Lluís López,active,109995,109995,109995,,109995
109997,109997,109997,Mario Hermoso,active,109997,52899501682093,109997,109997,109997
110000,110000,110000,Iza Carcelén,active,110000,110000,110000,,110000
110012,561353,561353,Stefan Kanevsky,active,8498620,8498620,561353,,
110052,110052,110052,Cedric Gondo,active,110052,110052,110052,,110052
110063,110063,561358,Thiago Santos,active,110063,110063,110063,,
110068,110068,110068,Wanderson,active,110068,53972438199796,110068,,110068
110079,110079,110079,Ben Chilwell,active,110079,52777363549695,110079,110079,110079
110083,110083,110083,Gautier Larsonneur,active,110083,110083,110083,,110083
110092,110092,561366,Connor Ronan,active,110092,110092,110092,,
110108,110108,110108,Max Stryjek,active,110108,110108,110108,,110108
110150,110150,110150,Josua Mejías,active,110150,110150,110150,,110150
110154,110154,110154,Eduard Bello,active,110154,110154,110154,,110154
110257,110257,110257,Juan Pintado,active,110257,110257,110257,,110257
110266,110266,110266,Yannick Thoelen,active,110266,110266,110266,,110266
110275,110275,561374,Cícero,active,110275,110275,110275,,
110292,110292,110292,Sergi Canós,active,110292,110292,110292,,110292
110303,110303,110303,Ante Budimir,active,110303,55067654860511,110303,110303,110303
110331,110331,110331,Filippo Bandinelli,active,110331,110331,110331,,110331
110356,110356,110356,Kalvin Phillips,active,110356,105553384812308,110356,110356,110356
110362,110362,110362,Léo,active,110362,110362,110362,,110362
110376,110376,110376,Alexandre Olliero,active,110376,110376,110376,,110376
110378,110378,110378,Claudinho,active,16887594,16887594,110378,,110378
110380,110380,110380,Toni Villa,active,110380,110380,110380,,110380
110394,110394,110394,Lucas Perri,active,110394,55061480845114,110394,,110394
110410,110410,110410,Martín Sarrafiore,active,110410,110410,110410,,110410
110412,110412,110412,Bruno Rodrigues,active,110412,110412,110412,,110412
110415,110415,110415,Esteban Rolón,active,110415,110415,110415,,110415
110416,110416,561394,Alex Santana,active,110416,110416,110416,,
110422,110422,110422,Renato Kayzer,active,110422,110422,110422,,110422
110431,110431,110431,Roman Yaremchuk,active,110431,52868363169631,110431,110431,110431
110439,110439,110439,Pablo Fornals,active,110439,105852958781287,110439,110439,110439
110443,110443,561397,Rivaldinho,active,110443,110443,110443,,
110458,110458,110458,Kenneth Paal,active,110458,55070876086138,110458,,110458
110460,110460,110460,Kelvin Amian,active,110460,110460,110460,,110460
110461,110461,110461,Mathieu Cafaro,active,110461,110461,110461,,110461
110475,561402,561402,Ayrton Lucas,active,110475,105637941981067,561402,,
110484,110484,110484,Jérémy Gélin,active,110484,110484,110484,,110484
110485,110485,110485,Nicolas Janvier,active,110485,110485,110485,,110485
110491,110491,110491,Thomas Rodríguez,active,110491,110491,110491,,110491
110495,561405,561405,Santiago Colombatto,active,110495,110495,561405,,
110520,110520,110520,Gonzalo Montiel,active,110520,105764375080888,110520,110520,110520
110530,58998,58998,Philipp Lienhart,active,110530,52875342491586,58998,,58998
110553,110553,561417,Miroslav Ravlić,active,8499161,8499161,110553,,
110555,110555,110555,Axel Tuanzebe,active,110555,110555,110555,110555,110555
110557,110557,110557,Ismaël Bennacer,active,110557,110557,110557,110557,110557
110559,110559,110559,Juninho Capixaba,active,110559,55068191731679,110559,,110559
110562,110562,110562,Ronaldo,active,110562,110562,110562,,110562
110565,561424,561424,Marlon,active,110565,110565,561424,,
110571,110571,110571,Gil Dias,active,110571,110571,110571,,110571
110580,110580,110580,José Arnáiz,active,110580,110580,110580,,110580
110596,110596,110596,Mikel Oyarzabal,active,110596,52846619897860,110596,110596,110596
110599,110599,110599,Ademola Lookman,active,110599,52894132973575,110599,,110599
110600,110600,110600,Alexis Soto,active,110600,110600,110600,,110600
110608,110608,110608,Exequiel Palacios,active,110608,52784611307536,110608,110608,110608
110614,110614,110614,Tomás Pochettino,active,110614,53976464732182,110614,,110614
110616,110616,561428,Yhoan Andzouana,active,110616,53982638747672,110616,,
110620,110620,110620,Gavriel Kanichowsky,active,110620,110620,110620,,110620
110626,110626,110626,Ousmane Dembélé,active,110626,52887690522658,110626,110626,110626
110633,110633,110633,Javi Galán,active,110633,110633,110633,,110633
110635,110635,110635,Rafa Mir,active,110635,110635,110635,,110635
110638,110638,110638,Marcus Rashford,active,110638,52894938279982,110638,110638,110638
110644,110644,110644,Raphinha,active,110644,52892522360884,110644,110644,110644
110645,110645,110645,Issa Diop,active,110645,52901649166389,110645,110645,110645
110646,110646,110646,Javi Ontiveros,active,110646,110646,110646,,110646
110648,110648,110648,Romain Del Castillo,active,110648,55067117989944,110648,,110648
110650,110650,110650,Berat Djimsiti,active,110650,52876953104442,110650,110650,110650
110651,110651,110651,Amir Rrahmani,active,110651,52877758410811,110651,,110651
110657,110657,110657,Ádám Nagy,active,110657,110657,110657,110657,110657
110664,110664,110664,Emre Taşdemir,active,110664,110664,110664,,110664
110677,110677,110677,Rodrigo Becão,active,110677,105641968513109,110677,,110677
110679,110679,110679,Tosin Adarabioyo,active,110679,52891717054551,110679,,110679
110681,110681,110681,Lucas Veríssimo,active,110681,110681,110681,,110681
110687,110687,110687,Jean-Victor Makengo,active,110687,110687,110687,,110687
110696,561435,561435,Ulien Hirchmann,active,8499304,55067117989992,561435,,
110698,34938,34938,Trent Levy,active,8499306,8499306,34938,,34938
110718,110718,110718,Kylian Mbappé,active,110718,52849035817086,110718,110718,110718
110719,110719,110719,Quentin Braat,active,110719,110719,110719,,110719
110756,561436,561436,Joaquín Fernández,active,110756,110756,561436,,
110761,110761,110761,Pantelis Hatzidiakos,active,110761,110761,110761,,110761
110762,110762,110762,Pepelu,active,110762,55067654860970,110762,,110762
110768,38274,38274,Alain Malory,active,8499376,8499376,38274,,38274
110773,110773,110773,Gaëtan Paquiez,active,110773,110773,110773,,110773
110774,110774,110774,C. Carter-Vickers,active,110774,110774,110774,,110774
110780,110780,110780,Thomas Henry,active,110780,110780,110780,,110780
110784,110784,110784,Jules Koundé,active,110784,52871852830912,110784,110784,110784
110790,110790,110790,Eray Cömert,active,110790,110790,110790,110790,110790
110794,110794,110794,Ezri Konsa,active,110794,55070607651018,110794,,110794
110797,110797,561443,Lucas Tocantins,active,110797,110797,110797,,
110799,110799,561446,Léo Pétrot,active,110799,110799,110799,,
110801,110801,561447,Gaëtan Perrin,active,110801,110801,110801,,
110802,110802,110802,Yago Pikachu,active,110802,110802,110802,,110802
110807,110807,561457,Lewie Coyle,active,110807,110807,110807,,
110809,110809,110809,Mitchell van Bergen,active,110809,110809,110809,,110809
110812,110812,110812,Djibril Sow,active,110812,110812,110812,110812,110812
110815,110815,110815,Rodri,active,110815,56167971795167,110815,110815,110815
110824,110824,110824,Andrew Gravillon,active,110824,110824,110824,,110824
110827,114921,114921,Jonas Hofmann,active,110827,52776558244075,114921,,114921
110834,110834,561462,Pablo Magnín,active,110834,110834,110834,,
110838,110838,110838,Alexander Sørloth,active,110838,55067654861046,110838,110838,110838
110839,110839,110839,Andraž Šporar,active,110839,110839,110839,110839,110839
110840,110840,110840,Gorka Guruzeta,active,110840,52849035817208,110840,,110840
110847,110847,110847,Federico Mateos,active,110847,110847,110847,,110847
110851,561485,561485,Sergio Akieme,active,110851,110851,561485,,
110852,110852,110852,Sergio Peña,active,110852,110852,110852,,110852
110866,110866,110866,Richarlison,active,110866,52780584775954,110866,110866,110866
110874,110874,110874,Rodrigo Holgado,active,110874,110874,110874,,110874
110902,15416,15416,Dani Olmo,active,110902,52891985490230,15416,,15416
110910,110910,110910,Gabriel,active,110910,110910,110910,,110910
110916,635204,635204,Lucas França,active,110916,110916,635204,,635204
110925,561486,561486,Ardian Đurović,active,8499533,8499533,561486,,
110931,110931,110931,Callum Brittain,active,110931,110931,110931,,110931
110946,110946,110946,Joe Rodon,active,110946,52845546156386,110946,110946,110946
110947,110947,110947,Daniel James,active,110947,105635257626979,110947,110947,110947
110958,110958,110958,Toni Lato,active,110958,110958,110958,,110958
111001,111001,111001,Fernando Zampedri,active,111001,111001,111001,,111001
111002,111002,561489,Richard O'Donnell,active,111002,111002,111002,,
111017,111017,111017,Ben Godfrey,active,111017,111017,111017,111017,111017
111021,111021,111021,Ben Pearson,active,111021,111021,111021,,111021
111027,111027,111027,Cristian Tarragona,active,111027,111027,111027,,111027
111028,111028,111028,Rodrigo Aliendro,active,111028,111028,111028,,111028
111032,111032,111032,Renato Steffen,active,111032,111032,111032,111032,111032
111040,111040,561507,Bautista Merlini,active,111040,111040,111040,,
111052,111052,111052,Panagiotis Retsos,active,111052,111052,111052,,111052
111058,111058,561513,Tomás Conechny,active,111058,105751758614994,111058,,
111061,59355,59355,Marco Friedl,active,111061,111061,59355,,59355
111062,111062,111062,Camilo Moya,active,111062,111062,111062,,111062
111073,111073,111073,Marcos Senesi,active,111073,52888495829473,111073,111073,111073
111074,55531,55531,Santiago Ascacíbar,active,111074,111074,55531,,55531
111076,561529,561529,Claudio Bravo,active,111076,111076,561529,,
111082,111082,111082,Salvador Cordero,active,111082,111082,111082,,111082
111083,111083,111083,Ryotaro Ito,active,111083,53878754226667,111083,111083,111083
111085,111085,111085,Ryoya Ogawa,active,111085,105787192095213,111085,111085,111085
111089,111089,111089,Yoichi Naganuma,active,111089,53881707016689,111089,111089,111089
111090,111090,111090,Tsukasa Morishima,active,111090,53968411668978,111090,111090,111090
111091,111091,111091,Mutsuki Kato,active,111091,105640894771699,111091,,111091
111093,111093,561538,Ismael Diaz,active,111093,111093,111093,,
111096,111096,111096,Nahuel Molina,active,111096,52899233247736,111096,,111096
111097,111097,561541,Pedro Silva,active,111097,111097,111097,,
111101,111101,561556,Christian Moreno,active,111101,111101,111101,,
111124,111124,111124,Danilo Quaranta,active,111124,111124,111124,,111124
111126,561557,561557,Nicholas Pierini,active,111126,111126,561557,,
111128,561572,561572,Arnolid Volodin,active,8499736,8499736,561572,,
111130,111130,111130,Justin Bijlow,active,111130,52880442765850,111130,111130,111130
111138,111138,111138,Remo Freuler,active,111138,105831215510050,111138,111138,111138
111152,111152,111152,Josh Tymon,active,111152,111152,111152,,111152
111164,111164,561574,Myenty Abena,active,111164,105848126943804,111164,,
111168,561577,561577,Chidozie Awaziem,active,111168,111168,561577,,
111172,111172,111172,Odysseas Vlachodimos,active,111172,52847425204804,111172,111172,111172
111174,111174,111174,Milan Škriniar,active,111174,52885811475014,111174,111174,111174
111175,111175,111175,Fabio Depaoli,active,111175,111175,111175,,111175
111177,111177,561579,Jefté Betancor,active,111177,111177,111177,,
111186,111186,561582,Stefan Ashkovski,active,111186,111186,111186,,
111201,561592,561592,Breno Lopes,active,111201,55069533909601,561592,,
111207,111207,111207,Gabriel Magalhães,active,111207,55067386425959,111207,111207,111207
111212,111212,111212,Lucas Fernandes,active,111212,53968948540012,111212,,111212
111252,111252,111252,Théo Hernández,active,111252,52890106442388,111252,111252,111252
111255,100231,100231,Shen Guoping,active,8499863,105735434384023,100231,,100231
111265,111265,111265,Danilho Doekhi,active,111265,111265,111265,,111265
111272,561594,561594,Alessandro Confente,active,111272,111272,561594,,
111277,111277,111277,Keinan Davis,active,111277,111277,111277,,111277
111280,111280,111280,Cristian Romero,active,111280,52783806001840,111280,111280,111280
111287,111287,111287,Francis Mac Allister,active,111287,105756053582519,111287,,111287
111295,111295,111295,Facundo Cambeses,active,111295,111295,111295,,111295
111304,561611,561611,Gennadi Kostomarov,active,8499912,8499912,561611,,
111309,111309,111309,Ignacio Chicco,active,111309,111309,111309,,111309
111324,111324,561615,Tomás Molina,active,111324,111324,111324,,
111342,111342,111342,Carles Aleñá,active,111342,105837121090286,111342,111342,111342
111343,111343,111343,Mariano Díaz,active,111343,111343,111343,111343,111343
111366,111366,111366,João Ricardo,active,111366,53974854120198,111366,,111366
111388,111388,561618,Neris,active,111388,111388,111388,,
111399,111399,111399,Raniel,active,111399,111399,111399,,111399
111408,111408,111408,Pedro,active,111408,55068191732528,111408,111408,111408
111415,111415,561624,Omar Carabalí,active,111415,111415,111415,,
111419,55533,55533,Germán Berterame,active,111419,53879827968827,55533,,55533
111420,111420,111420,Franco Troyansky,active,111420,111420,111420,,111420
111422,117485,117485,Raphael Veiga,active,111422,55068191732542,117485,,117485
111428,111428,111428,Cédric Itten,active,111428,111428,111428,111428,111428
111438,111438,561625,Damian van Bruggen,active,111438,111438,111438,,
111448,111448,111448,Jon Bautista,active,111448,111448,111448,,111448
111450,111450,111450,Dean Henderson,active,111450,52886079910746,111450,111450,111450
111455,111455,111455,Léo Duarte,active,111455,111455,111455,111455,111455
111465,111465,111465,Joe Rothwell,active,111465,111465,111465,,111465
111470,111470,111470,Cleiton,active,111470,106774766138222,111470,,111470
111472,111472,111472,Capixaba,active,111472,53969216975728,111472,,111472
111473,111473,111473,Lucas Fernandes,active,111473,111473,111473,,111473
111481,111481,111481,Leonardo Sernicola,active,111481,111481,111481,,111481
111484,111484,111484,Riccardo Orsolini,active,111484,55068997038972,111484,111484,111484
111485,111485,561631,Veljko Birmančević,active,111485,111485,111485,,
111486,111486,111486,Dušan Vlahović,active,111486,52852257043326,111486,111486,111486
111490,561633,561633,Nyura Arbutina,active,8500098,105649753142146,561633,,
111498,111498,561647,Bernard Konoplev,active,8500106,8500106,111498,,
111517,111517,111517,Hiroki Noda,active,111517,111517,111517,111517,111517
111518,111518,111518,Hiroto Goya,active,111518,53985054667678,111518,111518,111518
111519,111519,111519,Kazunari Ichimi,active,111519,53976733168543,111519,,111519
111527,113995,113995,Cao Binzhe,active,8500135,8500135,113995,,113995
111531,111531,111531,Go Hatano,active,111531,105665590834091,111531,111531,111531
111591,114703,114703,Song Tingxin,active,8500199,8500199,114703,,114703
111639,111639,561665,Evgeni Grigoryeva,active,8500247,105714496418839,111639,,
111672,111672,111672,Supachok Sarachat,active,111672,53945057784888,111672,,111672
111689,111689,111689,Thomas Deng,active,111689,105666664576073,111689,,111689
111730,540636,540636,Sami Al Naji,active,16888946,16888946,540636,,540636
111751,111751,561671,Nika Ljapunov,active,8500359,8500359,111751,,
111800,111800,111800,Rúben Dias,active,111800,55068460168376,111800,111800,111800
111804,111804,111804,Lucas Paquetá,active,111804,55067386426556,111804,111804,111804
111808,111808,111808,Dodô,active,111808,105801956046016,111808,111808,111808
111809,111809,111809,Fabrício Bruno,active,111809,53975659427009,111809,,111809
111839,111839,111839,Dani Raba,active,111839,55068728603871,111839,,111839
111844,111844,111844,Andrea Beghetto,active,111844,111844,111844,,111844
111845,111845,561676,Alessandro Bellemo,active,111845,111845,111845,,
111852,111852,111852,Manuel Lazzari,active,111852,111852,111852,111852,111852
111909,111909,111909,Hamza Choudhury,active,111909,111909,111909,111909,111909
111928,111928,111928,Isi Palazón,active,111928,111928,111928,,111928
111933,636221,636221,Unai Elgezabal,active,111933,111933,636221,,636221
111935,111935,111935,Carlos Pomares,active,111935,111935,111935,,111935
111967,125067,125067,Sebastián Díaz,active,111967,111967,125067,,125067
111978,111978,561679,Kenny Dougall,active,111978,105812961899882,111978,,
111979,111979,111979,Sherel Floranus,active,111979,111979,111979,,111979
111982,111982,561691,Ilias Alhaft,active,111982,111982,111982,,
111986,111986,111986,Denzel Dumfries,active,111986,56162871522674,111986,111986,111986
112009,112009,112009,Robin Le Normand,active,112009,52890106443145,112009,,112009
112012,112012,112012,Kyle Walker-Peters,active,112012,105806787884428,112012,112012,112012
112015,112015,112015,Carlos Soler,active,112015,52847693641103,112015,112015,112015
112022,112022,112022,Amath Ndiaye,active,112022,112022,112022,112022,112022
112034,112034,112034,Dany Mota,active,112034,55068997039522,112034,,112034
112061,112061,112061,Nemanja Maksimović,active,16889277,8500669,112061,112061,112061
112062,112062,112062,Aleksandr Golovin,active,112062,112062,112062,112062,112062
112065,540642,540642,Pedro Miguel,active,16889281,105772210042305,540642,,540642
112067,561697,561697,Akram Afif,active,16889283,105803616990659,561697,,
112069,112069,112069,Kieran Tierney,active,112069,52886348346821,112069,112069,112069
112070,112070,112070,John McGinn,active,112070,56161260910022,112070,112070,112070
112072,112072,561704,Florin Tănase,active,112072,112072,112072,,
112084,112084,112084,Çağlar Söyüncü,active,112084,53973511943636,112084,112084,112084
112094,112094,561706,Bartosz Kapustka,active,112094,112094,112094,,
112104,112104,112104,Christian Pulišić,active,112104,52882321815016,112104,112104,112104
112124,112124,561710,Toby Boulting,active,8500732,8500732,112124,,
112132,112132,561719,Barnard Macmillan,active,8500740,8500740,112132,,
112136,112136,561720,Fabian MacGregor,active,8500744,8500744,112136,,
112137,112137,561721,Patson Daka,active,112137,112137,112137,,
112144,112144,112144,Somporn Yos,active,112144,112144,112144,,112144
112146,112146,112146,Adisorn Promrak,active,112146,112146,112146,,112146
112149,112149,112149,Tanaboon Kesarat,active,112149,112149,112149,112149,112149
112150,561724,561724,Thossawat L.,active,112150,112150,561724,,
112152,112152,112152,Sivakorn Tiatrakul,active,112152,112152,112152,,112152
112153,112153,112153,Wuilker Fariñez,active,112153,112153,112153,112153,112153
112156,561728,561728,Damian Bridger,active,8500764,8500764,561728,,
112157,561734,561734,Osmand Dench,active,8500765,8500765,561734,,
112158,112158,561758,Moin Bin Farid,active,8500766,8500766,112158,,
112161,112161,561765,Imad Luay,active,8500769,8500769,112161,,
112172,112172,561769,Christian Martinez,active,112172,112172,112172,,
112173,112173,561776,Roderick Miller,active,112173,112173,112173,,
112185,112185,561784,Jafar Wael,active,8500793,105772210042425,112185,,
112187,112187,561790,Vafa Sabri,active,8500795,8500795,112187,,
112188,112188,561794,Morteza Hajji,active,8500796,8500796,112188,,
112189,112189,561797,Ihsan Tufail,active,8500797,8500797,112189,,
112210,112210,561798,Antony Hirt,active,8500818,8500818,112210,,
112214,112214,561799,Fernand Gleize,active,8500822,8500822,112214,,
112218,112218,112218,Yves Bissouma,active,112218,112218,112218,112218,112218
112228,112228,561805,Sékou Koïta,active,112228,112228,112228,,
112229,112229,112229,Rominigue Kouamé,active,112229,112229,112229,,112229
112247,112247,112247,Jawad El Yamiq,active,112247,52781390083703,112247,,112247
112253,112253,561815,Marwane Saadane,active,112253,112253,112253,,
112262,112262,112262,Alex Rufer,active,112262,112262,112262,,112262
112263,112263,561819,Logan Rogerson,active,112263,112263,112263,,
112283,561822,561822,Peter Etebo,active,112283,112283,561822,,
112314,112314,561824,Soheil Jawdat,active,8500922,8500922,112314,,
112335,63625,63625,Aitor Noval,active,8500943,8500943,63625,,63625
112338,112455,112455,Pedram Kalantari,active,8500946,8500946,112455,,112455
112340,112340,112340,Saeid Ezatolahi,active,16889556,8500948,112340,,112340
112341,117755,117755,Rahimi Yarmohammadi,active,8500949,8500949,117755,,117755
112348,112348,561889,Obaidullah Redouane,active,8500956,8500956,112348,,
112376,112376,112376,Jonathan Tah,active,112376,112376,112376,112376,112376
112377,561893,561893,Alessandro Schöpf,active,112377,112377,561893,,
112384,112384,112384,Mohamed Hany,active,112384,105852237362944,112384,,112384
112393,112393,112393,Anton Nedyalkov,active,112393,112393,112393,,112393
112398,112398,112398,Hervé Koffi,active,112398,112398,112398,,112398
112401,112401,561917,Félix Marmottan,active,8501009,8501009,112401,,
112417,112417,112417,Moumi Ngamaleu,active,112417,112417,112417,,112417
112433,112433,112433,Jannik Vestergaard,active,112433,112433,112433,112433,112433
112446,65066,65066,Ellery Maudslay,active,8501054,8501054,65066,,65066
112458,561926,561926,Igor Zubeldia,active,112458,52847156770634,561926,,
112461,112461,112461,David Okereke,active,112461,112461,112461,,112461
112492,112492,112492,Sam Morsy,active,112492,112492,112492,,112492
112503,112503,112503,Dani Rodríguez,active,112503,55068728604535,112503,112503,112503
112508,112508,112508,Yoann Salmier,active,112508,112508,112508,,112508
112519,112519,561938,Alfonso Herrero,active,112519,112519,112519,,
112523,112523,112523,Sergio Reguilón,active,112523,112523,112523,112523,112523
112528,561958,561958,Aleix Febas,active,112528,112528,561958,,
112571,112571,112571,Joe Worrall,active,112571,112571,112571,,112571
112573,112573,112573,Tom Davies,active,112573,112573,112573,112573,112573
112576,112576,112576,Sofiane Alakouch,active,112576,112576,112576,,112576
112582,112582,561965,Pedro Pacheco,active,112582,112582,112582,,
112583,112583,112583,Nikola Milenković,active,112583,55070607652807,112583,112583,112583
112585,112585,112585,Charles Pickel,active,112585,83998665,112585,,112585
112589,561976,561976,Leonardo Candellone,active,112589,112589,561976,,
112603,60149,60149,Timi Elšnik,active,112603,105836047349723,60149,,60149
112637,112637,561982,Isnik Alimi,active,112637,112637,112637,,
112659,112659,112659,Sebastián Cabrera,active,112659,112659,112659,,112659
112661,112661,112661,Marco Collao,active,112661,112661,112661,,112661
112663,112663,112663,Sebastián Galani,active,112663,112663,112663,,112663
112667,561995,561995,Joe Abrigo,active,112667,112667,561995,,
112723,112723,562102,Emanuele Adamo,active,112723,112723,112723,,
112747,112747,112747,Jonathan McLaughlin,active,112747,112747,112747,112747,112747
112789,562105,562105,José Antonio Caro,active,112789,112789,562105,,
112795,562112,562112,Andrija Vukčević,active,112795,112795,562112,,
112806,112806,112806,Rico Henry,active,112806,112806,112806,,112806
112829,112829,562115,Alexis Sauvage,active,112829,112829,112829,,
112833,112833,112833,Julien Lopez,active,112833,112833,112833,,112833
112882,112882,112882,Paolo Rozzio,active,112882,112882,112882,,112882
112885,112885,112885,Matteo Ricci,active,112885,112885,112885,,112885
112891,112891,112891,Nicola Mosti,active,112891,112891,112891,,112891
112896,112896,112896,Francesco Cassata,active,112896,112896,112896,,112896
112897,112897,112897,Giacomo Calò,active,112897,112897,112897,,112897
112907,112907,112907,Sam Field,active,112907,112907,112907,,112907
112921,112921,112921,Maximiliano Lovera,active,112921,112921,112921,,112921
112931,112931,112931,Robert Dickie,active,112931,112931,112931,,112931
112940,562117,562117,Álvaro Odriozola,active,112940,112940,562117,,
112948,112948,112948,Greg Leigh,active,112948,112948,112948,,112948
112962,112962,112962,Adam Davies,active,112962,112962,112962,112962,112962
112963,112963,112963,Jack Walton,active,112963,112963,112963,,112963
112970,112970,112970,James Bree,active,112970,112970,112970,,112970
112990,112990,112990,Juanpe,active,112990,112990,112990,,112990
113038,113038,562118,Fernando Juárez,active,113038,113038,113038,,
113039,113039,562125,Emanuel Reynoso,active,113039,53878217357711,113039,,
113040,113040,113040,Nahuel Bustos,active,113040,113040,113040,,113040
113065,113065,113065,Fikayo Tomori,active,113065,52891985492393,113065,113065,113065
113066,113066,113066,Tammy Abraham,active,113066,52878026848682,113066,113066,113066
113072,113072,113072,Emmanuel Ojeda,active,113072,113072,113072,,113072
113081,113081,113081,Gonzalo Escobar,active,113081,113081,113081,,113081
113091,113091,562150,Bradley Mazikou,active,113091,113091,113091,,
113092,113092,113092,Erwin Koffi,active,113092,113092,113092,,113092
113098,113098,113098,Josh Vickers,active,113098,113098,113098,,113098
113148,113148,562158,Luca Parodi,active,113148,113148,113148,,
113189,113189,562159,Rubén Sánchez,active,113189,113189,113189,,
113219,113219,113219,Günay Güvenç,active,113219,53977806912067,113219,,113219
113224,113224,113224,Fatih Aksoy,active,113224,113224,113224,,113224
113236,113236,113236,Fedor Chalov,active,113236,113236,113236,113236,113236
113240,113240,113240,Dion Cools,active,113240,106761881238104,113240,,113240
113241,113241,113241,Brandon Mechele,active,113241,113241,113241,113241,113241
113244,113244,113244,Hans Vanaken,active,113244,56166898055772,113244,113244,113244
113253,113253,113253,Igor Julio,active,113253,105727599426149,113253,,113253
113264,562182,562182,Adrian Šemper,active,113264,113264,562182,,
113265,113265,562187,Borna Sosa,active,113265,113265,113265,,
113271,113271,113271,Nikola Moro,active,113271,105782628694647,113271,,113271
113283,113283,113283,Alexander Nübel,active,113283,113283,113283,113283,113283
113284,113284,113284,Thilo Kehrer,active,113284,52874805623428,113284,113284,113284
113289,42181,42181,Jon Gorenc Stankovič,active,113289,113289,42181,,42181
113295,562189,562189,Felix Passlack,active,113295,113295,562189,,
113297,113297,113297,Jacob Bruun Larsen,active,113297,105822088706705,113297,113297,113297
113300,113300,562190,Janni Serra,active,113300,113300,113300,,
113326,113326,562195,Agustín Cardozo,active,113326,113326,113326,,
113333,113333,113333,Viti Rozada,active,113333,113333,113333,,113333
113334,113334,113334,Christian Kabasele,active,113334,113334,113334,113334,113334
113337,113337,113337,Patrik Carlgren,active,113337,113337,113337,,113337
113338,113338,113338,Denis Zakaria,active,113338,52848767384250,113338,113338,113338
113340,113340,113340,Oleksandr Zinchenko,active,113340,52845546158780,113340,113340,113340
113342,113342,113342,Marlon Freitas,active,113342,52887422089918,113342,,113342
113354,113354,113354,Jordan Lefort,active,113354,113354,113354,,113354
113364,113364,113364,Tchê Tchê,active,113364,105796855773908,113364,,113364
113365,113365,113365,Matheus Jesus,active,113365,53981296573141,113365,,113365
113379,113379,113379,Luiz Araújo,active,113379,53977538476771,113379,,113379
113405,113405,113405,T. Alexander-Arnold,active,113405,52883932429053,113405,113405,113405
113406,113406,113406,Oviemuno Ejaria,active,113406,113406,113406,113406,113406
113408,113408,113408,Allan,active,113408,113408,113408,,113408
113414,113414,113414,Nikola Storm,active,113414,113414,113414,,113414
113432,562197,562197,Sebastián Pérez,active,113432,113432,562197,,
113436,113436,113436,Juan Leiva,active,113436,113436,113436,,113436
113441,106678,106678,Grégoire Azema,active,8502049,70373844564769,106678,,106678
113443,113443,113443,Valentin Rosier,active,113443,113443,113443,,113443
113446,562239,562239,John Victor,active,113446,113446,562239,,
113452,113452,113452,Igor Vinícius,active,113452,113452,113452,,113452
113453,113453,562240,Bruno Leonardo,active,113453,113453,113453,,
113458,113458,562292,Thaciano,active,113458,113458,113458,,
113481,540206,540206,Erico Hernandes,active,8502089,105626667694921,540206,,540206
113487,113487,113487,Jorge Fellipe,active,113487,105752295488335,113487,,113487
113490,113490,113490,Nicolas,active,113490,113490,113490,,113490
113502,113502,113502,Yoane Wissa,active,113502,55067386428254,113502,,113502
113503,113503,113503,Ludovic Ajorque,active,113503,113503,113503,,113503
113515,113515,113515,Keiller,active,113515,113515,113515,,113515
113525,113525,113525,Éder Militão,active,113525,52889301138293,113525,113525,113525
113529,113529,113529,Guilherme Bissoli,active,113529,106760807496569,113529,,113529
113558,126848,126848,Lucas Blondel,active,113558,113558,126848,,126848
113559,113559,562310,Enzo Copetti,active,113559,113559,113559,,
113569,113569,562320,Joel Coleman,active,113569,113569,113569,,
113574,113574,113574,Daniel Bentley,active,113574,113574,113574,,113574
113579,113579,113579,Léo Santos,active,113579,113579,113579,,113579
113590,113590,113590,Luan Peres,active,113590,105842221366198,113590,,113590
113595,113595,113595,Dominik Kotarski,active,113595,113595,113595,,113595
113596,113596,113596,Dominik Livaković,active,113596,52781390085052,113596,113596,113596
113603,113603,113603,Adam Webster,active,113603,113603,113603,,113603
113604,113604,113604,Toni Martínez,active,113604,113604,113604,,113604
113605,113605,113605,Jack Hendry,active,113605,56168508668869,113605,,113605
113636,113636,113636,Andrejs Cigaņiks,active,113636,113636,113636,,113636
113662,113662,113662,Bartłomiej Drągowski,active,113662,113662,113662,113662,113662
113663,113663,113663,Mohamed Elyounoussi,active,113663,113663,113663,113663,113663
113665,113665,113665,Tomás Alarcón,active,113665,113665,113665,,113665
113677,113677,113677,Michele Di Gregorio,active,113677,52901112298509,113677,,113677
113679,113679,113679,Andrea Pinamonti,active,113679,113679,113679,,113679
113695,41535,41535,Orel Mangala,active,113695,113695,41535,,41535
113707,113707,113707,Kasper Dolberg,active,113707,113707,113707,113707,113707
113711,113711,113711,Jerdy Schouten,active,113711,105730283781167,113711,,113711
113743,113743,113743,Alberto Paleari,active,113743,113743,113743,,113743
113792,113792,113792,Ianis Hagi,active,113792,53980222831744,113792,113792,113792
113839,113839,113839,Callum O'Dowda,active,113839,113839,113839,,113839
113840,113840,113840,Iván Gómez,active,113840,113840,113840,,113840
113842,113842,562324,Antoine Bernède,active,113842,105793902984370,113842,,
113843,113843,113843,Jonathan Ikoné,active,113843,113843,113843,113843,113843
113851,562331,562331,Callum Lang,active,113851,113851,562331,,
113853,113853,562339,Lorenzo Carissoni,active,113853,113853,113853,,
113856,113856,113856,Nicolás Cordero,active,113856,113856,113856,,113856
113863,113863,113863,Angus Gunn,active,113863,113863,113863,113863,113863
113865,113865,113865,Gastón Suso,active,113865,113865,113865,,113865
113870,113870,113870,Houboulang Mendes,active,113870,113870,113870,,113870
113883,562342,562342,Marcelino Moreno,active,113883,113883,562342,,
113892,113892,113892,Quentin Daubin,active,113892,113892,113892,,113892
113900,113900,113900,Jean Ruiz,active,113900,113900,113900,,113900
113905,113905,113905,Jean-Kevin Duverne,active,113905,113905,113905,,113905
113906,113906,113906,Enzo Ebosse,active,113906,113906,113906,,113906
113907,113907,113907,J. Ricner Bellegarde,active,113907,113907,113907,,113907
113911,113911,113911,Federico Valverde,active,113911,52869705350391,113911,113911,113911
113926,113926,113926,Leonardo Loria,active,113926,113926,113926,,113926
113929,113929,113929,Pol Lirola,active,113929,113929,113929,,113929
113930,113930,113930,Yoan Severin,active,113930,113930,113930,,113930
113931,113931,113931,Grigoris Kastanos,active,113931,113931,113931,,113931
113955,121138,121138,Josep Martínez,active,113955,105824504626467,121138,,121138
113958,113958,113958,Rafa Mújica,active,16891174,16891174,113958,,113958
113959,113959,113959,Luca Zidane,active,113959,105860558863655,113959,,113959
113960,113960,113960,Achraf Hakimi,active,113960,52875879365928,113960,113960,113960
113969,113969,113969,Caio Henrique,active,113969,52882053381425,113969,113969,113969
113984,113984,562343,Tom Glover,active,113984,113984,113984,,
113986,113986,113986,Marcus Edwards,active,113986,52851720174914,113986,,113986
113993,113993,113993,Mario Briceño,active,113993,113993,113993,,113993
113999,113999,113999,Yehvann Diouf,active,113999,52883663994191,113999,,113999
114003,114003,114003,Alimami Gory,active,114003,114003,114003,,114003
114005,114005,562348,Marcus Vinicius,active,114005,114005,114005,,
114009,114009,114009,Dylan Bronn,active,114009,114009,114009,,114009
114016,114016,114016,Martin Terrier,active,114016,52892790799712,114016,,114016
114021,114021,114021,Ryan Sessegnon,active,114021,114021,114021,114021,114021
114022,114022,114022,Caoimhin Kelleher,active,114022,52853599223142,114022,,114022
114024,562349,562349,Taiwo Awoniyi,active,114024,114024,562349,,
114026,562350,562350,Nathan Baxter,active,114026,114026,562350,,
114029,114029,114029,Matty Cash,active,114029,52890643316077,114029,,114029
114036,114036,114036,James Maddison,active,114036,52783269133684,114036,114036,114036
114038,114038,114038,Scott Wharton,active,114038,114038,114038,,114038
114044,114044,114044,Ben White,active,114044,52854404529532,114044,,114044
114046,114046,114046,Charles,active,114046,114046,114046,,114046
114053,114053,114053,Tanguy Ndombélé,active,114053,52778168860037,114053,114053,114053
114054,540218,540218,Pedro Zurinatti,active,8502662,53880096406918,540218,,540218
114057,540244,540244,Ferran Guillamon,active,8502665,53879291100553,540244,,540244
114063,114063,562367,Callum Elder,active,114063,114063,114063,,
114064,562369,562369,Mohammad Naseer,active,8502672,8502672,562369,,
114078,114078,114078,Roland Sallai,active,114078,53979417525662,114078,114078,114078
114085,114085,114085,Fredrik Jensen,active,114085,114085,114085,114085,114085
114088,114088,114088,Ferdi Kadıoğlu,active,114088,52899770121640,114088,,114088
114102,114102,114102,Jan Bekkema,active,114102,114102,114102,,114102
114105,114105,114105,Matthijs de Ligt,active,114105,52873731882425,114105,114105,114105
114110,114110,114110,Guus Til,active,114110,52880174333374,114110,114110,114110
114147,114147,114147,Ché Adams,active,114147,105729210039779,114147,,114147
114151,562370,562370,Elias Sørensen,active,114151,114151,562370,,
114153,114153,114153,Jordan Smith,active,114153,114153,114153,,114153
114155,114155,562375,Aiden O'Neill,active,114155,114155,114155,,
114162,114162,114162,George Hirst,active,114162,114162,114162,,114162
114169,114169,114169,Juan Infante,active,114169,114169,114169,,114169
114177,114177,114177,Yann Karamoh,active,114177,114177,114177,,114177
114180,562403,562403,Jérôme Remy,active,8502788,8502788,562403,,
114182,114182,114182,Oliver McBurnie,active,114182,52901649169926,114182,114182,114182
114186,114186,114186,Jarrod Bowen,active,114186,52782463827466,114186,114186,114186
114191,114191,114191,Amine Harit,active,114191,114191,114191,114191,114191
114192,114192,114192,Abdoulaye Sissako,active,114192,114192,114192,,114192
114196,114196,114196,Malang Sarr,active,114196,52897085767188,114196,114196,114196
114199,114199,114199,Gauthier Hein,active,114199,114199,114199,,114199
114201,114201,114201,Ismaïla Sarr,active,114201,52878563720729,114201,114201,114201
114206,114206,114206,Ibrahim Sangaré,active,114206,52892522364446,114206,,114206
114216,114216,114216,Samuel Gustafson,active,114216,53976733171240,114216,,114216
114224,55538,55538,João Costa,active,114224,114224,55538,,55538
114225,114225,114225,Aarón Martín,active,114225,55069802348081,114225,,114225
114226,114226,114226,Marc Roca,active,114226,114226,114226,114226,114226
114235,114235,114235,Federico Chiesa,active,114235,52787564101179,114235,114235,114235
114239,114239,114239,Manu Morlanes,active,114239,114239,114239,,114239
114247,114247,562406,Akira Fantini,active,114247,114247,114247,,
114269,562408,562408,Siever Ingoldsby,active,8502877,8502877,562408,,
114279,114279,114279,Pedro Díaz,active,114279,114279,114279,,114279
114286,114286,114286,Luis Pérez,active,114286,55068728606318,114286,,114286
114290,638578,638578,Bastos,active,114290,114290,638578,,638578
114291,114291,114291,Luis Ingolotti,active,114291,114291,114291,,114291
114293,114293,114293,Jair Amador,active,114293,114293,114293,,114293
114297,114297,114297,Santi Comesaña,active,114297,114297,114297,,114297
114298,114298,114298,Fran Beltrán,active,114298,105653511241338,114298,,114298
114308,114308,114308,Mohamed El Hankouri,active,114308,114308,114308,,114308
114309,114309,114309,Goran Čaušić,active,114309,114309,114309,,114309
114325,114325,114325,Iván Morales,active,114325,114325,114325,,114325
114331,114331,114331,Lucas Robertone,active,114331,114331,114331,,114331
114333,114333,114333,David Neres,active,114333,52778168860317,114333,114333,114333
114351,114351,562412,Arnaldo Castillo,active,114351,114351,114351,,
114366,114366,114366,Fabricio Bustos,active,114366,114366,114366,114366,114366
114379,114379,114379,Arnaud Nordin,active,114379,114379,114379,,114379
114381,114381,114381,Juan Foyth,active,114381,52776826683085,114381,114381,114381
114383,114383,562434,Matías Tagliamonte,active,114383,114383,114383,,
114385,114385,114385,Gonzalo Goñi,active,114385,114385,114385,,114385
114386,114386,562467,Will Mannion,active,114386,114386,114386,,
114390,126037,126037,Evan Ndicka,active,114390,55068997041878,126037,,126037
114398,114398,562469,Edimilson Fernandes,active,114398,114398,114398,,
114403,114403,114403,Iván Villar,active,114403,114403,114403,,114403
114410,114410,114410,Arnaut Danjuma,active,114410,70378944839402,114410,,114410
114421,114421,114421,Dani Ojeda,active,114421,114421,114421,,114421
114426,114426,562472,Jordy Croux,active,114426,53979685961466,114426,,
114433,114433,562475,Marco Curto,active,114433,114433,114433,,
114434,114434,114434,Tommaso Pobega,active,114434,52891717058306,114434,,114434
114439,114439,114439,Youssef Maleh,active,114439,114439,114439,,114439
114440,114440,114440,Luiz Felipe,active,114440,105554726993672,114440,114440,114440
114441,562476,562476,Robert Antić,active,8503049,8503049,562476,,
114443,114443,114443,Noë Dussenne,active,114443,114443,114443,,114443
114457,46453,46453,Dodi Lukébakio,active,114457,55068728606489,46453,,46453
114464,114464,114464,Karim Hafez,active,114464,56166092750624,114464,,114464
114472,562478,562478,Manuel De Luca,active,114472,114472,562478,,
114480,114480,114480,Federico Ravaglia,active,114480,114480,114480,,114480
114484,114484,562499,Phil Neumann,active,114484,114484,114484,,
114503,114503,114503,Morgan Poaty,active,114503,114503,114503,,114503
114506,114506,114506,Kai Havertz,active,114506,52894938283850,114506,114506,114506
114509,114509,562505,Anel Ahmedhodžić,active,114509,114509,114509,,
114511,562522,562522,Andy Fisher,active,114511,114511,562522,,
114515,114515,114515,Lewis Travis,active,114515,114515,114515,,114515
114533,114533,114533,Clément Michelin,active,114533,114533,114533,,114533
114538,114538,114538,Matías Sepúlveda,active,114538,114538,114538,,114538
114556,114556,114556,Gustavo Hamer,active,114556,114556,114556,,114556
114557,114557,114557,Álvaro Fernández,active,114557,114557,114557,,114557
114558,114558,114558,Sam Lammers,active,114558,114558,114558,,114558
114559,114559,114559,David Gil,active,114559,114559,114559,,114559
114562,114562,114562,Thibaud Verlinden,active,114562,114562,114562,,114562
114563,114563,562523,Luis Riveros,active,114563,114563,114563,,
114566,114566,114566,Brahim Díaz,active,114566,52853867659142,114566,114566,114566
114568,114568,114568,Josh Dasilva,active,114568,114568,114568,,114568
114569,114569,114569,Stephy Mavididi,active,114569,114569,114569,,114569
114577,114577,114577,Jean-Philippe Mateta,active,114577,52870779092881,114577,,114577
114578,114578,114578,Lamine Fomba,active,114578,114578,114578,,114578
114583,114583,114583,Josh Maja,active,114583,114583,114583,,114583
114592,114592,114592,Emerson Royal,active,114592,114592,114592,114592,114592
114593,114593,114593,Bremer,active,114593,52897622638497,114593,,114593
114595,114595,114595,Liziero,active,114595,114595,114595,,114595
114604,114604,114604,Owen Wijndal,active,114604,105553384816556,114604,114604,114604
114605,114605,114605,Martin Hongla,active,114605,114605,114605,,114605
114612,119637,119637,Pablo Vázquez,active,114612,114612,119637,,119637
114617,114617,114617,Samuele Birindelli,active,114617,114617,114617,,114617
114624,114624,114624,Moise Kean,active,114624,52892790800320,114624,114624,114624
114626,114626,114626,Kike Pérez,active,114626,114626,114626,,114626
114628,114628,114628,Fernando Calero,active,114628,114628,114628,,114628
114629,114629,562528,Laurent Lemoine,active,114629,114629,114629,,
114630,114630,114630,Thibault Vlietinck,active,114630,114630,114630,,114630
114637,114637,114637,Matías Zaracho,active,114637,114637,114637,,114637
114638,114638,114638,Matteo Guendouzi,active,114638,53982638751694,114638,114638,114638
114639,114639,114639,Pierre-Yves Hamel,active,114639,114639,114639,,114639
114652,114652,114652,Dudu,active,114652,114652,114652,,114652
114653,114653,114653,Christopher Opéri,active,114653,55067117993949,114653,,114653
114662,114662,114662,Alessandro Bastoni,active,114662,52880442769382,114662,114662,114662
114663,114663,114663,D. Calvert-Lewin,active,114663,55070607654887,114663,114663,114663
114665,114665,114665,Marc Bola,active,114665,105767596310505,114665,,114665
114668,114668,114668,Oleksandr Tymchyk,active,114668,114668,114668,,114668
114672,114672,114672,Maarten Paes,active,114672,106740456734704,114672,,114672
114675,114675,114675,Nicolás Zalazar,active,114675,114675,114675,,114675
114679,114679,114679,Pelle Clement,active,114679,114679,114679,,114679
114680,114680,114680,Pablo Rosario,active,114680,114680,114680,114680,114680
114684,114684,114684,Filip Uremović,active,114684,105786655227900,114684,,114684
114691,562535,562535,Ellery Balcombe,active,114691,114691,562535,,
114702,114702,114702,Marius Marin,active,114702,114702,114702,,114702
114708,114708,114708,Orji Okwonkwo,active,114708,114708,114708,,114708
114709,114709,114709,Walter Mazzantti,active,114709,114709,114709,,114709
114715,114715,114715,Carlo Villanueva,active,114715,114715,114715,,114715
114719,114719,114719,Facundo Medina,active,114719,56163408396319,114719,,114719
114724,114724,114724,Hugo Magnetti,active,114724,114724,114724,,114724
114731,114731,114731,Demba Thiam,active,114731,114731,114731,,114731
114762,114762,114762,Tachi,active,114762,114762,114762,,114762
114766,114766,114766,Emanuel Vignato,active,114766,114766,114766,,114766
114776,114776,562541,Iván Márquez,active,114776,114776,114776,,
114780,114780,114780,Nicolò Casale,active,114780,114780,114780,,114780
114782,114782,562545,Filippo Delli Carri,active,114782,114782,114782,,
114790,114790,114790,Nicolás Baeza,active,114790,114790,114790,,114790
114799,114799,114799,Akim Abdallah,active,114799,114799,114799,,114799
114803,114803,114803,Vítor Carvalho,active,114803,114803,114803,,114803
114804,114804,114804,Thalisson Kelven,active,114804,114804,114804,,114804
114808,114808,114808,Phil Foden,active,114808,52893059235960,114808,114808,114808
114818,114818,562549,Francesco Mezzoni,active,114818,114818,114818,,
114821,114821,562550,Sebastián Valencia,active,114821,114821,114821,,
114835,114835,114835,Davide Frattesi,active,114835,52851720175763,114835,,114835
114839,114839,562568,Victor Caetano,active,114839,114839,114839,,
114845,114845,114845,Justin Kluivert,active,114845,55068460171421,114845,114845,114845
114853,114853,114853,Romain Perraud,active,114853,114853,114853,,114853
114855,114855,114855,Harvey Barnes,active,114855,52883663995047,114855,114855,114855
114856,114856,114856,Ghislain Konan,active,114856,84000936,114856,,114856
114861,114861,114861,Yuri Ribeiro,active,114861,114861,114861,,114861
114868,114868,114868,Fousseni Diabate,active,114868,114868,114868,,114868
114873,114873,114873,Timothé Cognat,active,114873,114873,114873,,114873
114876,114876,114876,Aaron Wan-Bissaka,active,114876,55068460171452,114876,114876,114876
114880,114880,114880,Boubacar Kamara,active,114880,105819672789184,114880,114880,114880
114903,114903,114903,Luca Pellegrini,active,114903,105835510481111,114903,114903,114903
114906,114906,114906,Eberechi Eze,active,114906,52890643316954,114906,114906,114906
114907,114907,114907,Ryan Manning,active,114907,114907,114907,,114907
114909,114909,114909,Nicolò Zaniolo,active,114909,55069802348765,114909,114909,114909
114910,114910,114910,Pau Torres,active,114910,52849841127646,114910,114910,114910
114913,114913,114913,Pietro Pellegri,active,114913,114913,114913,114913,114913
114929,114929,114929,Lenny Vallier,active,114929,114929,114929,,114929
114932,114932,114932,Jordan Larsson,active,114932,114932,114932,,114932
114933,562575,562575,Gaspard Dupuy,active,8503541,8503541,562575,,
114935,114935,114935,Morgan Gibbs-White,active,114935,52899501687031,114935,,114935
114937,114937,114937,Lloyd Kelly,active,114937,114937,114937,,114937
114939,114939,562580,Mickaël Nadé,active,114939,114939,114939,,
114948,114948,114948,Chris Mepham,active,114948,114948,114948,114948,114948
114953,114953,114953,Luca Magnino,active,114953,114953,114953,,114953
114961,114961,114961,Wilfred Ndidi,active,114961,105554995429649,114961,114961,114961
114968,114968,114968,Keidi Bare,active,114968,114968,114968,,114968
114971,114971,114971,Mark Harris,active,114971,114971,114971,,114971
114973,114973,114973,Marcinho,active,114973,53971096027421,114973,,114973
114975,40617,40617,Ibrahima Konaté,active,114975,52897622638879,40617,,40617
114981,114981,562583,Álvaro Rodríguez,active,114981,114981,114981,,
114984,562585,562585,Ben Brereton Díaz,active,114984,105730820653352,562585,,
114999,114999,114999,Kieffer Moore,active,114999,114999,114999,114999,114999
115010,115010,562596,Fabrizio Brignani,active,115010,115010,115010,,
115011,115011,115011,Éric Curbelo,active,115011,115011,115011,,115011
115018,115018,562611,Josué Dorrio,active,115018,115018,115018,,
115020,115020,115020,Alan Franco,active,115020,106774766141772,115020,,115020
115029,115029,115029,M. Aguirregabiria,active,115029,115029,115029,,115029
115030,562626,562626,Mauro Luna Diale,active,115030,115030,562626,,
115034,115034,115034,Francesco Forte,active,115034,115034,115034,,115034
115038,115038,115038,Francesco Rossi,active,115038,115038,115038,,115038
115056,115056,562633,Iago Borduchi,active,115056,115056,115056,,
115058,115058,115058,Léo Ortiz,active,115058,115058,115058,,115058
115059,562634,562634,Matheus Pereira,active,115059,106731816468851,562634,,
115061,115061,115061,Murilo,active,115061,53976464736629,115061,,115061
115079,115079,115079,Alexander Isak,active,115079,52891985494407,115079,115079,115079
115088,115088,562640,Tomás Cuello,active,115088,115088,115088,,
115092,115092,115092,Zizo,active,115092,115092,115092,,115092
115093,115093,115093,Amir Abedzadeh,active,115093,115093,115093,,115093
115098,115098,115098,A. Buongiorno,active,115098,52848230515098,115098,,115098
115112,115112,115112,Andrew Hjulsager,active,115112,115112,115112,,115112
115117,115117,115117,Gianluca Scamacca,active,115117,52892522365357,115117,,115117
115118,115118,115118,Leon Bailey,active,115118,52869436916142,115118,115118,115118
115121,115121,115121,Víctor Méndez,active,115121,115121,115121,,115121
115126,115126,562641,Jacy,active,115126,115126,115126,,
115132,115132,115132,Ajdin Hrustić,active,115132,105836047352252,115132,,115132
115134,115134,115134,Toni Moya,active,115134,115134,115134,,115134
115137,40510,40510,Jan Mlakar,active,115137,115137,40510,,40510
115146,115146,115146,Michael Folorunsho,active,115146,105687334109642,115146,,115146
115152,115152,115152,Wout Faes,active,115152,115152,115152,,115152
115155,115155,115155,Irvin Cardona,active,115155,115155,115155,,115155
115165,115165,115165,Ryan Hedges,active,115165,115165,115165,,115165
115176,108399,108399,Taty Castellanos,active,115176,52888495833576,108399,,108399
115182,115182,115182,Odysseus Velanas,active,115182,115182,115182,,115182
115184,115184,562650,Simone Ghidotti,active,115184,115184,115184,,
115194,562653,562653,Juan Otero,active,115194,115194,562653,,
115224,115224,562654,George Long,active,115224,115224,115224,,
115227,115227,115227,David Brooks,active,115227,115227,115227,115227,115227
115228,115228,115228,Aaron Ramsdale,active,115228,55068460171804,115228,115228,115228
115236,562668,562668,Regan Slater,active,115236,115236,562668,,
115244,115244,115244,Kanu,active,115244,115244,115244,,115244
115246,115246,115246,Jean Lucas,active,115246,105841684496942,115246,,115246
115254,115254,115254,Randal Kolo Muani,active,115254,52846083031606,115254,,115254
115255,115255,115255,Elia Giani,active,115255,115255,115255,,115255
115257,115257,115257,Dylan Vente,active,115257,115257,115257,,115257
115281,115281,562669,Marcelo Torres,active,115281,115281,115281,,
115289,115289,562683,Luigi Cuppone,active,115289,115289,115289,,
115304,115304,115304,Ryan Leonard,active,115304,115304,115304,,115304
115357,115357,115357,Matías Marín,active,115357,115357,115357,,115357
115372,115372,562688,Marco Túlio,active,115372,106775303013036,115372,,
115375,115375,115375,Tomás Guidara,active,115375,115375,115375,,115375
115397,115397,115397,Ryotaro Meshino,active,115397,105640894776005,115397,115397,115397
115398,115398,115398,Kosei Tani,active,115398,53979685962438,115398,,115398
115401,115401,115401,Takahiro Ko,active,115401,105630425793225,115401,,115401
115403,115403,115403,Leo Takae,active,115403,106733427081931,115403,,115403
115442,115442,562725,Gennadi Kartoyev,active,8504050,8504050,115442,,
115519,115519,562727,Nasser Al Dawsari,active,16892735,8504127,115519,,
115522,115522,115522,Callum O'Hare,active,115522,115522,115522,,115522
115535,115535,115535,Nicolás Domínguez,active,115535,115535,115535,115535,115535
115538,115538,115538,Nahuel Barrios,active,115538,115538,115538,,115538
115558,115558,115558,Riley McGree,active,115558,115558,115558,,115558
115586,117498,117498,Keanu Baccus,active,115586,115586,117498,,117498
115587,115587,562730,Nick Suman,active,115587,115587,115587,,
115598,114369,114369,Xia Tengguang,active,8504206,8504206,114369,,114369
115612,115612,562736,Yuness Farouq,active,8504220,8504220,115612,,
115642,115642,562740,Rahim Ghazi,active,8504250,8504250,115642,,
115648,562744,562744,Pan Wonhwa,active,8504256,50447296,562744,,
115651,115651,115651,Ezequiel Centurión,active,115651,115651,115651,,115651
115652,115652,115652,Connor Roberts,active,115652,115652,115652,115652,115652
115653,115653,115653,Jon Guridi,active,115653,115653,115653,,115653
115656,115656,562749,Dinko Horkaš,active,115656,115656,115656,,
115659,115659,115659,Ko Itakura,active,115659,52780853216203,115659,115659,115659
115660,115660,115660,Tatsuya Hasegawa,active,115660,115660,115660,115660,115660
115661,115661,115661,Kei Chinen,active,115661,53967874802637,115661,115661,115661
115662,562751,562751,Ao Tanaka,active,115662,52892253930446,562751,,
115663,562758,562758,Tabinas Jefferson,active,115663,115663,562758,,
115665,115665,115665,Kento Misao,active,115665,53981565010897,115665,115665,115665
115666,115666,115666,Itsuki Oda,active,115666,105634989196242,115666,115666,115666
115671,115671,562765,Xerxes Pour-Bonab,active,8504279,8504279,115671,,
115675,115675,562778,Arki Tehrani,active,8504283,8504283,115675,,
115677,115677,115677,Majid Hosseini,active,115677,115677,115677,,115677
115688,115688,115688,Suphan Thongsong,active,115688,115688,115688,,115688
115690,115690,115690,Sorawit Panthong,active,115690,115690,115690,,115690
115691,115691,115691,Sanukran Thinjom,active,115691,115691,115691,,115691
115692,562779,562779,Wongsakorn C.,active,115692,115692,562779,,
115725,562787,562787,Yusha Izz Aldin,active,8504333,8504333,562787,,
115727,115727,562805,Hadi Rayan,active,8504335,8504335,115727,,
115841,115841,115841,Opa Sanganté,active,115841,115841,115841,,115841
115845,115845,115845,Mehdi Merghem,active,115845,115845,115845,,115845
115895,115895,115895,Franco Bechtholdt,active,115895,115895,115895,,115895
115914,115914,562807,Cristopher Diaz,active,115914,115914,115914,,
115932,115932,115932,Bruno Tabata,active,115932,115932,115932,,115932
115955,115955,562809,Koen Kostons,active,115955,115955,115955,,
115995,115995,562827,Arno Verschueren,active,115995,115995,115995,,
116018,116018,116018,Joey Veerman,active,116018,52873195013426,116018,,116018
116040,116040,562851,Antonio Di Nardo,active,116040,116040,116040,,
116048,116048,562855,Andrés Zanini,active,116048,116048,116048,,
116049,116049,116049,Edu Expósito,active,116049,55070339220817,116049,,116049
116050,116050,116050,Sikou Niakaté,active,116050,84002130,116050,,116050
116054,562856,562856,Raymond Beregovoy,active,8504662,8504662,562856,,
116055,116055,116055,Răzvan Marin,active,116055,116055,116055,116055,116055
116066,116066,116066,Sander Berge,active,116066,105752563926370,116066,116066,116066
116073,116073,562858,Naif Qasim,active,8504681,8504681,116073,,
116077,116077,562864,Jalil Abdul Samad,active,8504685,8504685,116077,,
116078,116078,562877,Faqir Nazim,active,8504686,8504686,116078,,
116079,116079,562878,Majid Nadeem,active,8504687,8504687,116079,,
116081,116081,562881,Faris Sami,active,8504689,8504689,116081,,
116101,116101,116101,Kiril Despodov,active,116101,116101,116101,,116101
116102,116102,116102,Georgi Kostadinov,active,116102,116102,116102,116102,116102
116106,116106,562882,Stefan Velkov,active,116106,116106,116106,,
116113,116113,562906,Boris Nahoum,active,8504721,8504721,116113,,
116117,103977,103977,Vicente Fentes,active,8504725,53879291102613,103977,,103977
116124,116124,562915,Roderick Brazil,active,8504732,8504732,116124,,
116134,116134,116134,Yangel Herrera,active,116134,55068728608166,116134,116134,116134
116136,116136,116136,Niklas Süle,active,116136,52892790801832,116136,116136,116136
116139,116139,116139,Stuart Armstrong,active,116139,116139,116139,116139,116139
116140,116140,562916,Jack Hamilton,active,116140,116140,116140,,
116143,116143,116143,Nacho Vidal,active,116143,116143,116143,,116143
116150,116150,116150,Bruno Pacheco,active,116150,116150,116150,,116150
116173,116173,562918,Pedro Henryque,active,116173,116173,116173,,
116192,116192,116192,Lourenço,active,116192,53978343785952,116192,,116192
116199,116199,116199,Matheus Peixoto,active,116199,105666664580583,116199,,116199
116201,116201,116201,Nelson Insfrán,active,116201,116201,116201,,116201
116211,116211,116211,Douglas Luiz,active,116211,52784611313139,116211,116211,116211
116222,562923,562923,Yoel Bárcenas,active,116222,116222,562923,,
116223,116223,116223,Fidel Escobar,active,116223,116223,116223,,116223
116224,116224,116224,Amir Murillo,active,116224,52879369029120,116224,,116224
116229,116229,116229,Okay Yokuşlu,active,116229,53977806915077,116229,116229,116229
116230,116230,116230,Cengiz Ünder,active,116230,52787564103174,116230,116230,116230
116235,116235,116235,Manolis Siopis,active,116235,116235,116235,,116235
116244,116244,562928,Damion Lowe,active,116244,116244,116244,,
116247,116247,562938,Romario Williams,active,116247,116247,116247,,
116248,116248,562943,Kevon Lambert,active,116248,116248,116248,,
116249,59482,59482,Quincey Hynde,active,8504857,8504857,59482,,59482
116252,47416,47416,Jaime Higgins,active,8504860,8504860,47416,,47416
116254,116254,116254,Stanislav Lobotka,active,116254,52897085769246,116254,116254,116254
116261,116261,562955,Hamed Jabir,active,8504869,8504869,116261,,
116266,116266,116266,Mousa Al Tamari,active,116266,105772210046506,116266,,116266
116271,116271,116271,Sirod Chatthong,active,116271,116271,116271,,116271
116286,116286,562970,Rebin Sulaka,active,116286,105714227988030,116286,,
116294,65315,65315,Hwang Hee-Chan,active,116294,50447942,65315,,65315
116315,116315,116315,Milos Degenek,active,116315,116315,116315,,116315
116349,116349,116349,Michael Ngadeu,active,116349,16893565,116349,,116349
116350,116350,116350,Christian Bassogog,active,116350,116350,116350,,116350
116355,116355,116355,Michael Gregoritsch,active,116355,105745853040259,116355,116355,116355
116357,116357,116357,Florian Grillitsch,active,116357,105719814801029,116357,116357,116357
116359,562971,562971,Aleksandar Jovanović,active,116359,116359,562971,,
116365,116365,116365,Georgiy Dzhikiya,active,116365,53978612221581,116365,116365,116365
116369,116369,562972,Gwok Dongyeop,active,8504977,8504977,116369,,
116373,116373,562975,Seonu Yeongin,active,8504981,8504981,116373,,
116375,116375,116375,Mykola Matviyenko,active,116375,116375,116375,116375,116375
116378,116378,116378,Luis Haquín,active,116378,116378,116378,,116378
116381,116381,116381,Ramiro Vaca,active,116381,116381,116381,,116381
116403,116403,116403,Rhian Brewster,active,116403,116403,116403,116403,116403
116410,562985,562985,Marcinho,active,116410,116410,562985,,
116428,116428,116428,Mamadou Loum,active,116428,116428,116428,,116428
116446,116446,562988,Ivan Marconi,active,116446,116446,116446,,
116471,116471,116471,Brais Méndez,active,116471,52846351468279,116471,,116471
116482,116482,116482,Guglielmo Vicario,active,116482,55067386431234,116482,,116482
116522,116522,116522,Alfon González,active,116522,116522,116522,,116522
116541,111170,111170,Nicolás González,active,116541,52898964817725,111170,,111170
116543,116543,116543,Alexis Mac Allister,active,116543,52894938285887,116543,116543,116543
116569,106570,106570,Paik Seung-Ho,active,116569,105867773069145,106570,,106570
116575,116575,116575,Marc Cucurella,active,116575,55068460173151,116575,116575,116575
116576,116576,116576,Santiago Bueno,active,116576,105746926782304,116576,,116576
116577,116577,116577,Abel Ruiz,active,116577,105709882689377,116577,,116577
116578,116578,116578,Iñaki Peña,active,116578,116578,116578,116578,116578
116582,116582,116582,Sergio Ruiz,active,116582,116582,116582,,116582
116602,116602,562989,Alan Robledo,active,116602,116602,116602,,
116604,116604,562990,Davide Buglio,active,116604,116604,116604,,
116605,116605,116605,Scott McTominay,active,116605,52894132979581,116605,116605,116605
116611,116611,116611,Javier Altamirano,active,116611,116611,116611,,116611
116638,562994,562994,Ertuğrul Taşkıran,active,116638,53978612221854,562994,,
116646,116646,562999,Fredegar Baumeister,active,8505254,8505254,116646,,
116648,116648,563026,Davie Selke,active,116648,116648,116648,,
116649,59393,59393,Willi Orban,active,116649,116649,59393,,59393
116653,116653,116653,Marius Müller,active,116653,116653,116653,,116653
116655,116655,563028,Dayot Upamecano,active,116655,52884200867759,116655,,
116657,116657,563030,John Strauß,active,116657,116657,116657,,
116669,116669,116669,Rasmus Falk,active,116669,116669,116669,,116669
116670,116670,563035,Nicklas Røjkjær,active,116670,116670,116670,,
116674,116674,563049,Oleksandr Zubkov,active,116674,53981028140994,116674,,
116683,102213,102213,Novo Zinovyev,active,8505291,8505291,102213,,102213
116691,116691,116691,Pape Gueye,active,116691,56164566026195,116691,,116691
116709,116709,116709,Facundo Garcés,active,116709,116709,116709,,116709
116710,116710,116710,Albert Guðmundsson,active,116710,55067923302374,116710,116710,116710
116711,116711,116711,Matteo Gabbia,active,116711,52874000320487,116711,,116711
116712,116712,563053,Flynn Downes,active,116712,116712,116712,,
116715,116715,116715,Edoardo Masciangelo,active,116715,116715,116715,,116715
116717,116717,116717,Zach Muscat,active,116717,116717,116717,,116717
116741,563067,563067,Antonio Sivera,active,116741,52889032706053,563067,,
116742,116742,563068,Fran Navarro,active,116742,116742,116742,,
116743,116743,116743,Gonzalo Villar,active,116743,55067654866951,116743,,116743
116751,116751,116751,Ferran Torres,active,116751,123236838918159,116751,116751,116751
116755,116755,116755,Cristian Rivero,active,116755,116755,116755,,116755
116844,116844,116844,Jorge De Frutos,active,116844,55070339221612,116844,,116844
116848,641136,641136,Álvaro Fidalgo,active,116848,116848,641136,,641136
116903,60812,60812,Zhivko Atanasov,active,116903,116903,60812,,60812
116919,59730,59730,Miguel Loureiro,active,116919,116919,59730,,59730
116939,116939,563072,Tarek Salman,active,16894155,8505547,116939,,
116946,116946,116946,Pasquale Mazzocchi,active,116946,116946,116946,,116946
116970,116970,116970,Giovanni Di Lorenzo,active,116970,52875342498026,116970,116970,116970
117038,117038,563077,Nunzio Lella,active,117038,117038,117038,,
117047,117047,117047,Vinícius Júnior,active,117047,52880442771767,117047,117047,117047
117049,117049,117049,Bruno Guimarães,active,117049,52888764270905,117049,117049,117049
117060,117060,563078,Dudu Vieira,active,117060,117060,117060,,
117070,117070,563079,Lucas Carrizo,active,117070,117070,117070,,
117076,117076,563082,Airton Tirabassi,active,117076,106739601099092,117076,,
117087,117087,117087,Pedro Neto,active,117087,52898159511903,117087,117087,117087
117195,117195,563084,Marco Nichetti,active,117195,117195,117195,,
117289,117289,117289,Tete Morente,active,117289,117289,117289,,117289
117301,117301,563085,Michele Collocolo,active,117301,117301,117301,,
117358,117358,117358,Thibault De Smet,active,117358,117358,117358,,117358
117363,563088,563088,Puma Rodríguez,active,117363,117363,563088,,
117368,120214,120214,Liam Bossin,active,117368,117368,120214,,120214
117373,117373,117373,Mile Svilar,active,117373,52891180190333,117373,,117373
117374,117374,117374,Hannes Delcroix,active,117374,117374,117374,,117374
117376,117376,117376,Mads Roerslev,active,117376,117376,117376,,117376
117396,117396,117396,Dennis Man,active,117396,52893596109460,117396,,117396
117404,110579,110579,Renzo Garcés,active,117404,117404,110579,,110579
117410,117410,117410,Yvon Mvogo,active,117410,117410,117410,117410,117410
117411,117411,117411,Leonardo Bertone,active,117411,117411,117411,,117411
117415,563094,563094,Dario Marzino,active,117415,117415,563094,,
117416,563095,563095,Albin McEwan,active,8506024,53971364465320,563095,,
117417,117417,563097,Gregory Wüthrich,active,117417,117417,117417,,
117420,117420,117420,Michel Aebischer,active,117420,55069802351276,117420,117420,117420
117459,117459,117459,Mattias Svanberg,active,117459,117459,117459,,117459
117476,117476,117476,Vasileios Barkas,active,117476,117476,117476,,117476
117497,117497,117497,Andrés Román,active,117497,117497,117497,,117497
117501,117501,117501,Cristian Arango,active,117501,53878217362173,117501,,117501
117503,117503,117503,David Agudelo,active,117503,117503,117503,,117503
117504,117504,117504,Felipe Aguilar,active,117504,117504,117504,,117504
117505,117505,117505,Carlos Cuesta,active,117505,52781926959873,117505,,117505
117510,117510,117510,Edwin Velasco,active,117510,117510,117510,,117510
117519,117519,563103,Cristian Dájome,active,117519,117519,117519,,
117523,117523,117523,Andrés Sarmiento,active,117523,117523,117523,,117523
117532,117532,117532,Kevin Quevedo,active,117532,117532,117532,,117532
117539,117539,117539,Paulinho,active,117539,55061480852259,117539,117539,117539
117563,117563,117563,Angel Gomes,active,117563,105810009115451,117563,117563,117563
117576,117576,563106,Alessio Zerbin,active,117576,117576,117576,,
117584,117584,563108,Fernandinho,active,117584,117584,117584,,
117597,117597,563129,Giorgio Altare,active,117597,117597,117597,,
117598,117598,117598,Mehdi Léris,active,117598,117598,117598,,117598
117600,117600,117600,Rigoberto Rivas,active,117600,117600,117600,,117600
117611,117611,117611,Juan Pablo Álvarez,active,117611,117611,117611,,117611
117612,117612,117612,Haji Wright,active,117612,117612,117612,,117612
117613,117613,117613,Weston McKennie,active,117613,55068997045101,117613,117613,117613
117636,117636,117636,Jorge Cuenca,active,117636,117636,117636,,117636
117641,117641,563131,Francisco Álvarez,active,117641,117641,117641,,
117644,117644,117644,Jonathan Clauss,active,117644,52778437299084,117644,,117644
117663,117663,117663,Liam Lindsay,active,117663,117663,117663,,117663
117676,563133,563133,Santiago Moyano,active,117676,117676,563133,,
117682,117682,563140,Brighton Labeau,active,117682,117682,117682,,
117686,117686,117686,Omar Bertel,active,117686,117686,117686,,117686
117688,117688,117688,Jader Valencia,active,117688,117688,117688,,117688
117703,117703,563144,Siebe Horemans,active,117703,117703,117703,,
117704,117704,117704,Jari Vandeputte,active,117704,117704,117704,,117704
117708,117708,117708,Ethan Pinnock,active,117708,52787027233740,117708,,117708
117709,117709,117709,Jan Bednarek,active,117709,117709,117709,117709,117709
117721,117721,117721,Diego Pituca,active,117721,53881438587865,117721,,117721
117723,117723,117723,Gabriel Mutombo,active,117723,117723,117723,,117723
117747,117747,117747,Henry Onyekuru,active,117747,117747,117747,117747,117747
117748,117748,117748,Pieter Gerkens,active,117748,117748,117748,,117748
117750,117750,563146,Harvey Knibbs,active,117750,117750,117750,,
117753,117753,117753,Emmanuel Dennis,active,117753,117753,117753,,117753
117754,117754,117754,Jordi Vanlerberghe,active,117754,117754,117754,,117754
117755,563147,563147,Barrie McKay,active,117755,53876606749691,563147,,
117764,117764,117764,Stephen Mallan,active,117764,117764,117764,,117764
117765,40693,40693,Philipp Köhn,active,117765,52893864545285,40693,,40693
117766,117766,117766,Konrad Laimer,active,117766,52879637466118,117766,117766,117766
117773,117773,117773,Manuel Fernández,active,117773,117773,117773,,117773
117774,117774,117774,Benjamín Berríos,active,117774,117774,117774,,117774
117775,117775,563149,Ramiro González,active,117775,117775,117775,,
117779,117779,117779,Pascal Groß,active,117779,52779511041043,117779,117779,117779
117785,117785,117785,Mario Engels,active,117785,117785,117785,,117785
117787,117787,117787,Wilfried Kanga,active,117787,117787,117787,,117787
117792,117792,563161,Brian Bustos,active,117792,117792,117792,,
117793,117793,117793,Lisandro Martínez,active,117793,56166092753953,117793,117793,117793
117800,117800,117800,Antoine Léautey,active,117800,117800,117800,,117800
117801,563164,563164,Nicolas Bürgy,active,117801,117801,563164,,
117803,117803,117803,Christian Fassnacht,active,117803,117803,117803,117803,117803
117804,117804,117804,Jordan Lotomba,active,117804,117804,117804,,117804
117806,117806,117806,David von Ballmoos,active,117806,117806,117806,,117806
117807,117807,117807,Marco Bürki,active,117807,117807,117807,,117807
117832,117832,117832,Myron Boadu,active,117832,105577544010824,117832,117832,117832
117835,117835,117835,Timothy Weah,active,117835,52894132980811,117835,117835,117835
117839,117839,117839,Mats Knoester,active,117839,117839,117839,,117839
117848,117848,117848,Bebeto,active,117848,117848,117848,,117848
117852,59206,59206,Radoslav Kirilov,active,117852,105836047354972,59206,,59206
117879,117879,563171,Higinio Marín,active,117879,117879,117879,,
117884,117884,117884,Caleb Ekuban,active,117884,117884,117884,,117884
117886,117886,117886,Timothy Castagne,active,117886,117886,117886,117886,117886
117890,117890,117890,Ramazan Civelek,active,117890,117890,117890,,117890
117916,117916,117916,Eddie Nketiah,active,117916,52889569578140,117916,117916,117916
117917,117917,117917,Joe Willock,active,117917,105718741060765,117917,117917,117917
117922,117922,563194,Svante Ingelsson,active,117922,117922,117922,,
117932,117932,117932,Donyell Malen,active,117932,52900306996396,117932,117932,117932
117933,117933,563195,Ablie Jallow,active,117933,117933,117933,,
117934,563213,563213,Cucho Hernández,active,117934,117934,563213,,
117940,117940,117940,Reiss Nelson,active,117940,52784074443956,117940,117940,117940
117941,117941,117941,Jens Odgaard,active,117941,117941,117941,,117941
117948,117948,117948,Kamil Grabara,active,117948,117948,117948,,117948
117976,117976,563222,Matteo Rover,active,117976,117976,117976,,
117982,117982,117982,Nicolás Fernández,active,117982,117982,117982,,117982
117988,117988,117988,Júnior Brumado,active,117988,117988,117988,,117988
117991,563225,563225,Roger Ibañez,active,117991,52783000702183,563225,,
117993,117993,117993,Nicolas Raskin,active,117993,117993,117993,,117993
117994,117994,117994,Manu Hernando,active,117994,117994,117994,,117994
117997,117997,117997,Dani Gómez,active,117997,117997,117997,,117997
117999,117999,117999,Dara O'Shea,active,117999,55067386432751,117999,,117999
118000,118000,118000,Brandon Austin,active,118000,118000,118000,,118000
118005,563229,563229,Daniel Grimshaw,active,118005,118005,563229,,
118006,118006,118006,Arijanet Murić,active,118006,52876684676342,118006,,118006
118007,118007,118007,Jadon Sancho,active,118007,52878295289079,118007,118007,118007
118021,118021,118021,Tomáš Souček,active,118021,105649484713221,118021,118021,118021
118030,118030,118030,Iké Ugbo,active,118030,118030,118030,,118030
118035,118035,118035,Fabrizio Caligara,active,118035,118035,118035,,118035
118038,118038,118038,Tyrell Malacia,active,118038,105577544011030,118038,,118038
118042,118042,118042,Ollie Watkins,active,118042,52883932433690,118042,118042,118042
118044,118044,118044,Enis Bardhi,active,118044,53963042966812,118044,118044,118044
118049,118049,118049,Awer Mabil,active,118049,118049,118049,,118049
118057,118057,118057,Ezgjan Alioski,active,118057,105762764475689,118057,118057,118057
118061,118061,118061,Diogo Gonçalves,active,118061,52849304259885,118061,,118061
118065,118065,118065,Pol Lozano,active,118065,118065,118065,,118065
118066,118066,118066,Javi Puado,active,118066,118066,118066,,118066
118068,118068,118068,Joel Latibeaudiere,active,118068,118068,118068,,118068
118076,118076,118076,Nahuel Tenaglia,active,118076,118076,118076,,118076
118092,118092,118092,Mattéo Tramoni,active,118092,118092,118092,,118092
118095,118095,118095,Goduine Koyalipou,active,118095,118095,118095,,118095
118096,118096,118096,Mason Mount,active,118096,52778705734992,118096,118096,118096
118098,118098,118098,Raúl Loaiza,active,118098,118098,118098,,118098
118100,118100,118100,Lawrence Ati Zigi,active,118100,118100,118100,,118100
118102,118102,118102,Ousseynou Ba,active,118102,105630962666838,118102,,118102
118109,118109,563233,Melvyn Lorenzen,active,118109,118109,118109,,
118110,118110,118110,Amine Gouiri,active,118110,52786758798686,118110,118110,118110
118111,118111,118111,Grégoire Coudert,active,118111,118111,118111,,118111
118122,118122,563235,Koffi Kouao,active,118122,118122,118122,,
118129,118129,118129,Hamed Traorè,active,118129,118129,118129,,118129
118136,118136,118136,Diogo Dalot,active,118136,55067386432888,118136,118136,118136
118145,118145,118145,Dario Šarić,active,118145,118145,118145,,118145
118151,118151,118151,Daniel Fuzato,active,118151,118151,118151,,118151
118152,118152,118152,Aleš Matějů,active,118152,118152,118152,,118152
118157,118157,118157,Miguel Merentiel,active,118157,52886885223821,118157,,118157
118163,118163,118163,Danny McNamara,active,118163,118163,118163,,118163
118171,118171,118171,Sandro Tonali,active,118171,52898159512987,118171,118171,118171
118178,118178,118178,Brad Potts,active,118178,118178,118178,,118178
118181,118181,118181,Junior Messias,active,118181,118181,118181,,118181
118191,118191,118191,Unai Núñez,active,118191,118191,118191,118191,118191
118193,118193,118193,Omar Alderete,active,118193,105858864369073,118193,,118193
118196,118196,563242,Patrick Pflücke,active,118196,118196,118196,,
118211,118211,118211,Pierre Kunde,active,118211,118211,118211,,118211
118219,118219,563243,Marco Bellich,active,118219,118219,118219,,
118225,118225,118225,Jamal Lewis,active,118225,118225,118225,118225,118225
118231,118231,118231,Gabriele Corbo,active,118231,118231,118231,,118231
118232,118232,563244,Leonardo Benedetti,active,118232,118232,118232,,
118240,118240,118240,V. Milinković-Savić,active,118240,52881784950240,118240,,118240
118242,118242,118242,Matt O'Riley,active,118242,118242,118242,,118242
118246,118246,118246,Max Bird,active,118246,118246,118246,,118246
118255,118255,118255,Mykola Shaparenko,active,118255,105836047355375,118255,,118255
118267,563245,563245,Ludovit Reis,active,118267,118267,563245,,
118268,118268,118268,Tom van de Looi,active,118268,118268,118268,,118268
118274,118274,118274,Tijjani Reijnders,active,118274,52899770125826,118274,,118274
118276,118276,563247,Petko Hristov,active,118276,118276,118276,,
118281,113768,113768,Danny Namaso,active,118281,118281,113768,,113768
118282,118282,118282,Marcelo Ortíz,active,118282,118282,118282,,118282
118293,563249,563249,Leonardo Rocha,active,118293,118293,563249,,
118306,118306,118306,Ilias Chair,active,118306,118306,118306,,118306
118316,118316,118316,Teun Koopmeiners,active,118316,52883663998508,118316,118316,118316
118323,118323,563252,Barri,active,118323,118323,118323,,
118332,118332,118332,Marash Kumbulla,active,118332,118332,118332,118332,118332
118333,118333,563253,Luke Woolfenden,active,118333,118333,118333,,
118338,118338,118338,Pol Valentín,active,118338,118338,118338,,118338
118339,118339,118339,Yahia Fofana,active,118339,53982907190851,118339,,118339
118344,105075,105075,Mathías Villasanti,active,118344,118344,105075,,105075
118347,118347,118347,Vitaliy Mykolenko,active,118347,118347,118347,118347,118347
118348,118348,563254,Leonardo Sequeira,active,118348,118348,118348,,
118349,118349,118349,Luca Ranieri,active,118349,105835510484557,118349,,118349
118351,118351,563258,Marco Meli,active,118351,118351,118351,,
118352,118352,118352,Riccardo Sottil,active,118352,52869973790288,118352,,118352
118353,118353,118353,Nicolás de la Cruz,active,118353,106755975663185,118353,118353,118353
118357,563259,563259,Bilal Bayazıt,active,118357,53975390998101,563259,,
118365,118365,118365,Leonardo Heredia,active,118365,118365,118365,,118365
118371,563263,563263,Ander Guevara,active,118371,118371,563263,,
118376,118376,563268,Álex Corredera,active,118376,118376,118376,,
118396,118396,118396,Harry Souttar,active,118396,118396,118396,,118396
118397,540657,540657,Bogdan Planić,active,16895613,16895613,540657,,540657
118399,118399,118399,Emanuel Coronel,active,118399,118399,118399,,118399
118400,118400,118400,Martín Payero,active,118400,118400,118400,,118400
118402,118402,118402,Nicolás Linares,active,118402,118402,118402,,118402
118409,642697,642697,Richard,active,118409,118409,642697,,642697
118411,118411,118411,Jayson Molumby,active,118411,118411,118411,,118411
118416,118416,118416,Florent Hadërgjonaj,active,118416,55069265481360,118416,,118416
118417,118417,118417,Abdelhamid Sabiri,active,118417,118417,118417,,118417
118423,540245,540245,Jonathan Sandin,active,8507031,105642773827223,540245,,540245
118425,118425,118425,Marcus Tavernier,active,118425,105718741061273,118425,,118425
118444,118444,118444,Pedro Gonçalves,active,118444,52886079917740,118444,118444,118444
118449,118449,118449,Tomás Durso,active,118449,118449,118449,,118449
118451,118451,118451,Matías Melluso,active,118451,118451,118451,,118451
118472,118472,118472,Juan Miranda,active,118472,105640357908168,118472,,118472
118477,563269,563269,Yusuf Sarı,active,118477,53976196304589,563269,,
118479,118479,118479,Ignatius Ganago,active,118479,118479,118479,,118479
118491,118491,563270,Alessio Pozzi,active,118491,118491,118491,,
118493,118493,118493,Ariel Uribe,active,118493,118493,118493,,118493
118494,118494,118494,Nikola Vlašić,active,118494,55069802352350,118494,118494,118494
118496,118496,563271,Jaime Gladstone,active,8507104,8507104,118496,,
118499,563275,563275,Matheus Thuler,active,118499,53970290724579,563275,,
118500,118500,563284,Eduardo,active,118500,118500,118500,,
118502,118502,118502,Alejandro Maciel,active,118502,118502,118502,,118502
118512,118512,563286,Lucas Soares,active,118512,118512,118512,,
118523,106842,106842,Marcos López,active,118523,118523,106842,,106842
118527,118527,118527,Paul Smyth,active,118527,118527,118527,,118527
118528,118528,118528,Jamie Allen,active,118528,118528,118528,,118528
118531,118531,118531,Jeremy Toljan,active,118531,55070339223299,118531,118531,118531
118532,118532,563287,Abdullah Yiğiter,active,118532,118532,118532,,
118535,118535,118535,Imran Louza,active,118535,118535,118535,,118535
118537,118537,563288,Juan Ignacio Díaz,active,118537,118537,118537,,
118547,118547,118547,Charis Kyriakou,active,118547,118547,118547,,118547
118553,118553,563289,Matías Cóccaro,active,118553,118553,118553,,
118573,118573,118573,Bright Osayi-Samuel,active,118573,105721962286893,118573,,118573
118574,103604,103604,Xiao Yuchen,active,8507182,8507182,103604,,103604
118582,118582,118582,Giorgi Chakvetadze,active,118582,118582,118582,,118582
118584,118584,118584,Diego Pampín,active,118584,118584,118584,,118584
118586,118586,118586,Nikola Maraš,active,118586,118586,118586,,118586
118599,118599,563296,Théo Sainte-Luce,active,118599,118599,118599,,
118613,118613,118613,Armando Obispo,active,118613,52897622642517,118613,,118613
118614,47998,47998,Toby McLeod,active,8507222,8507222,47998,,47998
118620,118620,118620,Modibo Sagnan,active,118620,118620,118620,,118620
118630,563297,563297,Raúl Sánchez,active,118630,118630,563297,,
118641,118641,118641,Jessy Deminguet,active,118641,118641,118641,,118641
118645,563302,563302,Batuhan Şen,active,118645,118645,563302,,
118648,118648,118648,Lutsharel Geertruida,active,118648,52784611315576,118648,,118648
118656,125007,125007,Dujon Sterling,active,118656,118656,125007,,125007
118657,118657,118657,Ethan Ampadu,active,118657,105568417206145,118657,118657,118657
118659,563303,563303,Alpha Sissoko,active,118659,118659,563303,,
118665,118665,118665,Aynsley Pears,active,118665,118665,118665,,118665
118685,563304,563304,Andoni Gorosabel,active,118685,118685,563304,,
118686,118686,118686,Elisha Owusu,active,118686,118686,118686,,118686
118687,118687,118687,Willem Geubbels,active,118687,118687,118687,,118687
118689,118689,118689,Marios Vrousai,active,118689,118689,118689,,118689
118699,118699,118699,Carlos Palacios,active,118699,118699,118699,,118699
118704,118704,118704,Mads Bech Sørensen,active,118704,118704,118704,,118704
118717,118717,118717,Erick,active,118717,118717,118717,,118717
118720,118720,563306,Moha Ramos,active,118720,118720,118720,,
118731,118731,118731,Mauro Júnior,active,118731,105806787891147,118731,,118731
118733,118733,118733,Todd Cantwell,active,118733,118733,118733,118733,118733
118744,108195,108195,Santiago Giménez,active,118744,52881248079832,108195,,108195
118750,118750,118750,Edson Álvarez,active,118750,53981028143070,118750,,118750
118765,540246,540246,Yosu Noriega,active,8507373,53945863098349,540246,,540246
118766,60881,60881,Ricardo Marín,active,118766,118766,60881,,60881
118779,118779,563308,Stiven Barreiro,active,118779,118779,118779,,
118782,107069,107069,Patrick Soko,active,118782,84004862,107069,,107069
118784,540248,540248,Santiago Ivars,active,8507392,105626130829312,540248,,540248
118792,60901,60901,Luis Malagón,active,118792,55066849562632,60901,,60901
118806,118806,563310,Rodolfo Cota,active,118806,53967337934870,118806,,
118823,540249,540249,Haritz Guillamon,active,8507431,118823,540249,,540249
118846,118846,563311,Miguel Ortega,active,118846,118846,118846,,
118849,540252,540252,Ayoze Heredia,active,8507457,118849,540252,,540252
118856,118856,118856,Larry Vásquez,active,118856,118856,118856,,118856
118878,118878,563312,Juan Antonio Pedrel,active,8507486,8507486,118878,,
118880,104503,104503,Reveriano Mariscal,active,8507488,105626130829408,104503,,104503
118881,102681,102681,Yago Freijedo,active,8507489,52785685057633,102681,,102681
118884,118884,118884,Edwuin Cetré,active,118884,118884,118884,,118884
118895,100337,100337,Roberto Alvarado,active,118895,55066849562735,100337,,100337
118927,100426,100426,Erick Sánchez,active,118927,105648410972303,100426,,100426
118932,118932,563314,Roger Brugué,active,118932,118932,118932,,
118940,118940,118940,Lukas Nmecha,active,118940,118940,118940,,118940
118942,118942,118942,Mohamed Bayo,active,118942,55070876094622,118942,,118942
118957,118957,118957,Tomás Belmonte,active,118957,118957,118957,,118957
118960,563316,563316,David Martínez,active,118960,118960,563316,,
118968,118968,118968,Hugo Duro,active,118968,105687065678008,118968,,118968
118973,118973,118973,Bambo Diaby,active,118973,118973,118973,,118973
118977,118977,118977,Rodrygo,active,118977,52893059240129,118977,118977,118977
118979,118979,118979,Axel Bamba,active,118979,118979,118979,,118979
118993,101217,101217,Gonzalo Serna,active,8507601,53880096411857,101217,,101217
118994,100706,100706,Henry Martín,active,118994,53880096411858,100706,,100706
119001,540253,540253,Kirian Nagore,active,8507609,119001,540253,,540253
119019,59449,59449,Iker Lusarreta,active,8507627,55066849562859,59449,,59449
119045,119045,563319,Lolo Belaustegui,active,8507653,53880096411909,119045,,
119054,540257,540257,Nicolas Oudoreado,active,8507662,119054,540257,,540257
119059,540259,540259,Jacobo Labaka,active,8507667,119059,540259,,540259
119064,100811,100811,Alan Cervantes,active,119064,119064,100811,,100811
119084,107589,107589,Fausto Basavibaso,active,8507692,8507692,107589,,107589
119093,119093,119093,Fernando,active,119093,119093,119093,,119093
119096,119096,563320,Simone Canestrelli,active,119096,119096,119096,,
119102,119102,119102,Mattias Käit,active,119102,119102,119102,,119102
119108,119108,119108,Yuri Alberto,active,119108,55068191740228,119108,,119108
119109,119109,563321,Matheus Henrique,active,119109,119109,119109,,
119130,119130,119130,Ivanildo,active,119130,119130,119130,,119130
119131,119131,119131,Sergio Gómez,active,119131,52874537193819,119131,,119131
119139,119139,119139,Nehuén Pérez,active,119139,55067923304803,119139,119139,119139
119141,119141,119141,Gabriel Sara,active,119141,53982101885285,119141,,119141
119142,119142,119142,Igor Gomes,active,119142,105637941989734,119142,,119142
119150,119150,119150,Chumi,active,119150,119150,119150,,119150
119151,119151,119151,Raoul Bellanova,active,119151,119151,119151,,119151
119153,119153,119153,Rafael Leão,active,119153,52783806009713,119153,119153,119153
119157,114988,114988,Deng Gangli,active,8507765,8507765,114988,,114988
119211,112006,112006,Qiu Wuhan,active,8507819,105644719985067,112006,,112006
119427,119427,563324,Ali Kabacalman,active,119427,119427,119427,,
119428,119428,119428,Thomas Castella,active,119428,119428,119428,,119428
119430,119430,119430,Benjamin Kololli,active,119430,119430,119430,,119430
119459,119459,119459,Olivier Custodio,active,119459,119459,119459,,119459
119460,119460,119460,Stefan Knežević,active,119460,119460,119460,,119460
119461,119461,119461,Jonas Omlin,active,119461,119461,119461,119461,119461
119463,119463,563333,Ruben Vargas,active,119463,52871852839591,119463,,
119467,119467,119467,Filip Ugrinić,active,119467,119467,119467,,119467
119477,119477,119477,Cherif Ndiaye,active,119477,53980222837429,119477,,119477
119486,119486,119486,Jonathan Buatu,active,119486,119486,119486,,119486
119497,119497,563335,Joedrick Pupe,active,119497,119497,119497,,
119499,119499,119499,Youcef Atal,active,16896715,105760633770699,119499,119499,119499
119506,119506,563377,Brigido Azulay,active,8508114,8508114,119506,,
119512,119512,119512,Arnaud Bodart,active,119512,119512,119512,,119512
119513,119513,119513,Dimitri Lavalée,active,119513,119513,119513,,119513
119514,119514,119514,Konstantinos Laifis,active,119514,119514,119514,119514,119514
119515,563431,563431,Jo Salvayre,active,8508123,8508123,563431,,
119517,119517,119517,Jan Bamert,active,119517,119517,119517,,119517
119522,563437,563437,Nicky Beloko,active,119522,119522,563437,,
119526,119526,119526,Quentin Maceiras,active,119526,119526,119526,,119526
119531,101329,101329,Matheus Cunha,active,119531,55068460176107,101329,,101329
119557,119557,119557,Colin Coosemans,active,119557,119557,119557,,119557
119567,119567,563449,Hassane Bandé,active,119567,119567,119567,,
119573,119573,119573,Mërgim Vojvoda,active,119573,119573,119573,,119573
119583,119583,119583,Jonathan Bolingi,active,119583,119583,119583,,119583
119606,119606,119606,Nedim Bajrami,active,119606,105728941609782,119606,,119606
119609,119609,119609,Numa Lavanchy,active,119609,119609,119609,,119609
119611,119611,119611,Cédric Zesiger,active,119611,119611,119611,,119611
119616,119616,563461,Giotto Morandi,active,119616,119616,119616,,
119627,563479,563479,Michael Kempter,active,119627,119627,563479,,
119629,119629,119629,Kevin Rüegg,active,119629,119629,119629,,119629
119638,119638,119638,H. Van Crombrugge,active,119638,119638,119638,119638,119638
119642,563482,563482,Lazare Amani,active,119642,119642,563482,,
119656,119656,563483,Francesco Ruberto,active,119656,119656,119656,,
119657,119657,563494,Chris Kablan,active,119657,119657,119657,,
119661,119661,119661,Sandro Lauper,active,119661,119661,119661,,119661
119681,119681,119681,Yohan Boli,active,119681,119681,119681,,119681
119684,119684,119684,Casper De Norre,active,119684,119684,119684,,119684
119688,119688,119688,Siebe Schrijvers,active,119688,119688,119688,,119688
119690,119690,119690,Gaëtan Coucke,active,119690,119690,119690,,119690
119692,119692,119692,Joseph Aidoo,active,119692,119692,119692,,119692
119693,119693,119693,Edon Zhegrova,active,119693,52876147807117,119693,,119693
119694,119694,119694,Mbwana Samatta,active,119694,84005774,119694,119694,119694
119695,119695,119695,Joakim Mæhle,active,119695,52849572696975,119695,,119695
119696,119696,119696,Clinton Mata,active,119696,119696,119696,,119696
119697,119697,119697,Nordin Jackers,active,119697,119697,119697,,119697
119698,119698,563503,Dante Vanzeir,active,119698,119698,119698,,
119700,119700,119700,Leandro Trossard,active,119700,55071412966292,119700,119700,119700
119703,119703,119703,Bryan Heynen,active,119703,119703,119703,,119703
119708,119708,563504,Siebe Van der Heyden,active,119708,119708,119708,,
119713,119713,119713,Logan Ndenbe,active,119713,119713,119713,,119713
119714,119714,563505,Clint Mogridge,active,8508322,8508322,119714,,
119721,119721,119721,Rocky Bushiri,active,119721,119721,119721,,119721
119729,119729,119729,Ortwin De Wolf,active,119729,119729,119729,,119729
119758,119758,119758,Carlinhos Junior,active,119758,105654316553166,119758,,119758
119761,119761,119761,Steve Rouiller,active,119761,119761,119761,,119761
119764,119764,119764,Sandy Walsh,active,119764,105851666944980,119764,,119764
119767,119767,119767,Louis Bostyn,active,119767,119767,119767,,119767
119777,119777,119777,Jaime Seoane,active,119777,119777,119777,,119777
119782,119782,119782,Aurélien Tchouaméni,active,119782,52895475160038,119782,,119782
119784,119784,563506,Brenno,active,119784,119784,119784,,
119797,119797,119797,Vitinho,active,119797,55069533918197,119797,,119797
119801,119801,119801,Kevin Gutiérrez,active,119801,119801,119801,,119801
119811,119811,119811,Mateo Retegui,active,119811,55068997047299,119811,,119811
119812,119812,119812,Tarık Çetin,active,119812,119812,119812,,119812
119814,119814,119814,Ersin Destanoğlu,active,119814,119814,119814,,119814
119816,119816,119816,Aitor Ruibal,active,119816,119816,119816,,119816
119817,119817,563511,Jizz Hornkamp,active,119817,119817,119817,,
119818,119818,119818,Romain Faivre,active,119818,119818,119818,,119818
119827,119827,563513,Maximiliano Villa,active,119827,119827,119827,,
119828,119828,119828,Pedro Porro,active,119828,55070607660052,119828,,119828
119835,119835,119835,Anthony Gordon,active,119835,56165555885083,119835,,119835
119838,119838,119838,Nathan Broadhead,active,119838,119838,119838,,119838
119857,119857,119857,Tomi Petrović,active,119857,119857,119857,,119857
119858,119858,563518,Genís Montolio,active,119858,119858,119858,,
119866,119866,119866,Ben Kone,active,119866,119866,119866,,119866
119867,119867,119867,Edo Kayembe,active,119867,119867,119867,,119867
119875,119875,119875,Abdou Harroui,active,119875,119875,119875,,119875
119877,119877,119877,Mahdi Camara,active,119877,52853599228997,119877,,119877
119889,119889,119889,Noussair Mazraoui,active,119889,56168508675153,119889,119889,119889
119902,119902,119902,Víctor Cantillo,active,119902,119902,119902,,119902
119903,119903,119903,Jorge Arias,active,119903,119903,119903,,119903
119907,119907,119907,Luis Díaz,active,119907,52849572697187,119907,,119907
119908,119908,119908,Enrique Serje,active,119908,119908,119908,,119908
119909,119909,119909,Yony González,active,119909,119909,119909,,119909
119910,119910,563519,Juan Roa,active,119910,119910,119910,,
119921,119921,563526,Nicolás Benedetti,active,119921,119921,119921,,
119922,119922,119922,Jhon Lucumí,active,119922,55069802353778,119922,,119922
119923,119923,119923,Daniel Giraldo,active,119923,119923,119923,,119923
119930,119930,563533,Yeison Suárez,active,119930,119930,119930,,
119943,119943,119943,Jeison Medina,active,119943,119943,119943,,119943
119947,119947,563543,Juan Montoya,active,119947,119947,119947,,
119952,119952,563547,Juan Felipe Aguirre,active,119952,119952,119952,,
119953,119953,119953,Sebastián Gómez,active,119953,119953,119953,,119953
119971,119971,563550,Jorge Obregón,active,119971,119971,119971,,
119972,119972,563554,Nicolás Gil,active,119972,119972,119972,,
119976,563556,563556,José Moya,active,119976,119976,563556,,
119977,119977,563564,Andrés Amaya,active,119977,119977,119977,,
119978,119978,563566,Geovanni Banguera,active,119978,119978,119978,,
120001,120001,120001,Jean Pestaña,active,120001,120001,120001,,120001
120006,563569,563569,Jáider Riquett,active,120006,120006,563569,,
120014,120014,120014,Andrés Correa,active,120014,120014,120014,,120014
120015,120015,120015,Walmer Pacheco,active,120015,120015,120015,,120015
120025,120025,120025,Diego Valoyes,active,120025,105633110152409,120025,,120025
120032,120032,120032,Leonardo Castro,active,120032,120032,120032,,120032
120037,120037,120037,Daniel Cataño,active,120037,120037,120037,,120037
120038,120038,120038,Yimy Gómez,active,120038,120038,120038,,120038
120040,120040,120040,Yulián Gómez,active,120040,120040,120040,,120040
120042,120042,120042,James Aguirre,active,120042,120042,120042,,120042
120058,120058,120058,Rafael Carrascal,active,120058,120058,120058,,120058
120067,120067,120067,Cristian Tovar,active,120067,120067,120067,,120067
120068,120068,120068,Jaminton Campaz,active,120068,105855911580932,120068,,120068
120069,120069,120069,Sergio Mosquera,active,120069,120069,120069,,120069
120070,563581,563581,Jáder Obrian,active,120070,120070,563581,,
120085,120085,563589,Kevin Viveros,active,120085,120085,120085,,
120111,120111,120111,Alejandro García,active,120111,120111,120111,,120111
120118,120118,120118,Cristian Barrios,active,120118,120118,120118,,120118
120119,120119,120119,Jhon Arias,active,120119,55068191741239,120119,,120119
120137,101215,101215,Devis Vásquez,active,120137,120137,101215,,101215
120141,120141,120141,Cristian Arrieta,active,120141,120141,120141,,120141
120145,120145,120145,Jefersson Martínez,active,120145,120145,120145,,120145
120147,120147,563612,Daniel Londoño,active,120147,120147,120147,,
120151,120151,120151,Diego Moreno,active,120151,120151,120151,,120151
120152,120152,120152,Duván Vergara,active,120152,120152,120152,,120152
120154,120154,120154,Neyder Moreno,active,120154,120154,120154,,120154
120158,120158,120158,Santiago Jiménez,active,120158,120158,120158,,120158
120160,120160,120160,Iván Rojas,active,120160,120160,120160,,120160
120165,120165,120165,Yeison Guzmán,active,120165,120165,120165,,120165
120177,120177,120177,Yhorman Hurtado,active,120177,120177,120177,,120177
120182,120182,120182,Juan Ríos,active,120182,120182,120182,,120182
120192,120192,120192,Edwin Torres,active,120192,120192,120192,,120192
120197,120197,120197,Andrey Estupiñán,active,120197,120197,120197,,120197
120224,120224,563613,Jordy Monroy,active,120224,120224,120224,,
120233,120233,563644,Harold Rivera,active,120233,120233,120233,,
120237,540265,540265,Rubens Medem,active,8508845,120237,540265,,540265
120240,120240,120240,Daniel Muñoz,active,120240,55068460176816,120240,,120240
120265,120265,120265,Yesus Cabrera,active,120265,120265,120265,,120265
120268,120268,120268,Andrés Mosquera,active,120268,120268,120268,,120268
120270,120270,563647,José Ortiz,active,120270,120270,120270,,
120284,120284,120284,Esneyder Mena,active,120284,120284,120284,,120284
120285,120285,563652,Kevin Londoño,active,120285,120285,120285,,
120300,120300,120300,Francis Amuzu,active,120300,53983980934636,120300,,120300
120307,120307,120307,Tom Dele-Bashiru,active,120307,120307,120307,,120307
120309,120309,120309,Callum Hudson-Odoi,active,120309,52873731888629,120309,120309,120309
120310,61022,61022,K. Mavropanos,active,120310,120310,61022,,61022
120322,121303,121303,Pepê,active,120322,120322,121303,,121303
120329,563670,563670,Filipe Betencourt,active,8508937,8508937,563670,,
120330,120330,120330,Benjamín Rollheiser,active,120330,53977538483722,120330,,120330
120333,563675,563675,David Assuncão,active,8508941,8508941,563675,,
120357,120357,120357,Eljif Elmas,active,120357,52779779479077,120357,120357,120357
120378,120378,120378,R. Norrington-Davies,active,120378,120378,120378,,120378
120379,120379,120379,Benjamin Whiteman,active,120379,120379,120379,,120379
120381,120381,120381,Liam Kitching,active,120381,120381,120381,,120381
120383,120383,120383,Oriol Rey,active,120383,120383,120383,,120383
120393,120393,563682,Kasper Junker,active,120393,53878754235977,120393,,
120411,120411,120411,Andreas Skov Olsen,active,120411,105763838219867,120411,,120411
120417,120417,120417,Martin Frese,active,120417,120417,120417,,120417
120419,120419,120419,Jonathan Amon,active,120419,120419,120419,,120419
120424,120424,120424,Victor Nelsson,active,120424,55069802354280,120424,,120424
120426,120426,120426,Mathias Jensen,active,120426,105690286904938,120426,,120426
120428,120428,120428,Mikkel Damsgaard,active,120428,52899770127980,120428,,120428
120430,120430,120430,Abdul Mumin,active,120430,120430,120430,,120430
120432,120432,120432,Rúnar Rúnarsson,active,120432,120432,120432,,120432
120439,120439,120439,Christian Nørgaard,active,120439,105800613877367,120439,120439,120439
120447,120447,563702,Andreas Poulsen,active,120447,120447,120447,,
120449,120449,120449,Victor Torp,active,120449,120449,120449,,120449
120450,563705,563705,Rasmus Nicolaisen,active,120450,120450,563705,,
120452,120452,120452,Frank Onyeka,active,120452,120452,120452,,120452
120453,120453,120453,Mikkel Duelund,active,120453,120453,120453,,120453
120455,120455,120455,Paul Onuachu,active,120455,53982101886599,120455,,120455
120457,120457,120457,Michael Falkesgaard,active,120457,120457,120457,,120457
120461,40280,40280,Rasmus Kristensen,active,120461,120461,40280,,40280
120476,120476,120476,Oliver Abildgaard,active,120476,120476,120476,,120476
120500,120500,563720,Gustaf Nilsson,active,120500,52884200871604,120500,,
120505,120505,563722,Mads Emil Madsen,active,120505,120505,120505,,
120509,120509,120509,Jens Gammelby,active,120509,120509,120509,,120509
120511,120511,563729,Magnus Mattsson,active,120511,52853867665087,120511,,
120516,120516,563743,Tobias Salquist,active,120516,120516,120516,,
120524,120524,120524,Julius Eskesen,active,120524,120524,120524,,120524
120525,120525,120525,Oliver Christensen,active,120525,120525,120525,,120525
120532,120532,120532,Frederik Tingager,active,120532,120532,120532,,120532
120533,120533,120533,Mathias Greve,active,120533,120533,120533,,120533
120538,120538,563762,Casper Nielsen,active,120538,120538,120538,,
120542,120542,120542,Casper Højer,active,120542,105848126953182,120542,,120542
120598,563765,563765,Saba Lobjanidze,active,120598,120598,563765,,
120602,120602,120602,Frederik Lauenborg,active,120602,120602,120602,,120602
120604,120604,563766,Matheus Leiria,active,120604,120604,120604,,
120617,120617,563771,Adrian Kappenberger,active,120617,120617,120617,,
120634,120634,120634,Mikael Uhre,active,120634,120634,120634,,120634
120638,120638,120638,Rasmus Vinderslev,active,120638,120638,120638,,120638
120686,120686,563779,Arvid Brorsson,active,120686,120686,120686,,
120734,39807,39807,Jesper Karlström,active,120734,120734,39807,,39807
120735,120735,563786,Felix Beijmo,active,120735,120735,120735,,
120771,120771,563826,Gustaf Lagerbielke,active,120771,120771,120771,,
120775,120775,563831,Jesper Nyholm,active,120775,120775,120775,,
120787,120787,120787,Jesper Karlsson,active,120787,52847425214419,120787,,120787
120791,120791,120791,Issam Jebali,active,120791,53881707026391,120791,,120791
120799,120799,120799,Ibrahim Drešević,active,120799,53968948549599,120799,,120799
120842,104376,104376,Xerxes Yarmohammadi,active,8509450,8509450,104376,,104376
120854,120854,120854,Ken Sema,active,120854,120854,120854,120854,120854
120871,120871,120871,Sander Svendsen,active,120871,120871,120871,,120871
120922,120922,120922,Pontus Almqvist,active,120922,120922,120922,,120922
120923,120923,563834,Alfons Sampsted,active,120923,120923,120923,,
120927,563835,563835,Dob Ouseley,active,8509535,8509535,563835,,
120929,120929,563838,Eric Smith,active,120929,120929,120929,,
120952,120952,120952,Fredrik Hammar,active,120952,120952,120952,,120952
120958,120958,120958,Carl Starfelt,active,120958,70375723620478,120958,,120958
120959,120959,563883,Hjalmar Ekdal,active,120959,120959,120959,,
120994,120994,120994,Efecan Karaca,active,120994,105827457423522,120994,,120994
120995,120995,120995,Mamadou Fofana,active,120995,120995,120995,,120995
121006,121006,121006,İrfan Can Kahveci,active,121006,52875342502062,121006,121006,121006
121008,563885,563885,Muhammed Şengezer,active,121008,121008,563885,,
121009,563890,563890,Kubilay Kanatsızkuş,active,121009,121009,563890,,
121019,563926,563926,Sinan Bakış,active,121019,121019,563926,,
121020,121020,563928,Ozan Kökçü,active,121020,121020,121020,,
121030,121030,121030,Jens Jønsson,active,121030,121030,121030,,121030
121034,121034,121034,Ömer Ali Şahiner,active,121034,53982101887178,121034,,121034
121040,563975,563975,Amir Hadžiahmetović,active,121040,105741558077648,563975,,
121083,121083,121083,Mert Hakan Yandaş,active,121083,105726794127611,121083,,121083
121086,121086,121086,Abdülkadir Ömür,active,121086,105691897518334,121086,,121086
121088,121088,121088,Uğurcan Çakır,active,121088,52898964822272,121088,121088,121088
121090,121090,121090,Hüseyin Türkmen,active,121090,121090,121090,,121090
121092,121092,121092,Kamil Ahmet Çörekçi,active,121092,121092,121092,,121092
121097,563987,563987,Abdurrahim Dursun,active,121097,121097,563987,,
121102,121102,563988,Tayyip Talha Sanuç,active,121102,53974585694478,121102,,
121112,121112,121112,Vedat Muriqi,active,121112,55070339225880,121112,121112,121112
121172,121172,121172,Nazim Sangaré,active,121172,121172,121172,121172,121172
121193,121193,121193,Jure Balkovec,active,121193,53877948930409,121193,,121193
121202,121202,121202,Thonny Anderson,active,121202,121202,121202,,121202
121205,563989,563989,Guido Mainero,active,121205,121205,563989,,
121215,121215,564006,Darío Cáceres,active,121215,121215,121215,,
121221,121221,121221,Emil Riis,active,121221,121221,121221,,121221
121241,121241,564007,Igor Silva,active,121241,121241,121241,,
121256,121256,564018,Alessandro Zanoli,active,121256,121256,121256,,
121259,121259,121259,Hugo Souza,active,121259,53983712500139,121259,,121259
121263,564037,564037,Ramon,active,121263,53984249371055,564037,,
121266,121266,121266,Hugo Moura,active,121266,53975659436466,121266,,121266
121276,121276,121276,Evanilson,active,121276,52848498956732,121276,,121276
121285,121285,121285,Andrés Martín,active,121285,121285,121285,,121285
121291,121291,121291,Marquinhos Cipriano,active,121291,121291,121291,,121291
121304,121304,121304,Julián López,active,121304,121304,121304,,121304
121305,121305,121305,Augusto Lotti,active,121305,121305,121305,,121305
121314,121314,121314,Junior Firpo,active,121314,52783806011874,121314,121314,121314
121320,121320,121320,Chris Ramos,active,121320,121320,121320,,121320
121322,121322,121322,Andy Pelmard,active,121322,121322,121322,,121322
121326,121326,121326,Ulisses,active,121326,121326,121326,,121326
121332,121332,121332,Krépin Diatta,active,121332,105860290435572,121332,121332,121332
121348,121348,121348,Alerrandro,active,121348,121348,121348,,121348
121357,121357,121357,Fausto Vera,active,121357,121357,121357,,121357
121358,121358,121358,Gastón Verón,active,121358,121358,121358,,121358
121364,121364,564043,Juan Pablo Cozzani,active,121364,121364,121364,,
121365,121365,121365,Franco Petroli,active,121365,121365,121365,,121365
121371,121371,121371,Jorman Campuzano,active,121371,121371,121371,,121371
121373,121373,121373,Wesley Fofana,active,121373,52893596113437,121373,121373,121373
121389,121389,564044,Oumar Solet,active,121389,121389,121389,,
121396,564053,564053,Semuel Pizzignacco,active,121396,121396,564053,,
121414,121414,121414,Lewis Ferguson,active,121414,55067923307078,121414,,121414
121420,121420,564061,Greg Docherty,active,121420,121420,121420,,
121421,121421,121421,Mikey Johnston,active,121421,121421,121421,,121421
121422,121422,121422,Kristoffer Ajer,active,121422,121422,121422,121422,121422
121423,35249,35249,Willis Glitter,active,8510031,8510031,35249,,35249
121426,121426,121426,Anthony Ralston,active,121426,105809740683858,121426,,121426
121431,121431,121431,Liam Kelly,active,121431,121431,121431,,121431
121433,121433,121433,Ross McCrorie,active,121433,121433,121433,,121433
121439,121439,121439,Scott McKenna,active,121439,52776558254687,121439,121439,121439
121441,121441,121441,Kenny McLean,active,121441,121441,121441,121441,121441
121448,121448,121448,Ryan Christie,active,121448,105756322028136,121448,121448,121448
121455,121455,121455,Kevin Nisbet,active,121455,121455,121455,,121455
121469,121469,121469,Paul McGinn,active,121469,121469,121469,,121469
121480,121480,121480,Stephen O'Donnell,active,121480,121480,121480,121480,121480
121488,121488,121488,Rory McKenzie,active,121488,121488,121488,,121488
121496,121496,121496,Greg Kiltie,active,121496,121496,121496,,121496
121497,121497,564065,Calum Ferrie,active,121497,121497,121497,,
121503,121503,121503,Mark O'Hara,active,121503,121503,121503,,121503
121510,121510,121510,Jesse Curran,active,121510,121510,121510,,121510
121513,121513,564086,Cammy Kerr,active,121513,121513,121513,,
121524,121524,121524,Martin Boyle,active,121524,121524,121524,,121524
121544,121544,121544,Callum Hendry,active,121544,121544,121544,,121544
121563,121563,121563,Chris Cadden,active,121563,121563,121563,,121563
121589,121589,121589,John Souttar,active,121589,121589,121589,,121589
121596,46111,46111,Aleks Petkov,active,121596,121596,46111,,46111
121601,121601,564089,Jamie Brandon,active,121601,121601,121601,,
121605,121605,121605,Teruhito Nakagawa,active,121605,53876069882629,121605,121605,121605
121608,121608,121608,Kota Yamada,active,121608,105661832747784,121608,,121608
121610,121610,121610,Kaina Yoshio,active,121610,105642253736714,121610,,121610
121613,121613,121613,Naoki Tsubaki,active,121613,121613,121613,,121613
121614,564095,564095,Keita Endo,active,121614,105787192105742,564095,,
121618,121618,121618,Rikiya Uehara,active,121618,105651900635922,121618,,121618
121620,121620,121620,Takuma Ominami,active,121620,121620,121620,,121620
121622,121622,121622,Koki Ogawa,active,121622,52879637469974,121622,,121622
121623,121623,121623,Ko Shimura,active,121623,121623,121623,,121623
121624,121624,121624,Issei Takahashi,active,121624,106740943280920,121624,,121624
121626,121626,564101,Daigo Furukawa,active,121626,121626,121626,,
121628,121628,121628,Jun Okano,active,121628,121628,121628,,121628
121631,121631,121631,Kengo Kitazume,active,121631,105844368857887,121631,,121631
121632,121632,121632,Yoshinori Suzuki,active,121632,105651632200480,121632,,121632
121638,121638,121638,Shintaro Kokubu,active,121638,121638,121638,,121638
121640,121640,121640,Tomoki Iwata,active,121640,53877412059944,121640,,121640
121649,121649,121649,Ryuji Izumi,active,121649,53880633285425,121649,,121649
121650,121650,121650,Ikki Arai,active,121650,105651632200498,121650,,121650
121653,121653,121653,Shogo Asada,active,121653,53945594665781,121653,,121653
121654,121654,121654,Keiya Sento,active,121654,105704245549878,121654,121654,121654
121655,121655,121655,Tomoya Wakahara,active,121655,121655,121655,,121655
121657,121657,121657,Masato Yuzawa,active,121657,121657,121657,,121657
121659,121659,121659,Yuto Iwasaki,active,121659,105651632200507,121659,,121659
121660,121660,121660,Takuya Shimamura,active,121660,105684918197052,121660,,121660
121663,121663,121663,Asahi Masuyama,active,121663,121663,121663,,121663
121664,121664,121664,Yota Maejima,active,121664,105640894782272,121664,,121664
121666,121666,121666,Akinori Ichikawa,active,121666,105738068417346,121666,,121666
121671,121671,121671,Kosuke Saito,active,121671,105706929904455,121671,,121671
121673,121673,121673,Takuya Yasui,active,121673,121673,121673,121673,121673
121674,121674,121674,Daiya Maekawa,active,121674,53981296581450,121674,121674,121674
121680,121680,121680,Ko Matsubara,active,121680,105661832747856,121680,,121680
121682,121682,564110,Koya Kitagawa,active,121682,105845442599762,121682,,
121684,121684,121684,Yugo Tatsuta,active,121684,105721693854548,121684,,121684
121686,121686,121686,Takahiro Iida,active,121686,105842758245206,121686,,121686
121691,121691,121691,Ryo Germain,active,121691,53967606373211,121691,,121691
121693,121693,121693,Yoshihiro Nakano,active,121693,121693,121693,,121693
121694,121694,121694,Keiya Shiihashi,active,121694,105698608405342,121694,,121694
121696,121696,121696,Takuma Nishimura,active,121696,53974317259616,121696,121696,121696
121697,121697,121697,Katsuya Nagato,active,121697,53967874808673,121697,,121697
121698,121698,121698,Masato Kojima,active,121698,121698,121698,,121698
121701,121701,121701,Daizen Maeda,active,121701,52878026857317,121701,121701,121701
121705,121705,121705,Kazuhiro Sato,active,121705,121705,121705,,121705
121710,121710,121710,Makito Ito,active,121710,53877412060014,121710,121710,121710
121712,121712,121712,Masaaki Goto,active,121712,105787460541296,121712,,121712
121714,121714,121714,Ryohei Okazaki,active,121714,121714,121714,,121714
121715,121715,121715,Hirokazu Ishihara,active,121715,53969216985971,121715,,121715
121718,121718,121718,Yuta Kamiya,active,121718,105810277555062,121718,,121718
121722,121722,121722,Mitsuki Saito,active,121722,121722,121722,,121722
121723,121723,121723,Daiki Sugioka,active,121723,53877143624571,121723,,121723
121724,121724,121724,Temma Matsuda,active,121724,105651900636028,121724,,121724
121725,121725,121725,Kim Min-Tae,active,121725,53945057794941,121725,,121725
121727,121727,121727,Ryosuke Shindo,active,121727,105792560814975,121727,,121727
121728,121728,121728,Daiki Suga,active,121728,105661295876992,121728,,121728
121734,121734,121734,Ryogo Yamasaki,active,121734,121734,121734,,121734
121736,121736,121736,Koki Matsuzawa,active,121736,121736,121736,,121736
121740,121740,121740,C. Edoojon Kawakami,active,121740,121740,121740,,121740
121741,121741,121741,Yudai Konishi,active,121741,121741,121741,,121741
121750,121750,121750,Kyogo Furuhashi,active,121750,52777095125910,121750,121750,121750
121763,121763,121763,Shohei Takeda,active,121763,105825578376099,121763,,121763
121764,121764,121764,Jun Ichimori,active,121764,53968948550564,121764,,121764
121765,121765,121765,Koki Tsukagawa,active,121765,105643579136933,121765,,121765
121770,121770,121770,Wakaba Shimoguchi,active,121770,121770,121770,,121770
121780,121780,121780,Yuta Koide,active,121780,121780,121780,,121780
121781,121781,121781,Yuki Kakita,active,121781,105787192105909,121781,,121781
121787,121787,121787,Mendes,active,121787,121787,121787,,121787
121795,121795,121795,Kyosuke Tagawa,active,121795,105781286525891,121795,121795,121795
121796,121796,121796,Hiromu Mitsumaru,active,121796,105781286525892,121796,,121796
121804,121804,121804,Atsushi Kurokawa,active,121804,121804,121804,,121804
121805,121805,121805,Akinari Kawazura,active,121805,121805,121805,,121805
121806,121806,121806,Riku Yamada,active,121806,121806,121806,,121806
121808,121808,564111,Kim Dong-Su,active,121808,121808,121808,,
121809,121809,121809,Kohei Yamakoshi,active,121809,121809,121809,,121809
121810,121810,121810,Yusuke Segawa,active,121810,53981565017042,121810,,121810
121812,121812,121812,Ataru Esaka,active,121812,53980491275220,121812,,121812
121813,121813,121813,Takehiro Tomiyasu,active,121813,52850378005461,121813,121813,121813
121817,121817,564200,Won Du-Jae,active,121817,121817,121817,,
121821,121821,121821,Takaaki Shichi,active,121821,53945594665949,121821,,121821
121825,121825,121825,Kakeru Funaki,active,121825,53945057795041,121825,,121825
121826,121826,121826,Yasuki Kimoto,active,121826,53968948550626,121826,,121826
121828,121828,121828,Towa Yamane,active,121828,53981565017060,121828,,121828
121830,121830,121830,Takeru Kishimoto,active,121830,105763301350374,121830,,121830
121832,121832,121832,Reiya Morishita,active,121832,121832,121832,,121832
121842,121842,121842,Keisuke Osako,active,121842,105855643147250,121842,,121842
121843,121843,121843,Taishi Matsumoto,active,121843,105738068417523,121843,,121843
121844,121844,564214,Osamu Henry Iyoha,active,121844,121844,121844,,
121854,121854,121854,Haruki Saruta,active,121854,121854,121854,,121854
121856,121856,121856,Kohei Tezuka,active,121856,105651900636160,121856,,121856
121858,121858,121858,Taiyo Koga,active,121858,53978880662530,121858,,121858
121859,121859,121859,Ryuta Koike,active,121859,53876875189251,121859,,121859
121860,121860,121860,Junya Ito,active,121860,106783087647748,121860,121860,121860
121864,121864,121864,Takefusa Kubo,active,121864,55067654872072,121864,121864,121864
121867,121867,121867,Yoshitake Suzuki,active,121867,105654316555275,121867,121867,121867
121868,121868,121868,Rei Hirakawa,active,121868,53981296581644,121868,121868,121868
121871,564224,564224,Sei Muroya,active,121871,53977270049807,564224,,
121872,121872,121872,Takuya Uchida,active,121872,121872,121872,121872,121872
121875,121875,121875,Takumi Hasegawa,active,121875,121875,121875,,121875
121876,121876,121876,Teruki Hara,active,121876,105792560815124,121876,,121876
121877,121877,121877,Arata Watanabe,active,121877,106740943281173,121877,,121877
121882,121882,121882,Shion Inoue,active,121882,105626936138778,121882,,121882
121888,121888,121888,Hiroki Mawatari,active,121888,121888,121888,,121888
121916,121916,121916,Yuji Hoshi,active,121916,105764911963196,121916,,121916
121917,121917,121917,Daisuke Yoshimitsu,active,121917,121917,121917,,121917
121921,121921,121921,Masaaki Murakami,active,121921,53974317259841,121921,,121921
121923,121923,121923,Masayuki Okuyama,active,121923,121923,121923,,121923
121927,121927,121927,Koki Fukui,active,121927,105767327882311,121927,,121927
121931,121931,121931,Keita Nakamura,active,121931,121931,121931,,121931
121934,121934,121934,Daichi Tagami,active,121934,53974048824398,121934,,121934
121941,121941,121941,Masakazu Yoshioka,active,121941,121941,121941,,121941
121942,121942,121942,Hijiri Onaga,active,121942,105687602551894,121942,,121942
121950,121950,121950,Stephen Eustáquio,active,121950,52846083038302,121950,,121950
121961,121961,121961,Sepp van den Berg,active,121961,121961,121961,,121961
121964,121964,564231,Eneko Jauregi,active,121964,121964,121964,,
121968,121968,121968,Diego Valencia,active,121968,121968,121968,,121968
121972,121972,121972,Pejiño,active,121972,121972,121972,,121972
121987,121987,121987,Chiedozie Ogbene,active,121987,105726257257603,121987,,121987
121994,121994,564248,André Silva,active,121994,121994,121994,,
122005,32720,32720,Noah Okafor,active,122005,52852257053845,32720,,32720
122009,122009,122009,Cyle Larin,active,122009,105884634176665,122009,,122009
122011,122011,122011,Mitchel Bakker,active,122011,122011,122011,122011,122011
122012,122012,122012,Cody Gakpo,active,122012,52890106453148,122012,,122012
122020,122020,122020,Giuliano Galoppo,active,122020,122020,122020,,122020
122034,122034,122034,Lautaro Chávez,active,122034,122034,122034,,122034
122035,122035,122035,Jonas Wind,active,122035,52782463835315,122035,,122035
122040,57449,57449,Lavrenti Arakcheyev,active,8510648,8510648,57449,,57449
122057,564251,564251,Alfie Mansfield,active,8510665,8510665,564251,,
122066,46284,46284,Solomon Prosteva,active,8510674,8510674,46284,,46284
122106,122106,122106,Mihailo Ristić,active,122106,122106,122106,,122106
122128,122128,122128,Matvei Safonov,active,122128,122128,122128,,122128
122166,61399,61399,Boris Khrenikov,active,8510774,8510774,61399,,61399
122264,122264,122264,Alexis Saelemaekers,active,122264,105840879197592,122264,122264,122264
122265,122265,564252,Sebastiaan Bornauw,active,122265,122265,122265,,
122271,122271,122271,Trevoh Chalobah,active,122271,52887690534303,122271,,122271
122273,122273,122273,Alexander Pastene,active,122273,122273,122273,,122273
122281,122281,122281,Leonardo Marchi,active,122281,122281,122281,,122281
122283,122283,122283,Adonis Frías,active,122283,53879827979691,122283,,122283
122285,122285,564264,Logan Costa,active,122285,122285,122285,,
122306,122306,122306,Jørgen Strand Larsen,active,122306,52882590260674,122306,,122306
122307,122307,122307,Frank Tsadjout,active,122307,122307,122307,,122307
122318,564275,564275,Michael Vadulli,active,122318,122318,564275,,
122319,122319,122319,Lassine Sinayoko,active,122319,105822441037263,122319,,122319
122320,122320,564279,Samuele Mulattieri,active,122320,122320,122320,,
122321,122321,122321,Pablo Martínez,active,122321,122321,122321,,122321
122325,122325,122325,Matheus Bueno,active,122325,53978075356629,122325,,122325
122329,122329,122329,Tomás Badaloni,active,122329,122329,122329,,122329
122332,122332,122332,Tyrese Campbell,active,122332,122332,122332,,122332
122333,122333,122333,Bryan Mbeumo,active,122333,52890643324381,122333,,122333
122344,122344,122344,Dani de Wit,active,122344,52777900432872,122344,,122344
122349,117562,117562,Xenres Dowlatabadi,active,8510957,8510957,117562,,117562
122351,122351,564284,Hiram Faraday,active,8510959,8510959,122351,,
122356,122356,122356,Yuya Oki,active,122356,105792292380148,122356,,122356
122361,122361,564290,Sattar Bashir,active,8510969,8510969,122361,,
122376,122376,564303,Sina Ikrimah,active,8510984,50454024,122376,,
122406,122406,564314,Rahim Marwan,active,8511014,8511014,122406,,
122434,540660,540660,Mohamed Kanno,active,16899650,105646330601026,540660,,540660
122448,122448,122448,Hiroto Yamada,active,122448,122448,122448,,122448
122450,122450,122450,Motohiko Nakajima,active,122450,105748268965458,122450,,122450
122451,122451,122451,Takumi Nagaishi,active,122451,53967606373971,122451,,122451
122454,122454,564315,Oh Se-Hun,active,122454,106775571455574,122454,,
122460,122460,122460,Kim Min-Jae,active,122460,123236570488412,122460,,122460
122462,122462,564327,Song Bum-Keun,active,122462,105626936139358,122462,,
122473,122473,564353,Gennadi Berezhko,active,8511081,8511081,122473,,
122479,122479,564364,Azret Konchalovsky,active,8511087,105714496429679,122479,,
122483,564365,564365,Matee Sarakum,active,122483,122483,564365,,
122489,122489,122489,Supachai Chaided,active,122489,53881170157177,122489,122489,122489
122490,122490,122490,Suphanat Mueanta,active,122490,106761092718202,122490,,122490
122493,564368,564368,Sasalak Haiprakhon,active,122493,105735669276285,564368,,
122494,122494,564374,Nopphon Lakhonphon,active,122494,122494,122494,,
122495,122495,122495,Pansa Hemviboon,active,122495,105851079745151,122495,122495,122495
122496,122496,122496,Ratthanakorn Maikami,active,122496,122496,122496,,122496
122502,122502,564385,Mojtaba Faisal,active,8511110,8511110,122502,,
122537,122537,122537,Yasuto Wakizaka,active,122537,53971901341353,122537,,122537
122581,122581,564398,Abdulrahman Ghareeb,active,16899797,105646330601173,122581,,
122583,540663,540663,Raghid Najjar,active,16899799,16899799,540663,,540663
122617,540667,540667,Ahmed Suhail,active,16899833,16899833,540667,,540667
122621,122621,564410,Meshaal Barsham,active,16899837,105728689954557,122621,,
122684,564413,564413,Ferreira Iotti,active,8511292,8511292,564413,,
122690,564438,564438,Santiago Sosa,active,122690,122690,564438,,
122697,122697,122697,Leonardo Balerdi,active,122697,122697,122697,122697,122697
122706,122706,122706,Jayden Bogle,active,122706,122706,122706,,122706
122707,122707,122707,Carlos Augusto,active,122707,52853330796371,122707,,122707
122711,122711,564442,Rafael Elias,active,122711,53969753857879,122711,,
122716,122716,122716,Giacomo Raspadori,active,122716,52893327679324,122716,,122716
122727,122727,122727,Jurgen Ekkelenkamp,active,122727,122727,122727,,122727
122728,122728,122728,Noa Lang,active,122728,52895206727528,122728,,122728
122798,122798,564461,Abo Eisa,active,122798,122798,122798,,
122809,122809,122809,Ole Romeny,active,122809,106747167629241,122809,,122809
122818,122818,122818,Yonathan Andía,active,122818,122818,122818,,122818
122833,122833,122833,Joe Rankin-Costello,active,122833,122833,122833,,122833
122855,122855,122855,Jérémy Mellot,active,122855,122855,122855,,122855
122869,122869,122869,Ugo Bonnet,active,122869,122869,122869,,122869
122897,122897,122897,Fran Vieites,active,122897,122897,122897,,122897
122904,122904,122904,Miguel San Román,active,122904,122904,122904,,122904
122905,647193,647193,Peru Nolaskoain,active,122905,122905,647193,,647193
122917,122917,122917,Hayen Palacios,active,122917,122917,122917,,122917
122924,122924,564464,Boyd Reith,active,122924,122924,122924,,
122960,122960,122960,Enzo Díaz,active,122960,105841952940112,122960,,122960
122990,122990,122990,Michael Smith,active,122990,122990,122990,,122990
123005,123005,123005,Renzo Tesuri,active,123005,123005,123005,,123005
123020,123020,564492,Ezequiel Piovi,active,123020,123020,123020,,
123023,564495,564495,Gabriel Compagnucci,active,123023,123023,564495,,
123035,123035,123035,Juan Rodríguez,active,123035,123035,123035,,123035
123057,123057,123057,Thijs Dallinga,active,123057,123057,123057,,123057
123081,564508,564508,Richard,active,123081,123081,564508,,
123101,123101,123101,Luiz Otávio,active,123101,123101,123101,,123101
123105,123105,123105,Felipe Jonatan,active,123105,123105,123105,,123105
123112,123112,123112,Richardson,active,123112,123112,123112,,123112
123117,123117,123117,Arthur Cabral,active,123117,123117,123117,,123117
123124,123124,123124,Andriy Lunin,active,123124,52853867667700,123124,123124,123124
123131,123131,564516,Xaver Schlager,active,123131,123131,123131,,
123132,123132,123132,Peter Žulj,active,123132,105833916653820,123132,,123132
123135,123135,564517,Abdullah Al Khaibari,active,16900351,8511743,123135,,
123147,59399,59399,P. Frankowski,active,123147,53975391002891,59399,,59399
123152,123152,123152,Birger Meling,active,123152,123152,123152,,123152
123157,123157,123157,Nicholas Opoku,active,123157,123157,123157,,123157
123160,123160,123160,Zeki Çelik,active,123160,52881516519704,123160,123160,123160
123166,43965,43965,Aubrey Modiba,active,123166,123166,43965,,43965
123167,101981,101981,Teboho Mokoena,active,123167,56162603098399,101981,,101981
123171,123171,564518,Ahmed Tagnaouti,active,123171,123171,123171,,
123176,45257,45257,Ayoub El Kaabi,active,123176,105851968938280,45257,,45257
123177,123177,123177,Michael Woud,active,123177,123177,123177,,123177
123183,123183,123183,Sarpreet Singh,active,123183,123183,123183,,123183
123196,123196,123196,Ylber Ramadani,active,123196,123196,123196,,123196
123203,123203,123203,Dia Saba,active,123203,123203,123203,123203,123203
123211,60181,60181,Kenan Bajrić,active,123211,123211,60181,,60181
123225,123225,123225,Curtis Jones,active,123225,52886616793433,123225,123225,123225
123230,123230,564528,Dennis Eckert Ayensa,active,123230,123230,123230,,
123231,123231,123231,Óliver Rojas,active,123231,123231,123231,,123231
123232,123232,123232,Rayan Aït-Nouri,active,123232,52883664003424,123232,123232,123232
123234,123234,123234,César Munder,active,123234,123234,123234,,123234
123241,123241,123241,Salvatore Esposito,active,123241,123241,123241,,123241
123244,123244,564536,Talat Zayd,active,8511852,8511852,123244,,
123250,123250,564542,Rasul Zain,active,8511858,8511858,123250,,
123255,123255,564544,Yazan Al Arab,active,123255,123255,123255,,
123262,123262,564547,Hwan Jeonghwang,active,8511870,8511870,123262,,
123264,123264,564548,Pyeon Juo,active,8511872,8511872,123264,,
123265,123265,564561,Amadou Haidara,active,123265,123265,123265,,
123268,123268,123268,Adama Traoré,active,123268,123268,123268,,123268
123271,123271,564566,Ali Dad Moneim,active,8511879,8511879,123271,,
123300,123300,564569,Hesam Kafeel,active,8511908,8511908,123300,,
123303,123303,564571,Tyler Adams,active,123303,123303,123303,,
123306,123306,564573,Cristian Roldán,active,123306,123306,123306,,
123332,123332,564578,Simon Rostand,active,8511940,8511940,123332,,
123352,123352,564581,Mansur Zain,active,8511960,8511960,123352,,
123356,123356,564583,Salman Najm,active,8511964,56162116559324,123356,,
123359,123359,123359,Nicușor Bancu,active,123359,123359,123359,,123359
123365,123365,564590,Isador Jenas,active,8511973,8511973,123365,,
123381,564593,564593,Chatchai Bootprom,active,123381,123381,564593,,
123382,123382,123382,Kevin Deeromram,active,123382,105752295498230,123382,,123382
123384,564611,564611,Shinnaphat Leeaoh,active,123384,123384,564611,,
123385,123385,123385,Nitipong Selanon,active,123385,123385,123385,,123385
123386,123386,123386,Bordin Phala,active,123386,105646599037434,123386,,123386
123393,123393,564616,Jo Hyeon-Woo,active,123393,52887422099969,123393,,
123397,123397,564617,Najim Ubay,active,8512005,8512005,123397,,
123399,123399,564622,Habib Qasim,active,8512007,8512007,123399,,
123411,564628,564628,Salvatore Elia,active,123411,123411,564628,,
123417,106218,106218,Ferreira,active,123417,53984249373209,106218,,106218
123422,123422,564629,Gabriel Baralhas,active,123422,53983712502302,123422,,
123446,123446,123446,Pascal Struijk,active,123446,123446,123446,,123446
123450,123450,123450,Thomas Gundelund,active,123450,123450,123450,,123450
123462,123462,123462,Lundrim Hetemi,active,123462,123462,123462,,123462
123467,123467,123467,Rasmus Lauritsen,active,123467,123467,123467,,123467
123483,123483,123483,Charles Vanhoutte,active,123483,123483,123483,,123483
123512,123512,564635,Gieorgi Zederbaum,active,8512120,8512120,123512,,
123547,123547,123547,Mikael Anderson,active,123547,123547,123547,,123547
123554,123554,123554,Nikolaj Flø,active,123554,123554,123554,,123554
123576,123576,123576,Emirhan Topçu,active,123576,53973780390584,123576,,123576
123590,123590,123590,Umut Nayir,active,123590,123590,123590,,123590
123592,123592,123592,Altay Bayındır,active,123592,105748537402056,123592,,123592
123594,123594,123594,Furkan Bekleviç,active,123594,123594,123594,,123594
123656,123656,123656,Julián Brea,active,123656,123656,123656,,123656
123665,123665,564638,Rodrigo Garro,active,123665,53983980938001,123665,,
123669,123669,123669,Malcom Braida,active,123669,123669,123669,,123669
123709,123709,564640,S. Sosa Sánchez,active,123709,123709,123709,,
123716,123716,123716,Michel Adopo,active,123716,123716,123716,,123716
123720,123720,123720,Enrico Del Prato,active,123720,55069802357576,123720,,123720
123721,123721,123721,Dejan Kuluševski,active,123721,52850914878281,123721,123721,123721
123726,123726,123726,Armand Laurienté,active,123726,55067923309390,123726,,123726
123729,123729,123729,Federico Brancolini,active,123729,123729,123729,,123729
123745,123745,123745,Orkun Kökçü,active,123745,106771008054113,123745,123745,123745
123749,123749,123749,Luis Suárez,active,123749,52894669857637,123749,,123749
123763,123763,123763,Noam Baumann,active,123763,123763,123763,,123763
123786,123786,123786,Sebastián Palma,active,123786,123786,123786,,123786
123787,123787,123787,Sebastián Guzmán,active,123787,123787,123787,,123787
123788,123788,123788,Johan Carbonero,active,123788,123788,123788,,123788
123805,123805,123805,Daam Foulon,active,123805,123805,123805,,123805
123808,123808,123808,Anderson Angulo,active,123808,123808,123808,,123808
123827,123827,123827,Miro Muheim,active,123827,123827,123827,,123827
123838,123838,564642,Lindrit Kamberi,active,123838,123838,123838,,
123902,123902,123902,Luis Sandoval,active,123902,123902,123902,,123902
123905,123905,123905,Yeison Tolosa,active,123905,123905,123905,,123905
123907,564646,564646,Déiber Caicedo,active,123907,123907,564646,,
123929,123929,123929,John García,active,123929,123929,123929,,123929
123941,123941,123941,Edwar López,active,123941,123941,123941,,123941
123948,123948,123948,Jorge Segura,active,123948,123948,123948,,123948
123949,123949,123949,Éver Valencia,active,123949,123949,123949,,123949
123951,564652,564652,Efraín Navarro,active,123951,123951,564652,,
123953,123953,123953,Johan Caballero,active,123953,123953,123953,,123953
123977,123977,564678,Justin Roth,active,123977,123977,123977,,
123980,46372,46372,Valentin Blaramberg,active,8512588,8512588,46372,,46372
123988,123988,123988,Anto Grgić,active,123988,123988,123988,,123988
123989,123989,123989,Jason Kerr,active,123989,123989,123989,,123989
123990,123990,123990,Ali McCann,active,123990,123990,123990,,123990
124010,564680,564680,Maximilien Lamour,active,8512618,8512618,564680,,
124018,41429,41429,Adam Ståhl,active,124018,124018,41429,,41429
124026,124026,124026,Morten Frendrup,active,124026,105663980233850,124026,,124026
124029,42852,42852,Artem Dovbyk,active,124029,52882053391485,42852,,42852
124030,45397,45397,Kaan Kairinen,active,124030,124030,45397,,45397
124032,124032,124032,Mathias Jørgensen,active,124032,124032,124032,,124032
124036,124036,124036,Ross Doohan,active,124036,124036,124036,,124036
124054,124054,124054,Nicolai Poulsen,active,124054,124054,124054,,124054
124055,124055,124055,Simon Graves,active,124055,124055,124055,,124055
124058,124058,124058,Jesús Rivas,active,124058,124058,124058,,124058
124063,124063,124063,Adam Sørensen,active,124063,124063,124063,,124063
124069,124069,124069,Deinner Quiñónes,active,124069,124069,124069,,124069
124077,124077,124077,Mustafa Eskihellaç,active,124077,53976196310189,124077,,124077
124092,124092,564691,Alemão,active,124092,124092,124092,,
124093,124093,124093,Takuya Shigehiro,active,124093,124093,124093,,124093
124094,124094,124094,Renzo López,active,124094,124094,124094,,124094
124097,124097,124097,Masaya Tashiro,active,124097,105792292381889,124097,,124097
124101,124101,124101,Shuto Machino,active,124101,53879559546053,124101,,124101
124104,124104,124104,Kai Shibato,active,124104,105842758247624,124104,,124104
124106,124106,124106,Takuya Ogiwara,active,124106,53961969231050,124106,,124106
124107,124107,124107,Hiroki Ito,active,124107,52881784956107,124107,,124107
124110,124110,124110,Koji Toriumi,active,124110,53944789361870,124110,,124110
124111,124111,124111,Mun Kyung-Gun,active,124111,105781554963663,124111,,124111
124113,124113,124113,Haruto Shirai,active,124113,124113,124113,,124113
124114,124114,124114,Yuya Fukuda,active,124114,105786118366418,124114,,124114
124115,124115,124115,Tatsuya Yamaguchi,active,124115,124115,124115,,124115
124118,124118,124118,Keito Nakamura,active,124118,52874537198806,124118,,124118
124120,124120,124120,Kohei Okuno,active,124120,105792560817368,124120,,124120
124121,124121,124121,Riku Matsuda,active,124121,124121,124121,,124121
124124,124124,124124,Yukinari Sugawara,active,124124,52867826312412,124124,124124,124124
124125,124125,564692,Shunto Kodama,active,124125,124125,124125,,
124126,124126,124126,Haruya Fujii,active,124126,53879022675166,124126,,124126
124127,124127,124127,Daiki Miya,active,124127,53969216988383,124127,,124127
124128,124128,124128,Daiju Sasaki,active,124128,53961969231072,124128,124128,124128
124129,124129,124129,Yuta Goke,active,124129,105654316557537,124129,124129,124129
124131,124131,124131,Yoshiaki Arai,active,124131,124131,124131,,124131
124132,124132,124132,Yasufumi Nishimura,active,124132,124132,124132,,124132
124133,124133,564694,Takuma Mizutani,active,124133,124133,124133,,
124142,124142,124142,Kanji Okunuki,active,124142,105817793750254,124142,,124142
124149,124149,124149,Hiroya Matsumoto,active,124149,124149,124149,,124149
124150,124150,124150,Ayumu Kawai,active,124150,124150,124150,,124150
124156,124156,124156,Yuta Kumamoto,active,124156,124156,124156,,124156
124160,124160,124160,Manato Shinada,active,124160,124160,124160,124160,124160
124162,124162,124162,Taiki Watanabe,active,124162,124162,124162,,124162
124164,124164,124164,Shion Homma,active,124164,105721693857028,124164,,124164
124166,124166,124166,Sachiro Toshima,active,124166,105632573285638,124166,,124166
124169,124169,124169,Ko Hasegawa,active,124169,124169,124169,,124169
124170,124170,124170,Kanya Fujimoto,active,124170,52872658150666,124170,,124170
124174,124174,124174,Takumi Nagura,active,124174,124174,124174,,124174
124175,124175,124175,Shunya Yoneda,active,124175,105845442602255,124175,,124175
124181,124181,124181,Leo Osaki,active,124181,105630425802005,124181,124181,124181
124183,124183,124183,Masaki Watai,active,124183,105784507753751,124183,,124183
124187,124187,124187,Sho Araki,active,124187,124187,124187,,124187
124188,124188,124188,Yuta Imazu,active,124188,124188,124188,,124188
124191,124191,124191,Shusuke Ota,active,124191,105843026683167,124191,,124191
124192,124192,564698,Miki Inoue,active,124192,124192,124192,,
124195,124195,564699,Aoi Kudo,active,124195,124195,124195,,
124201,124201,124201,Boniface Nduka,active,124201,53881438594345,124201,,124201
124203,124203,564706,Kota Sanada,active,124203,124203,124203,,
124208,124208,124208,Daiki Kaneko,active,124208,105686260376880,124208,,124208
124212,124212,124212,Kosuke Yamazaki,active,124212,105634989204788,124212,,124212
124218,124218,564710,Daichi Ishikawa,active,124218,105842758247738,124218,,
124219,124219,564711,Michiya Okamoto,active,124219,124219,124219,,
124221,124221,124221,Yuya Yamagishi,active,124221,53879022675261,124221,,124221
124228,124228,124228,Kaito Abe,active,124228,105764911965508,124228,,124228
124236,124236,124236,Andrea Colpani,active,124236,124236,124236,,124236
124248,124248,564713,Maxime Bernauer,active,124248,124248,124248,,
124249,124249,124249,Matías Borgogno,active,124249,124249,124249,,124249
124257,124257,124257,Halil Dervişoğlu,active,124257,70375992059233,124257,,124257
124261,124261,124261,Brayan Córdoba,active,124261,124261,124261,,124261
124262,124262,124262,Yéiler Góez,active,124262,124262,124262,,124262
124266,124266,124266,Antoine Semenyo,active,124266,52889838019946,124266,,124266
124270,124270,124270,Ozan Kabak,active,124270,124270,124270,124270,124270
124274,124274,124274,Anthony Racioppi,active,124274,124274,124274,,124274
124275,124275,564714,Emanuele Torrasi,active,124275,124275,124275,,
124276,124276,124276,Miguel Rubio,active,124276,124276,124276,,124276
124280,124280,124280,Marcos Vinícius,active,124280,124280,124280,,124280
124283,124283,124283,Enzo Loiodice,active,124283,124283,124283,,124283
124323,124323,564717,Tobias Bech,active,124323,124323,124323,,
124329,124329,124329,Jay Dasilva,active,124329,124329,124329,,124329
124330,124330,124330,Joe Aribo,active,124330,124330,124330,,124330
124349,124349,564721,Mark Brink,active,124349,124349,124349,,
124352,124352,564744,Mads Larsen,active,124352,124352,124352,,
124360,124360,124360,Ryan Yates,active,124360,124360,124360,,124360
124364,124364,564766,Michael Cooper,active,124364,124364,124364,,
124403,102428,102428,Efraim Kruglov,active,8513011,8513011,102428,,102428
124464,124464,564795,Nicky Cadden,active,124464,124464,124464,,
124468,124468,124468,Jordan Thompson,active,124468,124468,124468,,124468
124472,124472,124472,Scott Pittman,active,124472,124472,124472,,124472
124559,101052,101052,Berke Özer,active,124559,52891985503887,101052,,101052
124561,124561,564798,Ali Yanar,active,124561,124561,124561,,
124580,124580,564801,Oğulcan Ülgün,active,124580,124580,124580,,
124582,124582,124582,Erdoğan Yeşilyurt,active,124582,124582,124582,,124582
124590,124590,564808,Justo Giani,active,124590,124590,124590,,
124592,124592,564812,Augusto Max,active,124592,124592,124592,,
124606,124606,564813,Andreas Oggesen,active,124606,124606,124606,,
124608,124608,564829,Christian Sørensen,active,124608,124608,124608,,
124619,564831,564831,Anatoli Glaf,active,8513227,8513227,564831,,
124644,124644,124644,Andreas Hansen,active,124644,124644,124644,,124644
124661,564839,564839,Peter Therkildsen,active,124661,124661,564839,,
124663,124663,124663,Alexander Bah,active,124663,52875074070263,124663,,124663
124740,124740,124740,Ousmane Kanté,active,124740,124740,124740,,124740
124753,124753,124753,Steeve Beusnard,active,124753,124753,124753,,124753
124769,124769,564841,Damon Mirani,active,124769,124769,124769,,
124771,124771,564845,Anass Ahannach,active,124771,124771,124771,,
124782,124782,124782,Delano Burgzorg,active,124782,124782,124782,,124782
124810,124810,564847,Teddy Teuma,active,124810,124810,124810,,
124824,564848,564848,Taylan Antalyalı,active,124824,70375992059800,564848,,
124839,124839,124839,Jonathan David,active,124839,55067118004135,124839,124839,124839
124840,124840,124840,Dwight McNeil,active,124840,105693776570280,124840,124840,124840
124846,564851,564851,George Tsitaishvili,active,124846,124846,564851,,
124849,124849,564857,Gabriel Taliari,active,124849,53974854133681,124849,,
124855,124855,564859,Mujaid Sadick,active,124855,124855,124855,,
124860,564860,564860,R. Ruíz Rodríguez,active,124860,124860,564860,,
124866,564867,564867,Lukas Jensen,active,124866,124866,564867,,
124875,124875,124875,Lewis Smith,active,124875,124875,124875,,124875
124882,124882,564885,Homam El Amin,active,124882,56161311254482,124882,,
124892,564892,564892,Reveriano Mompin,active,8513500,8513500,564892,,
124924,124924,124924,Edwin Herrera,active,124924,124924,124924,,124924
124936,124936,124936,Bryan Castrillón,active,124936,124936,124936,,124936
124940,124940,564895,Carlos Romaña,active,124940,124940,124940,,
124947,564901,564901,Burak Bozan,active,124947,124947,564901,,
124957,124957,124957,Nicolas Madsen,active,124957,124957,124957,,124957
124964,124964,564905,Burak Kapacak,active,124964,124964,124964,,
124978,564919,564919,Pedro Naressi,active,124978,124978,564919,,
124985,124985,564920,Caprini,active,124985,105637136689209,124985,,
124996,124996,124996,Dani Vivian,active,124996,124996,124996,,124996
124997,124997,564926,Víctor San Bartolomé,active,124997,124997,124997,,
125000,564927,564927,Juan Cruz,active,125000,125000,564927,,
125004,125004,125004,Ben Wilmot,active,125004,125004,125004,,125004
125011,564928,564928,Jom Motta,active,8513619,8513619,564928,,
125021,125021,564934,Alasana Manneh,active,125021,125021,125021,,
125022,125022,125022,Williams Alarcón,active,125022,125022,125022,,125022
125039,125039,125039,Duje Ćaleta-Car,active,125039,125039,125039,125039,125039
125050,109439,109439,Haissem Hassan,active,125050,125050,109439,,109439
125068,125068,564947,Montree Pormsawat,active,125068,125068,125068,,
125073,125073,125073,Kannarin Thawornsak,active,125073,125073,125073,,125073
125075,125075,125075,Gionata Verzura,active,125075,125075,125075,,125075
125077,125077,125077,Ukrit Wongmeema,active,125077,125077,125077,,125077
125081,564949,564949,Pathomchai Seaisakul,active,125081,125081,564949,,
125082,125082,125082,Chinnapong Raksri,active,125082,125082,125082,,125082
125093,564951,564951,Ratchanat A.,active,125093,125093,564951,,
125097,125097,125097,Jaturapat Satham,active,125097,125097,125097,,125097
125099,564957,564957,Kiattisak Chiamudom,active,125099,125099,564957,,
125104,125104,125104,Marco Ballini,active,125104,125104,125104,,125104
125116,125116,125116,Everton,active,125116,106760807508156,125116,,125116
125121,125121,125121,Wisarut Imura,active,125121,125121,125121,,125121
125129,125129,125129,Manuel Bihr,active,125129,125129,125129,125129,125129
125133,564965,564965,Nattawut Jaroenbut,active,125133,125133,564965,,
125153,564974,564974,Kampon Phatomakkakul,active,125153,125153,564974,,
125160,564981,564981,Suporn Peenagatapho,active,125160,125160,564981,,
125206,125206,125206,Peerawat Akkratum,active,125206,125206,125206,,125206
125211,125211,125211,Aphichat Denman,active,125211,125211,125211,,125211
125224,125224,125224,Kritsananon Srisuwan,active,125224,125224,125224,,125224
125234,125234,125234,Prasid Jantum,active,125234,125234,125234,,125234
125246,125246,564989,Sarawut Konglarp,active,125246,125246,125246,,
125268,125268,125268,John Baggio,active,125268,105752295500116,125268,,125268
125269,125269,564992,Lursan Thiamrat,active,125269,125269,125269,,
125276,125276,564993,N. Rakotoharimalala,active,125276,125276,125276,,
125285,125285,125285,Ren Komatsu,active,125285,106742285461861,125285,,125285
125286,125286,564998,Taichi Yamasaki,active,125286,125286,125286,,
125287,125287,125287,Shunki Higashi,active,125287,53967874812263,125287,,125287
125289,125289,125289,Taisei Miyashiro,active,125289,53967874812265,125289,,125289
125290,125290,565001,Leo Brian Kokubo,active,125290,105861548730730,125290,,
125291,565002,565002,Kashif Bangnagande,active,125291,53967874812267,565002,,
125301,125301,125301,Ademir,active,125301,53980759714165,125301,,125301
125315,125315,125315,Leonardo Lopes,active,125315,125315,125315,,125315
125326,125326,565004,Shinnosuke Fukuda,active,125326,53978075359630,125326,,
125328,125328,565005,Toya Nakamura,active,125328,105716325149072,125328,,
125330,125330,125330,Shimpei Fukuoka,active,125330,105814572525970,125330,,125330
125331,125331,125331,Soichiro Kozuki,active,125331,125331,125331,,125331
125332,125332,565013,Issei Ouchi,active,125332,125332,125332,,
125334,125334,125334,Koki Saito,active,125334,105815377832342,125334,,125334
125352,125352,125352,Jordan Storey,active,125352,125352,125352,,125352
125366,125366,565028,Jari De Busser,active,125366,125366,125366,,
125370,125370,125370,Loïs Openda,active,125370,52784342886842,125370,,125370
125380,125380,125380,Zian Flemming,active,125380,125380,125380,,125380
125382,46232,46232,Jakub Piotrowski,active,125382,125382,46232,,46232
125394,125394,125394,Jaka Bijol,active,125394,105640089479634,125394,,125394
125396,125396,125396,Andrew Hughes,active,125396,125396,125396,,125396
125400,125400,125400,Ederson Moreno,active,125400,125400,125400,,125400
125402,125402,125402,Sven Botman,active,125402,52895475165658,125402,125402,125402
125407,125407,565030,Jan Kronig,active,125407,125407,125407,,
125412,125412,125412,Kritsada Kaman,active,125412,125412,125412,,125412
125417,125417,125417,Thanaset Sujarit,active,125417,125417,125417,,125417
125423,125423,125423,Saharat Sontisawat,active,125423,125423,125423,,125423
125434,565031,565031,Worachit K.,active,125434,125434,565031,,
125441,125441,125441,Thanachai Noorach,active,125441,125441,125441,,125441
125447,125447,565037,Korraphat Nareechan,active,125447,125447,125447,,
125450,125450,565038,Tassanapong M.,active,125450,125450,125450,,
125456,125456,125456,Surachat Sareepim,active,125456,125456,125456,,125456
125461,125461,125461,Saharat Pongsuwan,active,125461,125461,125461,,125461
125465,125465,565039,Pisan Dokmaikeaw,active,125465,125465,125465,,
125475,125475,565040,Apisit Sorada,active,125475,125475,125475,,
125484,565041,565041,Sanchai Nonthasila,active,125484,125484,565041,,
125494,125494,125494,Santipharp Channgom,active,125494,125494,125494,,125494
125515,125515,125515,Thiraphon Yoyoei,active,125515,125515,125515,,125515
125520,125520,125520,Saranon Anuin,active,125520,125520,125520,,125520
125522,125522,125522,Farus Patee,active,125522,125522,125522,,125522
125523,565058,565058,Phitiwat S.,active,125523,105646599039571,565058,,
125525,565074,565074,Victor Cardozo,active,125525,53881170160213,565074,,
125528,125528,125528,Chaiyawat Buran,active,125528,125528,125528,,125528
125529,125529,125529,Thakdanai Jaihan,active,125529,125529,125529,,125529
125535,125535,125535,Sarawut Inpaen,active,125535,125535,125535,,125535
125538,125538,125538,Jakkapan Praisuwan,active,125538,125538,125538,,125538
125542,565079,565079,Picha Autra,active,125542,125542,565079,,
125548,125548,125548,Lukian,active,125548,53968948554348,125548,,125548
125550,125550,125550,Patiwat Khammai,active,125550,105851079748206,125550,,125550
125551,125551,125551,Jaroensak Wonggorn,active,125551,53881170160239,125551,,125551
125553,125553,125553,Chayawat Srinawong,active,125553,125553,125553,,125553
125554,565082,565082,Peeradol Chamrasamee,active,125554,105812961913458,565082,,
125555,125555,125555,Suphanan Bureerat,active,125555,106760807508595,125555,,125555
125556,565093,565093,Sarawut K.,active,125556,125556,565093,,
125580,125580,125580,Wanchai Jarunongkran,active,125580,125580,125580,,125580
125600,125600,125600,Nattapong Sayriya,active,125600,105851079748256,125600,,125600
125610,125610,125610,Chainarong Boonkerd,active,125610,125610,125610,,125610
125629,565110,565110,Rattanai S.,active,125629,125629,565110,,
125631,125631,125631,Elias Dolah,active,125631,105720083245759,125631,,125631
125632,565113,565113,Worawut Srisupa,active,125632,125632,565113,,
125658,125658,125658,Ricardo Mangas,active,125658,52887958973146,125658,,125658
125660,125660,125660,Zaidu Sanusi,active,125660,125660,125660,,125660
125682,565124,565124,Carlos Protesoni,active,125682,125682,565124,,
125690,125690,125690,Julien Ponceau,active,125690,125690,125690,,125690
125711,125711,125711,Mark Gillespie,active,125711,125711,125711,,125711
125721,125721,565126,Facundo Bruera,active,125721,125721,125721,,
125727,125727,125727,Montassar Talbi,active,125727,52853062363935,125727,,125727
125731,125731,125731,Abdülkerim Bardakcı,active,125731,53981028150051,125731,,125731
125739,125739,565132,Kevin Mendoza Hansen,active,125739,125739,125739,,
125740,125740,125740,Krzysztof Piątek,active,125740,55069265488684,125740,125740,125740
125750,125750,125750,Tobias Mølgaard,active,125750,125750,125750,,125750
125779,46334,46334,Grigori Tarnov,active,8514387,8514387,46334,,46334
125781,43866,43866,Vitja Ustvolskaya,active,8514389,8514389,43866,,43866
125786,125786,565138,Maximiliano Salas,active,125786,125786,125786,,
125797,125797,125797,Ross Stewart,active,125797,125797,125797,,125797
125798,125798,125798,Álvaro Valles,active,125798,125798,125798,,125798
125802,110582,110582,Maxence Lacroix,active,125802,52777632000874,110582,,110582
125804,565144,565144,Salem M'Bakata,active,125804,125804,565144,,
125806,125806,125806,Peerapat Kaminthong,active,125806,125806,125806,,125806
125814,125814,125814,Doğukan Sinik,active,125814,125814,125814,,125814
125819,565158,565158,Baltazar Costa,active,125819,125819,565158,,
125830,125830,125830,Dorukhan Toköz,active,125830,125830,125830,,125830
125831,565159,565159,Güven Yalçın,active,125831,125831,565159,,
125834,125834,125834,Naif Aguerd,active,125834,125834,125834,,125834
125850,125850,125850,Alexis Gamboa,active,125850,125850,125850,,125850
125853,125853,125853,Daan Heymans,active,125853,125853,125853,,125853
125861,565162,565162,Kritsada Nontharat,active,125861,125861,565162,,
125870,125870,125870,Suat Serdar,active,125870,125870,125870,125870,125870
125884,125884,125884,A. Radovanović,active,125884,125884,125884,,125884
125888,125888,125888,Saringkan Promsupa,active,125888,105752295500736,125888,,125888
125891,125891,125891,Poramet Arjvirai,active,125891,125891,125891,,125891
125903,100022,100022,Olimpiu Moruțan,active,125903,125903,100022,,100022
125908,125908,125908,André Ferreira,active,125908,125908,125908,,125908
125910,125910,125910,Petar Musa,active,125910,125910,125910,,125910
125966,125966,125966,Wolke Janssens,active,125966,125966,125966,,125966
125971,125971,565163,Robin Mantel,active,125971,125971,125971,,
125984,125984,125984,Jens Cajuste,active,125984,125984,125984,,125984
125994,125994,565170,Kieran Wright,active,125994,125994,125994,,
125995,125995,565175,Myles Beerman,active,125995,125995,125995,,
126009,126009,126009,Davide Bettella,active,126009,126009,126009,,126009
126027,126027,126027,Pietro Beruatto,active,126027,126027,126027,,126027
126028,126028,126028,Alessandro Di Pardo,active,126028,126028,126028,,126028
126029,126029,126029,Nicolò Fagioli,active,126029,55069802359885,126029,,126029
126033,126033,565186,Antoine Bernier,active,126033,126033,126033,,
126034,126034,565192,Jani Atanasov,active,126034,126034,126034,,
126042,126042,126042,Gianluca Gaetano,active,126042,126042,126042,,126042
126046,126046,126046,Reece James,active,126046,52887422102622,126046,126046,126046
126047,126047,126047,Álex Centelles,active,126047,126047,126047,,126047
126048,126048,126048,M. Rodríguez,active,126048,126048,126048,,126048
126050,126050,126050,João Mendes,active,126050,126050,126050,,126050
126054,565198,565198,Jefferson Mena,active,126054,126054,565198,,
126055,126055,126055,Jonathan Panzo,active,126055,126055,126055,,126055
126063,128895,128895,Zé Pedro,active,126063,126063,128895,,128895
126073,126073,126073,Luciano Pons,active,126073,126073,126073,,126073
126077,126077,126077,Samuel Mráz,active,126077,126077,126077,126077,126077
126078,126078,126078,Nathaniel Phillips,active,126078,126078,126078,,126078
126083,126083,126083,Jonathan Herrera,active,126083,126083,126083,,126083
126094,126094,126094,Victor Jensen,active,126094,126094,126094,,126094
126106,126106,126106,Juan José Perea,active,126106,126106,126106,,126106
126110,126110,126110,Dávid Hancko,active,126110,52850914880670,126110,,126110
126116,126116,126116,Ibrahim Sadiq,active,126116,126116,126116,,126116
126117,565199,565199,Channarong P.,active,126117,53881170160805,565199,,
126130,126130,126130,Gabriele Zappa,active,126130,55068997053618,126130,,126130
126133,126133,126133,Facundo Colidio,active,126133,126133,126133,,126133
126139,114756,114756,Zhong Boshi,active,8514747,105713422691515,114756,,114756
126140,114882,114882,Qian Lanhe,active,8514748,105644719991996,114882,,114882
126141,106855,106855,Mo Wuning,active,8514749,8514749,106855,,106855
126149,126149,126149,Carlos Vinícius,active,126149,126149,126149,126149,126149
126154,126154,565207,Adam Jakobsen,active,126154,126154,126154,,
126155,126155,126155,German Onugkha,active,126155,126155,126155,,126155
126163,126163,126163,Luca Belardinelli,active,126163,126163,126163,,126163
126164,126164,126164,Emile Smith Rowe,active,126164,70374918319316,126164,126164,126164
126165,126165,126165,Moussa Djitté,active,126165,126165,126165,,126165
126178,126178,126178,Michal Sadílek,active,126178,52781926968546,126178,,126178
126179,126179,126179,Joël Piroe,active,126179,126179,126179,,126179
126180,126180,126180,Jordan Teze,active,126180,52874000329956,126180,,126180
126185,126185,565224,Alfie Jones,active,126185,126185,126185,,
126186,126186,126186,Yan Valery,active,126186,126186,126186,,126186
126191,126191,565225,Uğurcan Yazğılı,active,126191,126191,126191,,
126193,126193,565227,Niklas Steffen,active,126193,126193,126193,,
126201,126201,126201,Julian von Moos,active,126201,126201,126201,,126201
126202,565249,565249,Gilles Sarrazin,active,8514810,8514810,565249,,
126211,126211,565272,Bahadir Güngördü,active,126211,126211,126211,,
126218,126218,126218,Yunus Akgün,active,126218,53978612231434,126218,,126218
126219,126219,126219,Ahmet Sivri,active,126219,126219,126219,,126219
126221,126221,126221,Mads Frökjaer Jensen,active,126221,126221,126221,,126221
126229,126229,126229,Carlos Herrera,active,126229,126229,126229,,126229
126231,126231,126231,Bećir Omeragić,active,126231,126231,126231,,126231
126234,126234,126234,Adolfo Gaich,active,126234,105665053977882,126234,,126234
126239,126239,565273,Matteo Cardinali,active,126239,126239,126239,,
126241,126241,126241,Marco Brescianini,active,126241,105810814430497,126241,,126241
126255,126255,126255,Alex Vigo,active,126255,126255,126255,,126255
126265,126265,126265,Ryan Giles,active,126265,126265,126265,,126265
126273,126273,126273,Jordi Escobar,active,126273,126273,126273,,126273
126277,46414,46414,Felix Shevtsov,active,8514885,8514885,46414,,46414
126279,565277,565277,Kevin Moreno,active,126279,126279,565277,,
126286,126286,126286,Arthur Zagré,active,126286,126286,126286,,126286
126289,126289,126289,Loïc Mbe Soh,active,126289,126289,126289,,126289
126291,126291,126291,Bahadır Öztürk,active,126291,126291,126291,,126291
126295,126295,565278,Marlon Fossey,active,126295,126295,126295,,
126298,565281,565281,Quincey Hook,active,8514906,8514906,565281,,
126299,126299,126299,James Garner,active,126299,55070607666523,126299,126299,126299
126300,126300,126300,Mason Greenwood,active,126300,52900307004764,126300,126300,126300
126302,126302,126302,Tahith Chong,active,126302,105624520224094,126302,126302,126302
126310,126310,126310,Bastián Yáñez,active,126310,126310,126310,,126310
126313,126313,126313,Anderson,active,126313,126313,126313,,126313
126323,126323,126323,Rogerio Caicedo,active,126323,126323,126323,,126323
126336,126336,126336,João Félix,active,126336,52886348361088,126336,126336,126336
126337,126337,126337,Eric García,active,126337,52898427956609,126337,126337,126337
126341,126341,126341,Benjamín Garré,active,126341,126341,126341,,126341
126345,126345,126345,Vladimír Coufal,active,126345,56160992488841,126345,126345,126345
126346,126346,565282,Jaroslav Zelený,active,126346,126346,126346,,
126349,126349,126349,Thiago Almada,active,126349,52890374892941,126349,,126349
126352,126352,565284,Nias Hefti,active,126352,126352,126352,,
126362,126362,126362,Luan Santos,active,126362,126362,126362,,126362
126366,126366,126366,Korawich Tasa,active,126366,126366,126366,,126366
126376,126376,565288,Ernesto Falchi,active,8514984,8514984,126376,,
126384,126384,565292,João Paredes,active,126384,126384,126384,,
126387,126387,126387,Ryoma Watanabe,active,126387,105843563556275,126387,,126387
126390,126390,126390,Illan Meslier,active,126390,126390,126390,126390,126390
126405,100543,100543,Musa Amursky,active,8515013,8515013,100543,,100543
126407,126407,565297,Matías Pellegrini,active,126407,126407,126407,,
126421,126421,126421,Jamie Shackleton,active,126421,126421,126421,,126421
126425,126425,126425,Lee Kang-In,active,126425,56160992488921,126425,126425,126425
126426,126426,126426,Óscar Mingueza,active,126426,55068728618458,126426,126426,126426
126429,126429,126429,Yohann Magnin,active,126429,126429,126429,,126429
126437,126437,126437,Luis Vásquez,active,126437,126437,126437,,126437
126440,126440,126440,Javi Montero,active,126440,126440,126440,126440,126440
126443,126443,126443,Sergio Camello,active,126443,105663443365355,126443,,126443
126445,126445,126445,Joaquín Muñoz,active,126445,126445,126445,,126445
126451,126451,126451,Doğan Alemdar,active,126451,126451,126451,,126451
126461,126461,565299,Patricio Albornoz,active,126461,126461,126461,,
126470,126470,565301,Lucas Alarcón,active,126470,126470,126470,,
126472,126472,126472,George Stanger,active,126472,126472,126472,,126472
126485,60987,60987,Simeon Petrov,active,126485,126485,60987,,60987
126489,126489,565305,Jasper Schendelaar,active,126489,126489,126489,,
126496,126496,126496,Cheick Doucouré,active,126496,126496,126496,,126496
126506,126506,126506,Brent Gabriël,active,126506,126506,126506,,126506
126509,126509,126509,Oliver Skipp,active,126509,105718741069357,126509,,126509
126510,126510,126510,Adrián Bernabé,active,126510,105845979475502,126510,,126510
126517,126517,126517,Éderson,active,126517,55067923312181,126517,,126517
126525,126525,126525,Ali Yavuz Kol,active,126525,126525,126525,,126525
126528,126528,126528,Frantzdy Pierrot,active,126528,126528,126528,,126528
126535,126535,126535,Federico Gattoni,active,126535,126535,126535,,126535
126537,126537,126537,Guy Kilama,active,126537,105767596322377,126537,,126537
126542,126542,126542,Jan Hurtado,active,126542,126542,126542,,126542
126544,126544,126544,William Balikwisha,active,126544,126544,126544,,126544
126551,126551,126551,Alessandro Russo,active,126551,126551,126551,,126551
126556,650844,650844,Adrián de la Fuente,active,126556,126556,650844,,650844
126558,126558,126558,Steffan Pino,active,126558,126558,126558,,126558
126563,126563,126563,Yilson Rosales,active,126563,126563,126563,,126563
126566,126566,126566,Sofiane Diop,active,126566,70376528932454,126566,,126566
126570,126570,126570,Samuele Ricci,active,126570,105728941616746,126570,,126570
126574,126574,126574,A. Tripaldelli,active,126574,126574,126574,,126574
126582,126582,126582,Jeisson Quiñones,active,126582,126582,126582,,126582
126583,126583,126583,Juan Pablo Vargas,active,126583,126583,126583,,126583
126592,126592,126592,Maxime Busi,active,126592,126592,126592,,126592
126595,126595,126595,João Virgínia,active,126595,126595,126595,,126595
126596,126596,126596,Japhet Tanganga,active,126596,126596,126596,,126596
126598,126598,126598,Paris Maghoma,active,126598,126598,126598,,126598
126600,126600,126600,Nathan Wood,active,126600,126600,126600,,126600
126604,126604,126604,Luka Ilić,active,126604,126604,126604,,126604
126614,126614,126614,Mohammed Kudus,active,126614,52889838022294,126614,,126614
126616,126616,126616,Giorgi Kochorashvili,active,126616,126616,126616,,126616
126618,126618,126618,Takumi Kamijima,active,126618,53877412064922,126618,,126618
126619,126619,126619,Gianluca Ferrari,active,126619,126619,126619,,126619
126620,126620,126620,Manuel Insaurralde,active,126620,126620,126620,,126620
126623,126623,126623,Lautaro Valenti,active,126623,126623,126623,,126623
126624,126624,126624,Julián Alvarez,active,126624,52846351478432,126624,,126624
126634,126634,126634,Sem Steijn,active,126634,52887958974122,126634,,126634
126644,126644,126644,Clément Vidal,active,126644,126644,126644,,126644
126646,126646,565308,Kylian Kaïboué,active,126646,126646,126646,,
126651,126651,126651,Carlos Sierra,active,126651,126651,126651,,126651
126673,126673,126673,Francisco Trincão,active,126673,52882858700497,126673,126673,126673
126677,126677,126677,Sean Longstaff,active,126677,105820209671893,126677,,126677
126678,42113,42113,Matěj Kovář,active,126678,52899770134230,42113,,42113
126682,126682,565314,Martín Rea,active,126682,126682,126682,,
126689,126689,126689,William Saliba,active,126689,55070607666913,126689,126689,126689
126696,59607,59607,Vanja Drkušić,active,126696,126696,59607,,59607
126703,126703,126703,Adrià Pedrosa,active,126703,126703,126703,,126703
126707,126707,126707,Lucas Perrin,active,126707,126707,126707,,126707
126710,126710,126710,Toma Bašić,active,126710,126710,126710,,126710
126714,126714,126714,Yann Gboho,active,126714,126714,126714,,126714
126719,126719,126719,Mohamed Simakan,active,16903935,16903935,126719,126719,126719
126720,126720,126720,Youssouf Fofana,active,126720,55067118006016,126720,,126720
126724,126724,126724,Jean-Clair Todibo,active,126724,105642505400068,126724,126724,126724
126731,126731,126731,Shintaro Nago,active,126731,53968948555531,126731,,126731
126732,126732,126732,Yuki Soma,active,126732,53977270054668,126732,,126732
126736,126736,126736,Augusto Schott,active,126736,126736,126736,,126736
126742,126742,565322,Toma Murata,active,126742,126742,126742,,
126744,126744,126744,Thomas van den Belt,active,126744,126744,126744,,126744
126746,126746,126746,Gabriel Brazão,active,126746,53983980941082,126746,,126746
126756,126756,126756,Adriano Bertaccini,active,126756,126756,126756,,126756
126757,565334,565334,Đorđe Jovanović,active,126757,126757,565334,,
126763,126763,565351,Niklas Vesterlund,active,126763,126763,126763,,
126764,126764,126764,Mohamed Daramy,active,126764,105648947851052,126764,,126764
126772,126772,126772,Himad Abdelli,active,126772,126772,126772,,126772
126779,126779,126779,Connor McLennan,active,126779,126779,126779,,126779
126780,36671,36671,Benjamin Källman,active,126780,126780,36671,,36671
126785,126785,126785,Joe Gelhardt,active,126785,126785,126785,,126785
126788,126788,126788,Cameron Pring,active,126788,126788,126788,,126788
126791,126791,126791,Willer Ditta,active,126791,126791,126791,,126791
126807,126807,126807,Merih Demiral,active,126807,106778792685399,126807,126807,126807
126815,126815,565354,Maxime Soulas,active,126815,126815,126815,,
126816,126816,126816,Zakaria Aboukhlal,active,126816,126816,126816,,126816
126817,126817,126817,Álex Domínguez,active,126817,126817,126817,,126817
126820,126820,126820,Mohammed Salisu,active,126820,126820,126820,,126820
126821,126821,126821,Miguel De La Fuente,active,126821,126821,126821,,126821
126822,126822,126822,Georginio Rutter,active,126822,52874805636966,126822,,126822
126825,126825,126825,Djed Spence,active,126825,56167971811177,126825,,126825
126834,126834,126834,Anthony Nwakaeme,active,126834,106738527367026,126834,,126834
126837,126837,126837,Joan Parra,active,126837,126837,126837,,126837
126857,126857,126857,Vicente Fernández,active,126857,126857,126857,,126857
126859,565361,565361,Reo Hatate,active,126859,52874268766091,565361,,
126860,565362,565362,Kaoru Mitoma,active,126860,52886079926156,565362,,
126861,126861,126861,Tsuyoshi Watanabe,active,126861,106783356088205,126861,126861,126861
126862,126862,126862,Koki Morita,active,126862,53968411684750,126862,,126862
126865,126865,126865,Elia Caprile,active,126865,105782628708241,126865,,126865
126868,126868,126868,Jimmy Dunne,active,126868,126868,126868,,126868
126874,126874,126874,Yuma Obata,active,126874,126874,126874,,126874
126877,126877,565366,Samuel Essende,active,126877,126877,126877,,
126882,126882,126882,Martín Pascual,active,126882,126882,126882,,126882
126892,112053,112053,Théo Vermot,active,126892,126892,112053,,112053
126895,126895,126895,Victor Osimhen,active,126895,52851183316911,126895,126895,126895
126900,126900,126900,Yuki Ohashi,active,126900,53967606378420,126900,,126900
126905,126905,126905,Jesper Lindstrøm,active,126905,126905,126905,,126905
126906,126906,565367,Elías Ólafsson,active,126906,126906,126906,,
126908,126908,126908,Mark Travers,active,126908,126908,126908,,126908
126918,126918,126918,Viktor Gyökeres,active,126918,52882321829830,126918,,126918
126919,126919,126919,Ciaron Brown,active,126919,126919,126919,,126919
126924,126924,126924,Liam Cullen,active,126924,126924,126924,,126924
126925,109025,109025,Morgan Rogers,active,126925,52901380747213,109025,,109025
126935,126935,565370,Dudu,active,126935,126935,126935,,
126937,126937,126937,Ewoud Pletinckx,active,126937,126937,126937,,126937
126943,126943,126943,Luis Quintero,active,126943,126943,126943,,126943
126952,126952,126952,Arvin Appiah,active,126952,126952,126952,,126952
126954,126954,126954,Carlos Salomón,active,126954,126954,126954,,126954
126961,565371,565371,Álvaro Barreal,active,126961,106775034589169,565371,,
126965,126965,565372,Daichi Kamada,active,126965,52780853227509,126965,,
126979,565373,565373,Eric Ramires,active,126979,105796318916611,565373,,
126990,126990,126990,Žan Celar,active,126990,126990,126990,,126990
126995,126995,126995,Rıdvan Yılmaz,active,126995,105836852670483,126995,,126995
126997,565374,565374,Kartal Yılmaz,active,126997,55069265489941,565374,,
126999,126999,565375,Mateo García,active,126999,126999,126999,,
127001,127001,127001,Federico Navarro,active,127001,127001,127001,,127001
127005,127005,565376,Rachata Moraksa,active,127005,127005,127005,,
127009,127009,565384,Ilan Sauter,active,127009,127009,127009,,
127010,127010,565388,Bledian Krasniqi,active,127010,127010,127010,,
127011,127011,127011,Simon Sohm,active,127011,127011,127011,,127011
127017,105095,105095,Raphaël Besancon,active,8515625,8515625,105095,,105095
127038,127038,127038,Diogo Costa,active,127038,56164750585918,127038,,127038
127058,127058,127058,Samuel Chukwueze,active,127058,52785416630354,127058,127058,127058
127062,127062,127062,Kaio Jorge,active,127062,55069533925462,127062,,127062
127069,127069,127069,Ryan Gravenberch,active,127069,52888227410013,127069,127069,127069
127096,127096,127096,Yuji Kitajima,active,127096,105834436751480,127096,,127096
127100,127100,127100,Conor Coventry,active,127100,127100,127100,,127100
127114,127114,127114,Harvey Elliott,active,127114,52884737749130,127114,127114,127114
127116,127116,565394,Julián Alfaro,active,127116,127116,127116,,
127117,127117,127117,Stefano Turati,active,127117,127117,127117,,127117
127143,127143,127143,Drissa Camara,active,127143,127143,127143,,127143
127150,127150,127150,Roberto López,active,127150,127150,127150,,127150
127160,127160,127160,Antony,active,127160,52897891086520,127160,127160,127160
127161,127161,127161,Mads Hermansen,active,127161,127161,127161,,127161
127168,127168,565397,Pipe Gómez,active,127168,127168,127168,,
127169,127169,127169,Caetano,active,127169,105844368863425,127169,,127169
127170,565399,565399,Rafael Bilu,active,127170,127170,565399,,
127177,127177,127177,Mounaïm El Idrissy,active,127177,127177,127177,,127177
127182,127182,565407,Jorge Cardona,active,127182,127182,127182,,
127184,127184,127184,Lucien Agoumé,active,127184,55070339231952,127184,,127184
127189,127189,127189,Boulaye Dia,active,127189,127189,127189,,127189
127199,127199,127199,Lucas Beltrán,active,127199,105647605674207,127199,,127199
127201,127201,127201,Marcelo Weigandt,active,127201,127201,127201,,127201
127206,127206,127206,Benoît Badiashile,active,127206,52786221936870,127206,127206,127206
127216,127216,127216,Ken Nkuba,active,127216,127216,127216,,127216
127217,127217,127217,Jan Paul van Hecke,active,127217,56164213715185,127217,,127217
127221,127221,127221,Satoki Uejo,active,127221,105630425805045,127221,,127221
127231,127231,127231,Shuhei Tokumoto,active,127231,105710956441855,127231,,127231
127236,565408,565408,Ilgyu Park,active,127236,53879559549188,565408,,
127249,127249,565412,Rikito Inoue,active,127249,105640894787857,127249,,
127280,127280,565414,Hiroya Nodake,active,127280,127280,127280,,
127284,127284,565419,Salvador Grimau,active,8515892,52887153668404,127284,,
127286,565423,565423,T.Bartouche Selbonne,active,127286,127286,565423,,
127292,127292,565424,Kévin Mouanga,active,127292,127292,127292,,
127297,127297,127297,Róber González,active,127297,127297,127297,,127297
127306,127306,565430,Gianluca Saro,active,127306,127306,127306,,
127315,127315,127315,Bafodé Diakité,active,127315,52872658153811,127315,,127315
127322,127322,127322,Mykhailo Mudryk,active,127322,105578617762138,127322,,127322
127323,565432,565432,Çağtay Kurukalıp,active,127323,127323,565432,,
127333,127333,127333,Valery,active,127333,127333,127333,,127333
127382,127382,127382,Luis Sánchez,active,127382,127382,127382,,127382
127386,127386,127386,Khéphren Thuram,active,127386,52894669861274,127386,,127386
127392,127392,127392,Juan Carlos Díaz,active,127392,127392,127392,,127392
127393,127393,127393,Eduard Banguero,active,127393,127393,127393,,127393
127441,127441,127441,Ekanit Panya,active,127441,127441,127441,127441,127441
127446,127446,127446,Chotipat Poomkaew,active,127446,127446,127446,,127446
127449,127449,565440,Surawich Logarwit,active,127449,127449,127449,,
127457,127457,127457,Apirak Worawong,active,127457,127457,127457,,127457
127463,565441,565441,Saharat Kanyarot,active,127463,127463,565441,,
127481,127481,127481,Chinnawat Wongchai,active,127481,127481,127481,,127481
127491,127491,127491,Matko Miljevic,active,127491,127491,127491,,127491
127496,127496,127496,Christopher Wooh,active,127496,127496,127496,,127496
127509,127509,127509,Allan Linguet,active,127509,127509,127509,,127509
127516,127516,127516,Jérémy Doku,active,127516,52901112312348,127516,127516,127516
127531,127531,565443,Alexis Cuello,active,127531,127531,127531,,
127540,127540,127540,Giulian Biancone,active,127540,127540,127540,,127540
127541,127541,127541,Batista Mendy,active,127541,55069265490485,127541,,127541
127542,127542,127542,Tiago Djaló,active,127542,127542,127542,,127542
127543,127543,127543,Thierry Correia,active,127543,105638478869047,127543,,127543
127544,127544,127544,Bukayo Saka,active,127544,52872658154040,127544,127544,127544
127545,127545,127545,Tyreece John-Jules,active,127545,127545,127545,,127545
127548,127548,127548,Alexandre Phliponeau,active,127548,127548,127548,,127548
127551,127551,127551,Cyril Ngonge,active,127551,127551,127551,,127551
127564,565444,565444,Massimo Bertagnoli,active,127564,127564,565444,,
127565,127565,127565,Ibrahim Karamoko,active,127565,127565,127565,,127565
127571,127571,127571,Fran García,active,127571,52883127136851,127571,,127571
127576,127576,127576,Aihen Muñoz,active,127576,127576,127576,,127576
127577,127577,127577,Robert Navarro,active,127577,52894669861465,127577,,127577
127588,127588,127588,Joaquín Blázquez,active,127588,127588,127588,,127588
127593,127593,127593,Ilyas Chouaref,active,127593,127593,127593,,127593
127597,127597,127597,Aaron Hickey,active,127597,105783970886253,127597,,127597
127604,565448,565448,Ander Barrenetxea,active,127604,52848498963060,565448,,
127613,127613,127613,Ahmed Kutucu,active,127613,53969485427325,127613,127613,127613
127617,127617,127617,Felix Nmecha,active,127617,56161529361025,127617,,127617
127626,127626,127626,Irfan Fandi,active,127626,127626,127626,,127626
127627,565451,565451,Caleb Okoli,active,127627,105747195228811,565451,,
127629,127629,565465,Albin Cavill,active,8516237,8516237,127629,,
127633,127633,565468,Alexis Serna,active,127633,127633,127633,,
127649,127649,127649,Max Kilman,active,127649,127649,127649,,127649
127652,127652,565474,Jamerson,active,127652,105756590469796,127652,,
127656,127656,127656,Bryan Gil,active,127656,105699413717672,127656,127656,127656
127660,127660,127660,K. Tzolakis,active,127660,127660,127660,,127660
127662,127662,127662,Giorgos Masouras,active,127662,127662,127662,,127662
127667,565477,565477,Bünyamin Balcı,active,127667,127667,565477,,
127686,127686,127686,Diego Herazo,active,127686,127686,127686,,127686
127689,127689,127689,Sebastián Acosta,active,127689,127689,127689,,127689
127690,127690,565486,Issam El Maach,active,127690,127690,127690,,
127696,127696,127696,Kayne Ramsay,active,127696,127696,127696,,127696
127703,127703,127703,Bruno Fuchs,active,127703,53979149103831,127703,,127703
127715,127715,127715,Neto Borges,active,127715,127715,127715,,127715
127719,127719,565488,Keane Lewis-Potter,active,127719,105827188994791,127719,,
127720,127720,127720,David Akintola,active,127720,105747463664360,127720,,127720
127729,127729,127729,Tatsuya Ito,active,127729,53978075362033,127729,127729,127729
127737,127737,127737,Erick Wiemberg,active,127737,127737,127737,,127737
127740,127740,127740,Ayumu Seko,active,127740,105855643153148,127740,,127740
127741,127741,127741,Hayato Araki,active,127741,53976733184765,127741,,127741
127744,127744,127744,Takumi Nakamura,active,127744,127744,127744,127744,127744
127745,127745,127745,Arthur Silva,active,127745,105843026686721,127745,127745,127745
127754,127754,127754,Fernando Sobral,active,127754,127754,127754,,127754
127758,127758,127758,Iñigo Vicente,active,127758,127758,127758,,127758
127769,565492,565492,Lucas Silva,active,127769,127769,565492,,
127770,127770,127770,Ki-Jana Hoever,active,127770,127770,127770,,127770
127779,127779,127779,Jimmy Martínez,active,127779,127779,127779,,127779
127787,127787,127787,João Pedro,active,127787,52888227410731,127787,127787,127787
127790,127790,565493,Dudu,active,127790,127790,127790,,
127797,127797,127797,Víctor Moreno,active,127797,127797,127797,,127797
127801,565494,565494,Djibril Braque,active,8516409,8516409,565494,,
127802,127802,127802,Mohamed Ihattaren,active,127802,127802,127802,127802,127802
127805,116744,116744,Kian Fitz-Jim,active,127805,127805,116744,,116744
127807,565497,565497,Yusuf Barası,active,127807,127807,565497,,
127811,565503,565503,Cheikh Niasse,active,127811,127811,565503,,
127814,127814,127814,Ryo Ishii,active,127814,127814,127814,,127814
127815,127815,127815,Katsuya Iwatake,active,127815,105814572528455,127815,,127815
127816,127816,127816,Ryu Takao,active,127816,127816,127816,,127816
127817,127817,565508,Shogo Sasaki,active,127817,105758469518153,127817,,
127818,127818,127818,Kotaro Arima,active,127818,127818,127818,,127818
127820,127820,127820,Togo Umeda,active,127820,53981565023052,127820,,127820
127821,127821,127821,Kenta Nishizawa,active,127821,53877143630669,127821,,127821
127826,127826,127826,Rodrigo Nestor,active,127826,127826,127826,,127826
127836,127836,565515,Emerson Deocleciano,active,127836,127836,127836,,
127918,127918,127918,Julimar,active,127918,127918,127918,,127918
127933,565519,565519,Mateusinho,active,127933,127933,565519,,
127953,563098,563098,Fabri,active,127953,127953,563098,,563098
127975,565520,565520,Matheuzinho,active,127975,127975,565520,,
128021,128021,128021,Marco Carnesecchi,active,128021,55069802361877,128021,,128021
128022,128022,128022,Vangelis Pavlidis,active,128022,52883395572758,128022,,128022
128033,128033,128033,Rick,active,128033,128033,128033,,128033
128041,128041,128041,Diogo Calila,active,128041,128041,128041,,128041
128045,128045,565523,Javier Méndez,active,128045,128045,128045,,
128052,128052,565528,Václav Hladký,active,128052,128052,128052,,
128053,60665,60665,Mihai Popescu,active,128053,128053,60665,,60665
128054,128054,565541,Brad Lyons,active,128054,128054,128054,,
128055,128055,128055,Paul Akouokou,active,128055,128055,128055,,128055
128057,128057,128057,Iván Martín,active,128057,105744510874681,128057,,128057
128061,128061,128061,Lee Buchanan,active,128061,128061,128061,,128061
128067,128067,128067,Christian,active,128067,128067,128067,,128067
128068,128068,128068,Erick,active,128068,55068191749188,128068,,128068
128076,128076,128076,Arjen van der Heide,active,128076,128076,128076,,128076
128078,128078,128078,Eduardo Camavinga,active,128078,52883664008270,128078,128078,128078
128086,112912,112912,Carlos Miguel,active,128086,128086,112912,,112912
128088,128088,128088,Lucas Arcanjo,active,128088,128088,128088,,128088
128098,128098,128098,Toichi Suzuki,active,128098,105781286532194,128098,,128098
128101,128101,565545,Kosuke Kinoshita,active,128101,105760080131173,128101,,
128106,128106,128106,Patrick Mortensen,active,128106,128106,128106,,128106
128128,128128,128128,Carlos Neva,active,128128,128128,128128,,128128
128131,128131,128131,Stoichkov,active,128131,128131,128131,,128131
128132,128132,128132,Fran Gámez,active,128132,128132,128132,,128132
128133,128133,565548,Pablo Ramón,active,128133,128133,128133,,
128134,128134,128134,Iddrisu Baba,active,128134,128134,128134,128134,128134
128143,128143,565558,Louis Yamaguchi,active,128143,105769743807631,128143,,
128144,128144,128144,Víctor García,active,128144,128144,128144,,128144
128150,565563,565563,Alejandro Catena,active,128150,128150,565563,,
128155,128155,128155,Juan Cruz,active,128155,128155,128155,,128155
128156,128156,128156,Óscar Gil,active,128156,128156,128156,,128156
128161,128161,128161,Javi Mier,active,128161,128161,128161,,128161
128167,128167,128167,José Corpas,active,128167,128167,128167,,128167
128174,128174,128174,Iván Jaime,active,128174,128174,128174,,128174
128175,128175,128175,Abdelkabir Abqar,active,128175,128175,128175,,128175
128181,128181,128181,Javi Martínez,active,128181,128181,128181,,128181
128182,128182,128182,Christian Sánchez,active,128182,128182,128182,,128182
128188,128188,128188,Alessandro Vogliacco,active,128188,128188,128188,,128188
128198,128198,128198,Stefano Girelli,active,128198,128198,128198,,128198
128202,128202,128202,Antonino Gallo,active,128202,128202,128202,,128202
128246,128246,565564,Gregorio Morachioli,active,128246,128246,128246,,
128253,128253,565571,Michael Venturi,active,128253,128253,128253,,
128257,565583,565583,Chatmongkol Tongkiri,active,128257,128257,565583,,
128258,128258,128258,Christian Oliva,active,128258,53945326236930,128258,,128258
128259,128259,128259,Roberto Piccoli,active,128259,105830947091715,128259,,128259
128260,128260,565589,Fabrício,active,128260,128260,128260,,
128262,128262,565591,Douglas Borel,active,128262,128262,128262,,
128270,128270,128270,Kennedy Egbus Mikuni,active,128270,105826115253518,128270,,128270
128274,128274,128274,Itsuki Enomoto,active,128274,128274,128274,,128274
128275,565707,565707,Na Sang-Ho,active,128275,53968411686163,565707,,
128279,128279,565712,Matías Palavecino,active,128279,128279,128279,,
128281,128281,128281,Enzo Fernández,active,128281,56167166506265,128281,,128281
128284,101571,101571,Otto Klimuk,active,8516892,8516892,101571,,101571
128287,128287,128287,Scott Tiffoney,active,128287,128287,128287,,128287
128299,128299,128299,Robert Sánchez,active,128299,52897085781291,128299,,128299
128301,565713,565713,Andrés Colorado,active,128301,128301,565713,,
128303,128303,128303,Yuta Higuchi,active,128303,53881707033903,128303,,128303
128307,128307,565714,Julio Alonso,active,128307,128307,128307,,
128309,128309,128309,Dimitris Giannoulis,active,128309,128309,128309,,128309
128310,128310,128310,Karol Świderski,active,128310,128310,128310,,128310
128338,113190,113190,Manu Koné,active,128338,56163408409938,113190,,113190
128348,128348,128348,Alex Král,active,128348,128348,128348,128348,128348
128350,128350,128350,Ryosuke Kojima,active,128350,105760885437790,128350,,128350
128352,128352,128352,Keita Takahata,active,128352,128352,128352,,128352
128353,128353,565716,Gonzalo Lencina,active,128353,128353,128353,,
128354,128354,565717,Ko Yanagisawa,active,128354,128354,128354,,
128358,128358,565732,Shohei Aihara,active,128358,128358,128358,,
128359,565736,565736,Alesia Ogaryovo,active,8516967,8516967,565736,,
128368,128368,128368,Vakoun Bayo,active,128368,128368,128368,,128368
128375,128375,565739,Carlos Terán,active,128375,128375,128375,,
128383,128383,128383,Juan Portilla,active,128383,128383,128383,,128383
128385,128385,565743,Sergio Kalaj,active,128385,128385,128385,,
128388,128388,565753,Liam Millar,active,128388,128388,128388,,
128391,128391,128391,Gastón Ávila,active,128391,105796587353479,128391,,128391
128393,128393,128393,Zafer Görgen,active,128393,128393,128393,,128393
128395,128395,128395,Marko Janković,active,128395,128395,128395,,128395
128404,565756,565756,Sebastián Rodríguez,active,128404,128404,565756,,
128406,128406,128406,Jorge Soto,active,128406,128406,128406,,128406
128424,128424,128424,Cristián Borja,active,128424,128424,128424,,128424
128425,128425,128425,Edmond Tapsoba,active,128425,52889569588649,128425,128425,128425
128431,128431,128431,Steven Rodríguez,active,128431,128431,128431,,128431
128433,128433,128433,Ivan Zlobin,active,128433,128433,128433,,128433
128435,128435,128435,Jota,active,128435,53876606760371,128435,,128435
128436,565759,565759,Akin Famewo,active,128436,128436,565759,,
128441,128441,128441,Manor Solomon,active,128441,105641163224505,128441,128441,128441
128442,128442,128442,Danylo Sikan,active,128442,128442,128442,,128442
128450,128450,128450,Szymon Żurkowski,active,128450,52852257060290,128450,,128450
128463,128463,128463,Jhon Durán,active,128463,52890911765967,128463,,128463
128473,128473,128473,Esteban Valencia,active,128473,128473,128473,,128473
128475,128475,128475,Godson Kyeremeh,active,128475,128475,128475,,128475
128478,128478,128478,Nicolò Rovella,active,128478,105634452338142,128478,,128478
128479,59578,59578,András Schäfer,active,128479,128479,59578,,59578
128483,128483,128483,Yílmar Velásquez,active,128483,128483,128483,,128483
128484,128484,128484,Cristian Blanco,active,128484,128484,128484,,128484
128485,128485,565779,Felix Charrupí,active,128485,128485,128485,,
128487,61501,61501,Genrikh Pawlowia,active,8517095,8517095,61501,,61501
128499,128499,128499,Weibmar Asprilla,active,128499,128499,128499,,128499
128504,128504,128504,Frank Lozano,active,128504,128504,128504,,128504
128509,565805,565805,Watcharin N.,active,128509,128509,565805,,
128510,565819,565819,Pharadon Phatthaphon,active,128510,128510,565819,,
128513,128513,128513,Florentino Luís,active,128513,128513,128513,128513,128513
128517,128517,565823,Alejo Montero,active,128517,128517,128517,,
128521,128521,565824,Carlos Villalba,active,128521,128521,128521,,
128523,128523,128523,Felix Mambimbi,active,128523,128523,128523,,128523
128528,128528,128528,Oliver Antman,active,128528,128528,128528,,128528
128542,128542,565825,Cristián Zavala,active,128542,128542,128542,,
128563,128563,128563,Juan Chaverra,active,128563,128563,128563,,128563
128564,128564,128564,Harrinson Mancilla,active,128564,128564,128564,,128564
128571,128571,128571,Ricardo Márquez,active,128571,128571,128571,,128571
128578,128578,565826,Fabián Cantillo,active,128578,128578,128578,,
128584,128584,565830,Diego Ruíz,active,128584,128584,128584,,
128594,128594,128594,Lawrence Shankland,active,128594,128594,128594,,128594
128599,118480,118480,Luke McCowan,active,128599,128599,118480,,118480
128603,128603,128603,Alexis Antunes,active,128603,128603,128603,,128603
128611,128611,128611,Boris Céspedes,active,128611,128611,128611,,128611
128612,128612,128612,Kastriot Imeri,active,128612,128612,128612,,128612
128613,128613,128613,Nicolas Vouilloz,active,128613,128613,128613,,128613
128624,128624,128624,Jan Van den Bergh,active,128624,128624,128624,,128624
128647,128647,565834,Ernest Agyiri,active,128647,128647,128647,,
128674,128674,128674,Diego Céspedes,active,128674,128674,128674,,128674
128685,128685,565835,Alec Van Hoorenbeeck,active,128685,128685,128685,,
128694,128694,128694,Jacob Ramsey,active,128694,128694,128694,,128694
128702,128702,128702,Ryo Kubota,active,128702,105810277562046,128702,,128702
128703,128703,128703,Ryuhei Oishi,active,128703,128703,128703,,128703
128705,128705,128705,Masahito Ono,active,128705,128705,128705,,128705
128706,128706,128706,Hinata Kida,active,128706,105834436753090,128706,,128706
128710,128710,128710,Hayate Sugii,active,128710,128710,128710,,128710
128711,128711,128711,Yuto Yamada,active,128711,53945057801927,128711,,128711
128712,128712,128712,Kazuki Fujita,active,128712,128712,128712,,128712
128713,128713,128713,Fumiya Hayakawa,active,128713,105792292386505,128713,,128713
128720,128720,128720,K. Kvaratskhelia,active,128720,52872926590672,128720,,128720
128729,128729,565838,Douglas Aurélio,active,128729,128729,128729,,
128730,128730,128730,Leandro Díaz,active,128730,128730,128730,,128730
128731,128731,128731,Yuya Asano,active,128731,53881438598875,128731,,128731
128732,128732,128732,Yuto Hiratsuka,active,128732,128732,128732,,128732
128740,128740,128740,Leo Østigård,active,128740,52846619916004,128740,,128740
128741,128741,128741,Konan N'Dri,active,128741,128741,128741,,128741
128746,128746,128746,Katsunori Ueebisu,active,128746,128746,128746,,128746
128749,128749,128749,Yutaro Hakamata,active,128749,128749,128749,,128749
128750,128750,128750,Katsuhiro Nakayama,active,128750,53968948557550,128750,,128750
128751,128751,128751,Yuki Kusano,active,128751,128751,128751,,128751
128753,128753,128753,Iwana Kobayashi,active,128753,128753,128753,,128753
128754,128754,128754,Jumma Miyazaki,active,128754,105748268971762,128754,,128754
128757,653045,653045,Álex Sola,active,128757,128757,653045,,653045
128758,565843,565843,Josué Homawoo,active,128758,128758,565843,,
128762,128762,128762,Tomás Ahumada,active,128762,128762,128762,,128762
128763,128763,128763,Cristóbal Muñoz,active,128763,128763,128763,,128763
128770,128770,128770,Tatsuhiro Sakamoto,active,128770,105764106663682,128770,,128770
128771,128771,128771,Rui Sueyoshi,active,128771,128771,128771,,128771
128774,128774,128774,Kaishu Sano,active,128774,106783087654662,128774,,128774
128775,128775,128775,Yusei Egawa,active,128775,105834436753159,128775,,128775
128778,128778,128778,Tokuma Suzuki,active,128778,53967874815754,128778,,128778
128779,565858,565858,Santipap Yaemsaen,active,128779,128779,565858,,
128788,128788,128788,Anatolii Trubin,active,128788,52894938298132,128788,,128788
128790,128790,128790,Ikuma Sekigawa,active,128790,53971901347606,128790,,128790
128794,128794,128794,Léo Leroy,active,128794,128794,128794,,128794
128796,128796,565869,Hayato Fukushima,active,128796,128796,128796,,
128799,128799,565877,Kolbeinn Finnsson,active,128799,128799,128799,,
128805,128805,128805,Ryuho Kikuchi,active,128805,105698608412453,128805,128805,128805
128809,128809,128809,Juan Zapata,active,128809,128809,128809,,128809
128820,128820,128820,Yoshio Koizumi,active,128820,53980491282228,128820,,128820
128822,128822,565882,Manuel Ott,active,128822,128822,128822,,
128830,128830,128830,Naoto Arai,active,128830,53961969235774,128830,,128830
128831,128831,128831,Ken Yamura,active,128831,105748268971839,128831,,128831
128835,128835,128835,Andrea Adorante,active,128835,128835,128835,,128835
128858,128858,128858,Nurettin Korkmaz,active,128858,128858,128858,,128858
128860,128860,128860,Joaquín Gutiérrez,active,128860,128860,128860,,128860
128861,565883,565883,Wagner Leonardo,active,128861,128861,565883,,
128865,128865,565884,Noboru Shimura,active,128865,128865,128865,,
128885,565886,565886,Wattanakorn S.,active,128885,128885,565886,,
128888,128888,128888,Weerathep Pomphan,active,128888,105854300977016,128888,,128888
128891,128891,128891,Valeriy Bondar,active,128891,128891,128891,,128891
128900,128900,128900,Aurélien Scheidler,active,128900,128900,128900,,128900
128901,128901,128901,Jan Žambůrek,active,128901,128901,128901,,128901
128959,128959,128959,Aníbal Moreno,active,128959,53979954411455,128959,,128959
128960,128960,128960,Alan Velasco,active,128960,128960,128960,,128960
128973,128973,128973,Franco Calderón,active,128973,128973,128973,,128973
128979,128979,128979,Homer Martínez,active,128979,128979,128979,,128979
128982,128982,565897,Francisco Chaverra,active,128982,128982,128982,,
128984,128984,128984,Luis Henrique,active,128984,52897891088344,128984,,128984
128986,128986,128986,Wilfried Singo,active,128986,52899233265626,128986,,128986
128988,128988,565909,Matías Giménez Rojas,active,128988,128988,128988,,
129003,565910,565910,Chayathorn T.,active,129003,129003,565910,,
129006,565928,565928,Rami Al Hajj,active,129006,129006,565928,,
129022,129022,129022,Marcos Antônio,active,129022,106774497720318,129022,,129022
129033,565938,565938,Neal Tucker,active,8517641,8517641,565938,,
129044,45824,45824,Robert Ivanov,active,129044,129044,45824,,45824
129050,565950,565950,Ivor Boughton,active,8517658,8517658,565950,,
129056,129056,565953,Gilbert Morpurgo,active,8517664,8517664,129056,,
129090,129090,129090,Danel Sinani,active,129090,129090,129090,,129090
129094,129094,129094,Leandro Barreiro,active,129094,52887153670214,129094,,129094
129124,129124,129124,Fidan Aliti,active,129124,129124,129124,,129124
129127,129127,129127,Ioannis Kousoulos,active,129127,129127,129127,,129127
129128,129128,129128,Andreas Karo,active,129128,129128,129128,,129128
129129,129129,129129,Andreas Makris,active,129129,129129,129129,,129129
129144,129144,129144,Igor Vujačić,active,129144,129144,129144,,129144
129147,129147,129147,Risto Radunović,active,129147,129147,129147,,129147
129149,129149,129149,Stefan Mugoša,active,129149,105652705949821,129149,,129149
129152,129152,129152,Filip Stojković,active,129152,129152,129152,129152,129152
129161,129161,129161,Visar Musliu,active,129161,129161,129161,129161,129161
129168,129168,129168,Kyrian Nwoko,active,129168,129168,129168,,129168
129169,129169,129169,Jake Grech,active,129169,129169,129169,,129169
129170,129170,129170,Joseph Mbong,active,129170,129170,129170,,129170
129172,129172,129172,Juan Carlos Corbalan,active,129172,129172,129172,,129172
129175,129175,129175,Henry Bonello,active,129175,129175,129175,,129175
129296,565967,565967,Stenka Kazankina,active,8517904,8517904,565967,,
129298,565976,565976,Yura Marinina,active,8517906,8517906,565976,,
129330,565996,565996,Foma Korsantiya,active,8517938,8517938,565996,,
129333,566008,566008,Julian Mushel,active,8517941,8517941,566008,,
129336,566045,566045,Rishat Gavriiljuk,active,8517944,8517944,566045,,
129339,566137,566137,Rodion Fitingof,active,8517947,8517947,566137,,
129341,129341,566153,Wassili Mikhailov,active,8517949,8517949,129341,,
129359,566177,566177,Rodrigo González,active,129359,129359,566177,,
129360,129360,129360,Rodrigo Villagra,active,129360,129360,129360,,129360
129362,113410,113410,H.Nicolussi Caviglia,active,129362,129362,113410,,113410
129363,129363,129363,Davide Merola,active,129363,129363,129363,,129363
129364,129364,129364,Facundo Mura,active,129364,129364,129364,,129364
129366,129366,129366,Aarón Molinas,active,129366,129366,129366,,129366
129369,129369,129369,Michael Olise,active,129369,56162066233689,129369,,129369
129370,566178,566178,Phatcharaphong P.,active,129370,129370,566178,,
129375,129375,129375,Andrés Arroyo,active,129375,129375,129375,,129375
129378,129378,129378,André Almeida,active,129378,129378,129378,,129378
129397,129397,129397,Guntapon Keereeleang,active,129397,129397,129397,,129397
129402,129402,129402,Cristian Trujillo,active,129402,129402,129402,,129402
129447,129447,129447,Daiki Mitsui,active,129447,129447,129447,,129447
129460,129460,566185,Diego Enríquez,active,129460,129460,129460,,
129465,129465,129465,Dylan Mbayo,active,129465,129465,129465,,129465
129486,129486,129486,Jun Nishikawa,active,129486,106751143836110,129486,,129486
129493,129493,129493,Sebastiano Esposito,active,129493,105744779311573,129493,129493,129493
129494,129494,129494,Thomas Battistella,active,129494,129494,129494,,129494
129505,129505,129505,Luis Vázquez,active,129505,129505,129505,,129505
129506,129506,566263,Diego Hernández,active,129506,129506,129506,,
129508,129508,129508,Lyle Foster,active,129508,105823514786276,129508,,129508
129510,129510,129510,Bento,active,129510,52868363188710,129510,,129510
129511,129511,129511,Khellven,active,129511,129511,129511,,129511
129516,129516,566266,Ederson Cabezas,active,129516,129516,129516,,
129528,129528,566272,Noah Kenshin Browne,active,129528,105758469519864,129528,,
129529,129529,129529,Malthe Højholt,active,129529,129529,129529,,129529
129569,129569,129569,Anusak Jaiphet,active,129569,129569,129569,,129569
129595,566273,566273,Pongrawit Jantawong,active,129595,129595,566273,,
129679,129679,566301,Hesam Yahya,active,8518287,8518287,129679,,
129681,129681,566311,Yahya Al Ghassani,active,16906897,8518289,129681,,
129694,121404,121404,Saud Abdulhamid,active,129694,52900575443614,121404,,121404
129721,540681,540681,Sultan Al Ghannam,active,16906937,105735434402489,540681,,540681
129727,101387,101387,Ebi Samir,active,8518335,8518335,101387,,101387
129766,129766,566313,Stenka Patrushev,active,8518374,8518374,129766,,
129775,129775,566318,Kim Tae-Hyeon,active,129775,53976733186799,129775,,
129780,129780,566321,Lee Dong-Gyeong,active,129780,129780,129780,,
129859,114350,114350,Cameron Devlin,active,129859,129859,114350,,114350
129860,129860,566336,Trent Buhagiar,active,129860,129860,129860,,
129899,129899,566346,Georgi Kirov,active,8518507,8518507,129899,,
129919,129919,566350,Vafa Lutfullah,active,8518527,105803617008511,129919,,
129957,129957,566360,Christian Früchtl,active,129957,129957,129957,,
129959,129959,566365,Lukas Mai,active,129959,129959,129959,,
129996,129996,566369,Orest Lebedenko,active,129996,129996,129996,,
129997,129997,129997,Cristian Andreoni,active,129997,129997,129997,,129997
130003,130003,130003,Augustus Kargbo,active,130003,130003,130003,,130003
130005,130005,130005,Gennaro Borrelli,active,130005,130005,130005,,130005
130013,130013,566379,Jordan Beyer,active,130013,130013,130013,,
130037,566381,566381,Jon Moncayola,active,130037,130037,566381,,
130039,130039,130039,Sabino,active,130039,105796318919671,130039,,130039
130043,124079,124079,Igor Paixão,active,130043,52898696395771,124079,,124079
130044,130044,130044,Igor Jesus,active,130044,52887153671164,130044,,130044
130048,130048,566385,Facundo Boné,active,130048,130048,130048,,
130060,130060,130060,Pedro Raul,active,130060,105633110162444,130060,,130060
130106,130106,130106,Bruno Melo,active,130106,130106,130106,,130106
130116,130116,130116,Mattia Felici,active,130116,130116,130116,,130116
130119,130119,566405,Filippo Neri,active,130119,130119,130119,,
130120,130120,130120,Abner Vinícius,active,130120,130120,130120,,130120
130126,130126,130126,Mateus Brunetti,active,130126,105792560823374,130126,,130126
130129,130129,130129,Bruno Matias,active,130129,130129,130129,,130129
130134,130134,566411,Gabriel Henrique,active,130134,130134,130134,,
130138,566413,566413,Matěj Hanousek,active,130138,130138,566413,,
130145,130145,130145,Adam Hložek,active,130145,105838194850913,130145,130145,130145
130156,130156,130156,Michael,active,130156,130156,130156,,130156
130158,566429,566429,Vinícius Lopes,active,130158,130158,566429,,
130180,130180,130180,Luca Moro,active,130180,130180,130180,,130180
130184,130184,566461,Jermein Peña,active,130184,130184,130184,,
130191,130191,130191,Mao Hosoya,active,130191,53945594674319,130191,,130191
130199,130199,130199,Takuro Kaneko,active,130199,105748268973207,130199,,130199
130201,130201,130201,Andrei Rațiu,active,130201,130201,130201,,130201
130202,130202,130202,Martín Zubimendi,active,130202,52891448638618,130202,,130202
130207,130207,130207,Sacha Boey,active,130207,52886885235871,130207,,130207
130209,566465,566465,César Haydar,active,130209,130209,566465,,
130224,130224,566469,Po Yongjin,active,8518832,8518832,130224,,
130236,130236,130236,Adam Gnezda Čerin,active,130236,130236,130236,,130236
130241,130241,130241,Denil Maldonado,active,130241,130241,130241,,130241
130242,103458,103458,Jorge Álvarez,active,130242,130242,103458,,103458
130246,109267,109267,Deybi Flores,active,130246,130246,109267,,109267
130258,130258,130258,Nahuel Ferraresi,active,130258,130258,130258,,130258
130260,130260,130260,Roberto Fernández,active,130260,130260,130260,,130260
130264,130264,566515,Neophytos Michael,active,130264,130264,130264,,
130265,130265,566533,Minas Antoniou,active,130265,130265,130265,,
130274,130274,566534,Hassan Muharrem,active,8518882,50461922,130274,,
130280,566535,566535,Anton Krivotsyuk,active,130280,130280,566535,,
130295,130295,566537,Yahya Afif,active,8518903,8518903,130295,,
130298,130298,130298,Kristers Tobers,active,130298,130298,130298,,130298
130306,110624,110624,Lawrence Vigouroux,active,130306,130306,110624,,110624
130317,45665,45665,Dániel Gazdag,active,130317,130317,45665,,45665
130319,130319,130319,Dominik Szoboszlai,active,130319,55070607670543,130319,130319,130319
130323,130323,130323,Yoav Gerafi,active,130323,130323,130323,,130323
130326,130326,130326,Valentin Antov,active,130326,130326,130326,,130326
130328,130328,130328,Martin Minchev,active,130328,130328,130328,,130328
130335,130335,130335,Hwang In-Beom,active,130335,56160992492831,130335,,130335
130338,130338,566556,Kim Moon-Hwan,active,130338,130338,130338,,
130347,130347,130347,Darko Velkovski,active,130347,130347,130347,130347,130347
130348,130348,566557,Darko Churlinov,active,130348,130348,130348,,
130357,130357,130357,Stefan Posch,active,130357,52899770137909,130357,130357,130357
130359,107234,107234,Santiago Arzamendia,active,130359,130359,107234,,107234
130362,130362,566559,Daniel Ballard,active,130362,52887958977850,130362,,
130364,130364,130364,Jackson Porozo,active,130364,105665053982012,130364,,130364
130366,130366,130366,Ángelo Preciado,active,130366,52780316359998,130366,,130366
130381,60247,60247,Ahmed Fatouh,active,130381,105852237380941,60247,,60247
130386,130386,566562,Nabil Emad Dunga,active,130386,130386,130386,,
130391,130391,130391,Mostafa Mohamed,active,130391,70375992065367,130391,,130391
130404,130404,566566,Ibrahim Saqib,active,8519012,8519012,130404,,
130408,130408,566578,Matthew Guillaumier,active,130408,130408,130408,,
130426,540682,540682,Sultan Mandash,active,16907642,8519034,540682,,540682
130432,130432,566579,Orlando Mosquera,active,130432,130432,130432,,
130433,130433,566584,Cesar Blackman,active,130433,130433,130433,,
130436,130436,566592,José Fajardo,active,130436,130436,130436,,
130439,130439,566594,Massud Uday,active,8519047,8519047,130439,,
130442,130442,566604,Muhsen Al Ghassani,active,130442,105752295505290,130442,,
130446,130446,130446,Liberato Cacace,active,130446,130446,130446,,130446
130459,114035,114035,Yazdani Aryanpur,active,8519067,8519067,114035,,114035
130461,130461,130461,Ardian Ismajli,active,130461,130461,130461,,130461
130462,130462,130462,Enea Mihaj,active,130462,130462,130462,,130462
130464,130464,130464,Myrto Uzuni,active,130464,130464,130464,,130464
130469,130469,130469,Hichem Boudaoui,active,130469,105860558880165,130469,,130469
130483,130483,130483,Ariel Lassiter,active,130483,130483,130483,,130483
130486,566610,566610,Artemiy Mendeleev,active,8519094,8519094,566610,,
130487,566624,566624,Yaropolk Navasardian,active,8519095,8519095,566624,,
130489,566632,566632,Nicolaj Gorchakov,active,8519097,8519097,566632,,
130490,130490,566633,Brandon Caicedo,active,130490,130490,130490,,
130493,130493,566636,Gastón Hernández,active,130493,130493,130493,,
130495,130495,566640,Hernán López Muñoz,active,130495,130495,130495,,
130504,130504,130504,Enzo Ferrario,active,130504,130504,130504,,130504
130505,130505,130505,Yuri César,active,16907721,16907721,130505,,130505
130506,130506,130506,Dylan Borrero,active,130506,130506,130506,,130506
130524,130524,130524,Nathan Collins,active,130524,130524,130524,,130524
130529,130529,130529,Kazuya Konno,active,130529,106722152807905,130529,130529,130529
130533,130533,130533,Santiago Pierotti,active,130533,130533,130533,,130533
130536,130536,130536,Federico Vera,active,130536,130536,130536,,130536
130537,130537,130537,Gaston Gonzalez,active,130537,130537,130537,,130537
130540,130540,130540,Tobias Klysner,active,130540,130540,130540,,130540
130542,130542,130542,Yamato Wakatsuki,active,130542,105651632209390,130542,,130542
130543,130543,130543,Tomoki Takamine,active,130543,53981565025775,130543,,130543
130547,130547,130547,Samir Chergui,active,130547,130547,130547,,130547
130557,130557,566641,Paolo Gozzi,active,130557,130557,130557,,
130559,130559,130559,Timothé Nkada,active,130559,130559,130559,,130559
130571,130571,130571,Luke Berry,active,130571,130571,130571,,130571
130572,130572,130572,James Justin,active,130572,130572,130572,130572,130572
130597,116660,116660,Mats Deijl,active,130597,130597,116660,,116660
130598,130598,130598,Sam Kersten,active,130598,130598,130598,,130598
130599,130599,566651,Luuk Brouwers,active,130599,130599,130599,,
130609,130609,130609,Ross Graham,active,130609,130609,130609,,130609
130631,566657,566657,Fabio Pereyra,active,130631,130631,566657,,
130638,130638,130638,Facundo Pons,active,130638,130638,130638,,130638
130641,130641,566663,Anthony Patterson,active,130641,130641,130641,,
130649,130649,566664,B. Mbunga Kimpioka,active,130649,130649,130649,,
130650,116664,116664,Dan Neil,active,130650,130650,116664,,116664
130667,130667,130667,Nicolás Morgantini,active,130667,130667,130667,,130667
130678,130678,130678,Jordan Zemura,active,130678,105824504643190,130678,,130678
130679,130679,130679,Alfie Doughty,active,130679,52846619917943,130679,,130679
130687,117458,117458,Sam Beukema,active,130687,52780047924863,117458,,117458
130691,104292,104292,Zakaria Eddahchouri,active,130691,130691,104292,,104292
130710,130710,130710,Sven Mijnans,active,130710,130710,130710,,130710
130711,130711,566666,Youssef El Kachati,active,130711,130711,130711,,
130721,130721,130721,Callum Styles,active,130721,130721,130721,,130721
130722,130722,130722,Gabriel Souza,active,130722,130722,130722,,130722
130724,130724,566692,Eduardo Santos,active,130724,105731357540004,130724,,
130727,130727,130727,Pathé Ciss,active,130727,130727,130727,,130727
130745,130745,130745,Jamal Lowe,active,130745,130745,130745,,130745
130763,130763,130763,Jeffrey de Lange,active,130763,130763,130763,,130763
130764,130764,130764,Rafael Ramos,active,130764,130764,130764,,130764
130771,130771,130771,Dan Ndoye,active,130771,52891448639187,130771,,130771
130796,130796,130796,Francisco González,active,130796,130796,130796,,130796
130798,130798,566696,Corrie Ndaba,active,130798,130798,130798,,
130801,130801,130801,Fali Candé,active,130801,130801,130801,,130801
130802,566697,566697,Junior Dina Ebimbe,active,130802,130802,566697,,
130817,130817,130817,Eren Elmalı,active,130817,53974585704193,130817,,130817
130820,566703,566703,Yasir Subaşı,active,130820,130820,566703,,
130912,130912,566704,Luciano Sánchez,active,130912,130912,130912,,
130927,111272,111272,Santiago Mele,active,130927,130927,111272,,111272
130974,130974,130974,Tomás Marchiori,active,130974,130974,130974,,130974
130980,130980,566710,S. López García,active,130980,130980,130980,,
131003,131003,131003,Abdullah Şahindere,active,131003,131003,131003,,131003
131007,131007,131007,Berat Özdemir,active,131007,53962506108863,131007,,131007
131010,131010,566712,Jakob Bonde,active,131010,131010,131010,,
131015,131015,131015,Frederik Alves,active,131015,131015,131015,,131015
131016,131016,566717,Rasmus Carstensen,active,131016,131016,131016,,
131018,131018,566720,Pelle Mattsson,active,131018,131018,131018,,
131019,131019,566722,Sebastian Jørgensen,active,131019,131019,131019,,
131029,131029,131029,Nicolò Cambiaghi,active,131029,105806251032533,131029,,131029
131040,131040,131040,Billy Mitchell,active,131040,131040,131040,,131040
131067,131067,131067,Juan Patiño,active,131067,131067,131067,,131067
131069,566728,566728,Paulino de la Fuente,active,131069,131069,566728,,
131070,131070,131070,João Victor,active,131070,131070,131070,,131070
131071,131071,131071,Lucas Piton,active,131071,53968680124415,131071,,131071
131075,131075,131075,Yutaro Oda,active,131075,105817793757187,131075,131075,131075
131076,131076,566734,Kakeru Yamauchi,active,131076,105814572531716,131076,,
131084,131084,566736,Marcus Sørensen,active,131084,131084,131084,,
131090,131090,131090,Etienne Vaessen,active,131090,52781926973458,131090,,131090
131198,131198,131198,Randy Nteka,active,131198,131198,131198,,131198
131212,131212,131212,Lorenzo Libutti,active,131212,131212,131212,,131212
131241,131241,566738,Alex Bangura,active,131241,131241,131241,,
131251,131251,566741,Ovidijus Šiaulys,active,131251,131251,131251,,
131252,131252,131252,Federico Bonini,active,131252,131252,131252,,131252
131267,131267,566743,Mattia Tirelli,active,131267,131267,131267,,
131269,131269,566745,Bart van Rooij,active,131269,105738336862405,131269,,
131271,131271,131271,Anthony Musaba,active,131271,53982101897415,131271,,131271
131272,131272,131272,Mike Trésor,active,131272,105640626356424,131272,,131272
131286,131286,131286,Marc Guéhi,active,131286,52892253946070,131286,,131286
131289,131289,131289,Riku Handa,active,131289,53974317269209,131289,,131289
131295,131295,131295,Fuchi Honda,active,131295,131295,131295,,131295
131304,131304,131304,Alessio Furlanetto,active,131304,131304,131304,,131304
131317,131317,131317,Enric Franquesa,active,131317,131317,131317,,131317
131328,131328,131328,Álex Millán,active,131328,131328,131328,,131328
131332,131332,131332,Jaime Alvarado,active,131332,131332,131332,,131332
131334,131334,131334,Rodrigo Riquelme,active,131334,105653511258374,131334,,131334
131335,131335,131335,Manu Sánchez,active,131335,131335,131335,,131335
131358,131358,131358,Juan Iglesias,active,131358,131358,131358,,131358
131363,131363,131363,Marcos André,active,131363,131363,131363,,131363
131378,131378,131378,Chris Mochrie,active,131378,131378,131378,,131378
131383,131383,131383,Miguel Baeza,active,131383,131383,131383,,131383
131386,131386,566748,César Gelabert,active,131386,131386,131386,,
131387,566752,566752,Marvin Park,active,131387,131387,566752,,
131402,131402,131402,Óscar Sielva,active,131402,131402,131402,,131402
131415,131415,131415,Kevin Piscopo,active,131415,131415,131415,,131415
131418,131418,131418,Adil Demirbağ,active,131418,131418,131418,,131418
131419,131419,566754,Semih Güler,active,131419,53962506109275,131419,,
131468,131468,566761,Toni Abad,active,131468,131468,131468,,
131514,131514,566763,Ever Meza,active,131514,131514,131514,,
131522,131522,131522,Andrea Tiritiello,active,131522,131522,131522,,131522
131553,131553,566767,Erhan Erentürk,active,131553,131553,131553,,
131599,131599,131599,Víctor Gómez,active,131599,131599,131599,,131599
131607,131607,566768,Iván Gil,active,131607,131607,131607,,
131609,131609,131609,Nico Melamed,active,131609,131609,131609,,131609
131612,131612,131612,Jofre Carreras,active,131612,105818867499548,131612,,131612
131667,131667,131667,Antonio Sánchez,active,131667,131667,131667,,131667
131722,111375,111375,Nicolás Fonseca,active,131722,131722,111375,,111375
131728,131728,131728,Conor Gallagher,active,131728,52885006189200,131728,,131728
131731,131731,131731,Jason Knight,active,131731,131731,131731,,131731
131732,118073,118073,Lyall Cameron,active,131732,131732,118073,,118073
131733,131733,566769,Josh Mulligan,active,131733,131733,131733,,
131742,131742,131742,David Carmo,active,131742,131742,131742,,131742
131743,131743,131743,César Ibáñez,active,131743,131743,131743,,131743
131754,131754,131754,Karamoko Dembélé,active,131754,131754,131754,,131754
131774,131774,131774,Higor Meritão,active,131774,131774,131774,,131774
131779,131779,131779,Bruno Tubarão,active,131779,131779,131779,,131779
131798,131798,566773,Peque Fernández,active,131798,105715788284630,131798,,
131815,131815,131815,Giuseppe Di Serio,active,131815,131815,131815,,131815
131866,131866,566782,Matheus Bidu,active,131866,105841684513562,131866,,
131870,566787,566787,Lorenzo Meazzi,active,131870,131870,566787,,
131885,100664,100664,Pavel Chavkin,active,8520493,8520493,100664,,100664
131890,57344,57344,Rudolf Diaghilev,active,8520498,8520498,57344,,57344
131891,63719,63719,Olgert Krylov,active,8520499,8520499,63719,,63719
131910,566795,566795,Ronald Lopes,active,131910,131910,566795,,
131912,131912,131912,Camilo,active,131912,131912,131912,,131912
131947,131947,131947,Morato,active,131947,131947,131947,,131947
131948,131948,131948,Agustín Martegani,active,131948,131948,131948,,131948
131956,131956,131956,Andrea Ghion,active,131956,131956,131956,,131956
131957,131957,131957,Manolo Portanova,active,131957,131957,131957,131957,131957
131962,131962,131962,Gabriel Florentín,active,131962,131962,131962,,131962
131990,131990,131990,Ewerthon,active,131990,105769475376022,131990,,131990
132022,566804,566804,Zack Tavener,active,8520630,8520630,566804,,
132034,132034,132034,Vicente Pizarro,active,132034,132034,132034,,132034
132035,132035,132035,Bryan Soto,active,132035,132035,132035,,132035
132043,132043,132043,Mauricio,active,132043,53962237674443,132043,,132043
132045,132045,566822,Matheus Bahia,active,132045,132045,132045,,
132058,132058,132058,Shuto Abe,active,132058,53978880672730,132058,132058,132058
132059,132059,132059,Sebastian Szymański,active,132059,52890106463195,132059,132059,132059
132061,132061,132061,Mateo Puerta,active,132061,132061,132061,,132061
132062,132062,132062,Odilon Kossounou,active,132062,105783165584350,132062,,132062
132065,132065,132065,Gabriel Gudmundsson,active,132065,132065,132065,,132065
132067,132067,132067,Benjamin Nygren,active,132067,105836047369187,132067,,132067
132072,132072,132072,Fıratcan Üzüm,active,132072,132072,132072,,132072
132085,132085,566823,Jordan McGhee,active,132085,132085,132085,,
132106,132106,566825,Adnane Abid,active,132106,132106,132106,,
132109,132109,132109,Sammie Szmodics,active,132109,132109,132109,,132109
132117,132117,132117,Yusuke Matsuo,active,132117,105756858909717,132117,,132117
132147,132147,132147,Kerem Demirbay,active,132147,52854404547635,132147,132147,132147
132152,132152,132152,C. Summerville,active,132152,56165287461944,132152,,132152
132153,132153,132153,Sergiño Dest,active,132153,52854404547641,132153,132153,132153
132155,132155,132155,Jurriën Timber,active,132155,52888227415099,132155,,132155
132156,132156,132156,Quinten Timber,active,132156,52788906296380,132156,,132156
132157,132157,132157,Brian Brobbey,active,132157,56164213720125,132157,,132157
132167,132167,132167,Tomáš Holeš,active,132167,132167,132167,,132167
132172,132172,132172,Ivan Kaliuzhnyi,active,132172,132172,132172,,132172
132189,132189,132189,George Edmundson,active,132189,132189,132189,,132189
132192,132192,132192,Joško Gvardiol,active,132192,52891448640608,132192,,132192
132193,132193,132193,Bartol Franjić,active,132193,132193,132193,,132193
132201,132201,132201,Mats Köhlert,active,132201,132201,132201,,132201
132206,132206,566826,Tobiah Grenfell,active,8520814,8520814,132206,,
132214,132214,132214,Jann-Fiete Arp,active,132214,132214,132214,,132214
132216,132216,132216,Joshua Zirkzee,active,132216,52850646451320,132216,132216,132216
132221,61065,61065,Filipp Saveliev,active,8520829,8520829,61065,,61065
132227,132227,132227,Lyndon Dykes,active,132227,132227,132227,132227,132227
132230,132230,132230,Philippe Kény,active,132230,132230,132230,,132230
132245,132245,132245,Jim Allevinah,active,132245,132245,132245,,132245
132246,132246,132246,Adrian Grbić,active,132246,132246,132246,,132246
132254,566827,566827,Kirian,active,132254,132254,566827,,
132262,132262,132262,Bryan Reyna,active,132262,132262,132262,,132262
132265,132265,566828,Íñigo Sainz-Maza,active,132265,132265,132265,,
132267,132267,566830,Mario Soberón,active,132267,132267,132267,,
132270,566831,566831,Rassoul Ndiaye,active,132270,132270,566831,,
132277,132277,132277,Riki Rodríguez,active,132277,132277,132277,,132277
132278,132278,132278,Ufuk Akyol,active,132278,132278,132278,,132278
132290,132290,132290,Jorge Peña,active,132290,132290,132290,,132290
132295,132295,132295,Marshall Munetsi,active,132295,132295,132295,,132295
132297,132297,566837,Danilo Boza,active,132297,53970022302921,132297,,
132310,132310,132310,Milan van Ewijk,active,132310,132310,132310,,132310
132332,132332,132332,Tomoya Miki,active,132332,53967874819308,132332,,132332
132335,132335,566838,Nihad Mujakić,active,132335,132335,132335,,
132336,132336,132336,Zuriko Davitashvili,active,132336,52874805642480,132336,,132336
132338,566844,566844,Katrya Farkaš,active,8520946,8520946,566844,,
132339,132339,566846,Héliton,active,132339,132339,132339,,
132341,132341,132341,Lilian Brassier,active,132341,132341,132341,,132341
132344,132344,132344,Ladislav Krejčí,active,132344,56160992494840,132344,,132344
132349,132349,132349,Sandi Lovrić,active,132349,132349,132349,,132349
132357,566863,566863,Arda Kızıldağ,active,132357,53963042981125,566863,,
132361,132361,132361,Soner Dikmen,active,132361,132361,132361,,132361
132370,65102,65102,Vasilii Ivanovich,active,8520978,8520978,65102,,65102
132386,132386,132386,Ian Maatsen,active,132386,52885006189858,132386,,132386
132387,132387,132387,Billy Gilmour,active,132387,105750953329955,132387,132387,132387
132388,132388,132388,Juan Cabal,active,132388,132388,132388,,132388
132398,132398,132398,Edoardo Vergani,active,132398,132398,132398,,132398
132403,132403,132403,Josh Campbell,active,132403,132403,132403,,132403
132447,132447,132447,Allanzinho,active,132447,132447,132447,,132447
132469,566864,566864,Winston Mullen,active,8521077,8521077,566864,,
132470,132470,132470,Lameck Banda,active,132470,132470,132470,,132470
132481,132481,566865,Braian Ojeda,active,132481,132481,132481,,
132494,132494,132494,Ante Palaversa,active,132494,132494,132494,,132494
132498,132498,132498,Abu Francis,active,132498,132498,132498,,132498
132499,132499,132499,Oliver Villadsen,active,132499,132499,132499,,132499
132500,132500,566866,Nicolai Vallys,active,132500,132500,132500,,
132507,566869,566869,Volodya Kokovtsov,active,8521115,8521115,566869,,
132509,132509,132509,Kittipun Saensuk,active,132509,132509,132509,,132509
132515,132515,132515,Dominic Thompson,active,132515,132515,132515,,132515
132518,132518,132518,Gabriel Martinelli,active,132518,56165019026854,132518,132518,132518
132524,132524,132524,Angelo Stiller,active,132524,105858059077036,132524,,132524
132526,132526,132526,Zain Issaka,active,132526,105654316565934,132526,,132526
132527,132527,132527,Elías López,active,132527,132527,132527,,132527
132528,132528,132528,Franco Paredes,active,132528,132528,132528,,132528
132533,132533,132533,Josh Doig,active,132533,105835510498741,132533,,132533
132535,566875,566875,Santiago Ramos Mingo,active,132535,106774766159287,566875,,
132544,132544,132544,Ronald Araújo,active,132544,123236838933952,132544,132544,132544
132546,132546,132546,Shawn Adewoye,active,132546,132546,132546,,132546
132547,132547,132547,Domagoj Bradarić,active,132547,132547,132547,,132547
132550,132550,132550,Jakub Słowik,active,132550,105719277946310,132550,,132550
132553,132553,132553,Joan Castro,active,132553,132553,132553,,132553
132554,132554,132554,Álex Suárez,active,132554,55067654882762,132554,,132554
132557,132557,132557,Juan Manuel Sanabria,active,132557,53945863112141,132557,,132557
132559,132559,132559,Tanguy Nianzou,active,132559,132559,132559,132559,132559
132563,132563,132563,Nazareno Colombo,active,132563,132563,132563,,132563
132573,132573,132573,Gonzalo Plata,active,132573,106774497723869,132573,,132573
132583,132583,132583,Marco Burch,active,132583,132583,132583,,132583
132585,132585,132585,Darian Males,active,132585,132585,132585,,132585
132587,656875,656875,S. Alexandropoulos,active,132587,132587,656875,,656875
132588,132588,132588,Vasilios Zagaritis,active,132588,132588,132588,,132588
132593,132593,132593,Chidera Ejuke,active,132593,132593,132593,,132593
132595,132595,132595,Richard Ledezma,active,132595,132595,132595,,132595
132598,132598,132598,Idrissa Touré,active,132598,132598,132598,,132598
132599,132599,132599,Christian Marques,active,132599,132599,132599,,132599
132600,132600,132600,Dion Sanderson,active,132600,132600,132600,,132600
132601,132601,132601,Luke Cundle,active,132601,132601,132601,,132601
132615,132615,132615,João Ferreira,active,132615,132615,132615,,132615
132616,132616,132616,Nuno Tavares,active,132616,132616,132616,,132616
132624,132624,132624,Troy Parrott,active,132624,52873731900944,132624,,132624
132625,132625,132625,T. Harwood-Bellis,active,132625,132625,132625,,132625
132627,132627,132627,Tommy Doyle,active,132627,132627,132627,,132627
132636,132636,132636,Betim Fazliji,active,132636,132636,132636,,132636
132638,132638,132638,Blaž Kramer,active,132638,132638,132638,,132638
132644,540269,540269,Gebson Briguel,active,8521252,132644,540269,,540269
132645,566876,566876,Welinton Torrão,active,132645,132645,566876,,
132656,132656,132656,Lewis Mayo,active,132656,132656,132656,,132656
132658,566877,566877,Sami Perinal,active,8521266,8521266,566877,,
132672,132672,132672,Lucas González,active,132672,132672,132672,,132672
132673,132673,132673,Alan Soñora,active,132673,132673,132673,,132673
132674,132674,132674,Alexandro Bernabéi,active,132674,105797124228674,132674,,132674
132677,118197,118197,José Luis Rodríguez,active,132677,53979149108805,118197,,118197
132679,566890,566890,Jonmi Magunagoitia,active,132679,132679,566890,,
132680,118363,118363,Alberto Marí,active,132680,132680,118363,,118363
132684,132684,132684,Daniel Maldini,active,132684,105709614270028,132684,132684,132684
132685,132685,132685,Edoardo Corvi,active,132685,132685,132685,,132685
132690,132690,132690,Guillermo Enrique,active,132690,132690,132690,,132690
132695,132695,566893,Nicolás Sumavil,active,132695,132695,132695,,
132699,132699,132699,Lautaro Ríos,active,132699,132699,132699,,132699
132700,132700,132700,Juan Manuel Cruz,active,132700,132700,132700,,132700
132713,132713,132713,Daylam Meddah,active,132713,132713,132713,,132713
132724,132724,132724,Antonio Castillo,active,132724,132724,132724,,132724
132734,132734,132734,Salis Abdul Samed,active,132734,132734,132734,,132734
132738,132738,132738,Agustín Lagos,active,132738,132738,132738,,132738
132740,132740,566901,Romain Matthys,active,132740,132740,132740,,
132742,132742,132742,Gary Magnée,active,132742,132742,132742,,132742
132745,132745,132745,Manu Fuster,active,132745,132745,132745,,132745
132749,132749,132749,David Ayala,active,132749,132749,132749,,132749
132754,132754,132754,Eduardo Quaresma,active,132754,132754,132754,,132754
132755,132755,132755,Daniel Bragança,active,132755,132755,132755,,132755
132756,132756,132756,Nuno Mendes,active,132756,56163676849812,132756,,132756
132765,132765,132765,Jesús Ramírez,active,132765,132765,132765,,132765
132768,132768,132768,Rodrigo Rodrigues,active,132768,132768,132768,,132768
132779,132779,132779,Onur Bulut,active,132779,105635526084267,132779,,132779
132790,132790,132790,Kenneth Taylor,active,132790,52880711222966,132790,,132790
132797,132797,132797,Dilane Bakwa,active,132797,132797,132797,,132797
132799,132799,132799,Adrien Lebeau,active,132799,132799,132799,,132799
132808,132808,132808,João Neto,active,132808,132808,132808,,132808
132811,33755,33755,Gavin Bazunu,active,132811,132811,33755,,33755
132813,132813,132813,Will Smallbone,active,132813,132813,132813,,132813
132817,132817,132817,Damián Fernández,active,132817,132817,132817,,132817
132818,132818,132818,Joaquín García,active,132818,132818,132818,,132818
132819,132819,132819,Miguel Brizuela,active,132819,132819,132819,,132819
132820,132820,132820,Franco Ibarra,active,132820,132820,132820,,132820
132824,132824,132824,Johnny Cardoso,active,132824,52895475173080,132824,,132824
132839,132839,566902,Sean McLoughlin,active,132839,132839,132839,,
132851,132851,132851,Ramiz Zerrouki,active,132851,132851,132851,,132851
132864,132864,132864,Nikola Šipčić,active,132864,132864,132864,,132864
132869,132869,132869,Calvin Ramsay,active,132869,132869,132869,,132869
132870,132870,132870,Oscar Salomón,active,132870,132870,132870,,132870
132892,132892,132892,Miguel Gutiérrez,active,132892,52850646451996,132892,,132892
132897,132897,132897,Beto,active,132897,52899501704993,132897,,132897
132901,132901,566909,Bruno Ferreira,active,132901,132901,132901,,
132905,132905,132905,Samuel Lino,active,132905,53983980947241,132905,,132905
132920,132920,132920,João Gonçalves,active,132920,132920,132920,,132920
132922,132922,566912,Walter Clar,active,132922,132922,132922,,
132923,132923,132923,Paulinho Paula,active,132923,132923,132923,,132923
132927,132927,132927,Filipe Soares,active,132927,132927,132927,,132927
132933,38032,38032,Jude Bellingham,active,132933,52871852853061,38032,,38032
132935,132935,132935,Mardochee Nzita,active,132935,132935,132935,,132935
132942,132942,566918,Jayden Richardson,active,132942,132942,132942,,
132943,132943,132943,Brennan Johnson,active,132943,52868363192143,132943,,132943
132944,132944,132944,Rodrigo Cabral,active,132944,132944,132944,,132944
132959,132959,132959,Nadiem Amiri,active,132959,56162871543647,132959,132959,132959
132966,132966,132966,Killian Sardella,active,132966,132966,132966,,132966
132967,132967,132967,Marco Kana,active,132967,132967,132967,,132967
132970,132970,132970,Tomás Esteves,active,132970,132970,132970,,132970
132974,132974,132974,Fábio Silva,active,132974,132974,132974,132974,132974
132975,132975,132975,Riccieli,active,132975,132975,132975,,132975
132978,132978,566928,Rumarn Burrell,active,132978,132978,132978,,
132979,566929,566929,Ayase Ueda,active,132979,52888495851379,566929,,
132984,132984,132984,Marc-Olivier Doué,active,132984,132984,132984,,132984
132995,132995,566935,Matty Jacob,active,132995,132995,132995,,
133002,133002,133002,S. Walukiewicz,active,133002,133002,133002,133002,133002
133015,133015,133015,Hugo Vandermersch,active,133015,133015,133015,,133015
133022,133022,133022,Anthony Rouault,active,133022,133022,133022,,133022
133023,133023,133023,Amine Adli,active,133023,105783434020767,133023,,133023
133029,133029,133029,Nadir Zortea,active,133029,133029,133029,,133029
133042,566936,566936,Evans Jean-Lambert,active,133042,133042,566936,,
133044,133044,566937,Jérémy Pétris,active,133044,133044,133044,,
133052,133052,133052,Oihan Sancet,active,133052,55068728625084,133052,,133052
133057,133057,133057,Daichi Hayashi,active,133057,133057,133057,,133057
133058,133058,133058,Koki Tachi,active,133058,53877412071362,133058,,133058
133076,39268,39268,Rudolf Knightley,active,8521684,8521684,39268,,39268
133079,133079,133079,Joris Chotard,active,133079,133079,133079,,133079
133085,133085,133085,Ali Abdi,active,133085,133085,133085,,133085
133087,133087,133087,Junior Hernández,active,133087,133087,133087,,133087
133089,133089,133089,Stefan Bajic,active,133089,133089,133089,,133089
133091,566938,566938,Levent Mercan,active,133091,52852525500387,566938,,
133094,133094,133094,Marley Aké,active,133094,133094,133094,,133094
133100,63871,63871,Azzedine Ounahi,active,133100,56166361204716,63871,,63871
133107,133107,133107,Adam Idah,active,133107,105831215532019,133107,,133107
133108,58744,58744,Kevin Danso,active,133108,55067118012404,58744,,58744
133123,133123,133123,Nikolas Dyhr,active,133123,133123,133123,,133123
133132,133132,133132,Ben Cabango,active,133132,133132,133132,,133132
133144,133144,133144,Morgan Whittaker,active,133144,133144,133144,,133144
133154,133154,133154,Sergio Bermejo,active,133154,133154,133154,,133154
133155,133155,566941,Iker Losada,active,133155,133155,133155,,
133157,133157,133157,Pedri,active,133157,52853867677733,133157,133157,133157
133161,133161,133161,Ramón Enríquez,active,133161,133161,133161,,133161
133162,566942,566942,Aritz Arambarri,active,133162,133162,566942,,
133165,133165,133165,Samuel Obeng,active,133165,133165,133165,,133165
133172,133172,133172,Umut Güneş,active,133172,133172,133172,,133172
133175,133175,133175,Borja Sainz,active,133175,133175,133175,,133175
133176,133176,133176,Enrique Clemente,active,133176,133176,133176,,133176
133183,133183,133183,Lucão,active,133183,105817793759295,133183,,133183
133191,133191,133191,Giuseppe Ciocci,active,133191,133191,133191,,133191
133198,133198,133198,Mizuki Arai,active,133198,133198,133198,,133198
133206,133206,133206,Denis Drăguș,active,133206,105719277946966,133206,,133206
133215,133215,133215,Ansu Fati,active,133215,52776826701919,133215,133215,133215
133223,133223,133223,Ryotaro Nakamura,active,133223,133223,133223,,133223
133239,133239,133239,Mert Müldür,active,133239,105683307595895,133239,,133239
133242,133242,133242,Georgios Vagiannidis,active,133242,133242,133242,,133242
133249,133249,133249,Matteo Di Giusto,active,133249,133249,133249,,133249
133256,133256,133256,Edu,active,133256,133256,133256,,133256
133257,133257,566943,Claudinho,active,133257,105796050487433,133257,,
133260,133260,133260,Gustav Isaksen,active,133260,52850378016908,133260,,133260
133263,133263,133263,Luka Ivanušec,active,133263,105630694246543,133263,,133263
133264,133264,133264,Jerome Opoku,active,133264,133264,133264,,133264
133265,133265,133265,Ben Davis,active,133265,105854300981393,133265,,133265
133267,133267,133267,Cameron Archer,active,133267,105726257268883,133267,,133267
133270,133270,133270,Fabian de Keijzer,active,133270,133270,133270,,133270
133271,133271,133271,Tommy St. Jago,active,133271,133271,133271,,133271
133282,133282,133282,Alex Cochrane,active,133282,133282,133282,,133282
133299,133299,133299,Noni Madueke,active,133299,52897622657203,133299,,133299
133301,133301,133301,Darwin Núñez,active,133301,52788906297525,133301,,133301
133302,133302,133302,Evann Guessand,active,133302,105807056341174,133302,,133302
133304,133304,133304,Lucão,active,133304,105664785549496,133304,,133304
133311,133311,133311,Tochi Chukwuani,active,133311,133311,133311,,133311
133332,133332,133332,Kayky,active,133332,133332,133332,,133332
133353,133353,133353,John Yeboah,active,133353,133353,133353,,133353
133355,566945,566945,Willie Conti,active,8521963,8521963,566945,,
133356,566947,566947,Wesley Gasolina,active,133356,133356,566947,,
133358,133358,133358,Berkay Özcan,active,133358,105665053985006,133358,,133358
133374,133374,133374,Sandro Kulenović,active,133374,133374,133374,,133374
133376,133376,133376,Bruno Gomes,active,133376,133376,133376,,133376
133380,133380,133380,Fabinho,active,133380,133380,133380,,133380
133381,133381,566948,Teppei Oka,active,133381,105738068429061,133381,,
133392,133392,133392,Clemente Montes,active,133392,133392,133392,,133392
133399,133399,566952,Tomoaki Okubo,active,133399,53881438603543,133399,,
133403,566954,566954,Uğur Yıldız,active,133403,133403,566954,,
133418,133418,133418,Gideon Mensah,active,133418,133418,133418,,133418
133435,133435,133435,Simon Ngapandouetnbu,active,133435,133435,133435,,133435
133439,133439,133439,Lukáš Provod,active,133439,133439,133439,,133439
133440,133440,133440,Powell Obinna Obi,active,133440,105703708690752,133440,133440,133440
133442,133442,133442,Gift Links,active,133442,133442,133442,,133442
133453,119522,119522,Connor Barron,active,133453,133453,119522,,119522
133456,133456,133456,Tobías Reinhart,active,133456,133456,133456,,133456
133463,133463,133463,Raúl García,active,133463,52898427963735,133463,,133463
133470,133470,133470,Charles De Ketelaere,active,133470,52894401431902,133470,,133470
133474,566957,566957,Tosin Aiyegun,active,133474,133474,566957,,
133503,133503,566958,Neto Pessoa,active,133503,133503,133503,,
133505,133505,133505,Camutanga,active,133505,133505,133505,,133505
133533,647401,647401,Raul,active,133533,133533,647401,,647401
133543,133543,133543,Erling Haaland,active,133543,56162066237863,133543,133543,133543
133549,125804,125804,Tino Anjorin,active,133549,133549,125804,,125804
133551,133551,133551,Folarin Balogun,active,133551,52895206738351,133551,,133551
133552,133552,133552,Braian Martínez,active,133552,133552,133552,,133552
133563,133563,566963,Warren O'Hora,active,133563,133563,133563,,
133576,133576,133576,Issa Kaboré,active,133576,133576,133576,,133576
133577,566968,566968,Darlin Yongwa,active,133577,84019657,566968,,
133581,133581,566974,Michel Lima,active,133581,133581,133581,,
133588,133588,566976,Samuel Ballet,active,133588,133588,133588,,
133594,133594,133594,Jeremie Frimpong,active,133594,52882590271962,133594,,133594
133596,133596,133596,Shun Ayukawa,active,133596,133596,133596,,133596
133597,133597,133597,Hotaka Nakamura,active,133597,105843295128029,133597,133597,133597
133603,133603,133603,Tatsuki Seko,active,133603,133603,133603,,133603
133604,133604,133604,Ayumu Ohata,active,133604,105706929916388,133604,,133604
133605,133605,566977,Ryunosuke Sagara,active,133605,133605,133605,,
133610,133610,566982,Wanchat Choosong,active,133610,133610,133610,,
133617,133617,566985,Kaito Suzuki,active,133617,133617,133617,,
133629,133629,133629,Kota Kawano,active,133629,105698876852733,133629,,133629
133635,133635,133635,Lucas Barcelos,active,133635,106751412275715,133635,,133635
133651,133651,566990,Issa Soumaré,active,133651,133651,133651,,
133653,133653,133653,Rayan Cherki,active,133653,52890911771157,133653,133653,133653
133657,133657,566992,Phiraphat Khamphaeng,active,133657,133657,133657,,
133667,133667,133667,Dani Cárdenas,active,133667,133667,133667,,133667
133677,133677,133677,Amad Diallo,active,133677,52886348368429,133677,133677,133677
133678,133678,133678,Riccardo Calafiori,active,133678,52880174352942,133678,,133678
133681,133681,133681,Andri Baldursson,active,133681,133681,133681,,133681
133686,133686,133686,Sergio Carreira,active,133686,133686,133686,,133686
133688,133688,133688,Tobe Leysen,active,133688,133688,133688,,133688
133699,133699,133699,Thibo Somers,active,133699,133699,133699,,133699
133701,120011,120011,Enzo Barrenechea,active,133701,105666396162629,120011,,120011
133716,133716,133716,Facundo Farías,active,133716,133716,133716,,133716
133717,133717,133717,Yaya Sithole,active,133717,133717,133717,,133717
133735,133735,566994,Kandet Diawara,active,133735,133735,133735,,
133744,133744,133744,Neco Williams,active,133744,105809472260720,133744,133744,133744
133747,567009,567009,Victor Kristiansen,active,133747,133747,567009,,
133750,133750,133750,Josip Šutalo,active,133750,52877489998454,133750,,133750
133752,567039,567039,Rouslan Yerin,active,8522360,8522360,567039,,
133760,133760,567093,Niki Urakami,active,133760,133760,133760,,
133770,133770,133770,Nanasei Iino,active,133770,105763301362314,133770,,133770
133777,133777,567094,Hikaru Nakahara,active,133777,106724300294801,133777,,
133782,133782,133782,Kaito Chida,active,133782,105760080136854,133782,,133782
133783,567096,567096,Han Ho-Gang,active,133783,133783,567096,,
133786,133786,567099,Tomofumi Fujiyama,active,133786,133786,133786,,
133852,133852,133852,Noppakun Kadtoon,active,133852,133852,133852,,133852
133856,567101,567101,Wasusiwakit P.,active,133856,133856,567101,,
133872,133872,567105,Issei Tone,active,133872,133872,133872,,
133880,133880,133880,Ryuji Saito,active,133880,133880,133880,,133880
133884,133884,133884,Yuya Tanaka,active,133884,133884,133884,,133884
133888,133888,133888,Takashi Kawano,active,133888,133888,133888,,133888
133891,133891,133891,Soya Fujiwara,active,133891,105834436758275,133891,,133891
133894,133894,133894,Taira Shige,active,133894,133894,133894,,133894
133895,133895,133895,Akira Silvano Disaro,active,133895,106742285470471,133895,,133895
133933,107756,107756,Long Runcai,active,8522541,8522541,107756,,107756
133952,133952,567109,Thiti Thumporn,active,133952,133952,133952,,
134022,134022,134022,Julián Palacios,active,134022,134022,134022,,134022
134038,134038,134038,Ennio van der Gouw,active,134038,134038,134038,,134038
134040,134040,134040,Anton Tanghe,active,134040,134040,134040,,134040
134050,134050,567110,Lionel Altamirano,active,134050,134050,134050,,
134092,134092,567113,Matias Olguín,active,134092,134092,134092,,
134122,134122,134122,Cristián Toro,active,134122,134122,134122,,134122
134134,134134,134134,Cristopher Barrera,active,134134,134134,134134,,134134
134139,134139,134139,Daniel Gónzalez,active,134139,134139,134139,,134139
134220,134220,567117,Harold Antiñirre,active,134220,134220,134220,,
134302,134302,134302,Lukas Soza,active,134302,134302,134302,,134302
134303,134303,567122,José Tiznado,active,134303,134303,134303,,
134343,567126,567126,Jovany Campusano,active,134343,134343,567126,,
134351,134351,567127,Maximiliano Guerrero,active,134351,134351,134351,,
134370,134370,134370,Benjamín Gazzolo,active,134370,134370,134370,,134370
134372,134372,567134,Francisco Salinas,active,134372,134372,134372,,
134412,134412,134412,Loïc Badé,active,134412,52900307012876,134412,,134412
134419,134419,134419,Alejandro Francés,active,134419,134419,134419,,134419
134421,134421,134421,Radosław Majecki,active,134421,52868900064533,134421,,134421
134466,134466,134466,Di'Shon Bernard,active,134466,134466,134466,,134466
134467,134467,134467,Ethan Laird,active,134467,134467,134467,,134467
134471,134471,134471,Arnau Puigmal,active,134471,134471,134471,,134471
134472,134472,134472,Ethan Galbraith,active,134472,134472,134472,,134472
134474,134474,134474,Largie Ramazani,active,134474,105650558471498,134474,,134474
134479,134479,134479,José Gragera,active,134479,134479,134479,,134479
134483,134483,134483,Caio Alexandre,active,134483,105766791023955,134483,,134483
134490,134490,567140,Gabriel Veron,active,134490,134490,134490,,
134493,134493,134493,Anthony Descotte,active,134493,134493,134493,,134493
134496,134496,134496,Hayden Hackney,active,134496,134496,134496,,134496
134506,134506,134506,Welington,active,134506,134506,134506,,134506
134508,567147,567147,Danilo Gomes,active,134508,105725451963756,567147,,
134512,134512,134512,Juan,active,134512,53974585707888,134512,,134512
134513,134513,134513,Junya Takahashi,active,134513,134513,134513,,134513
134514,134514,134514,Botond Balogh,active,134514,134514,134514,,134514
134515,134515,134515,Gabriele Artistico,active,134515,134515,134515,,134515
134527,134527,134527,Melvin Bard,active,134527,105752027073919,134527,,134527
134532,134532,134532,Zaid Romero,active,134532,134532,134532,,134532
134545,134545,567153,Georges Mikautadze,active,134545,55070339239313,134545,,
134547,134547,134547,Ilario Monterisi,active,134547,134547,134547,,134547
134559,567155,567155,Talha Sarıarslan,active,134559,134559,567155,,
134561,134561,567156,Alexander Lind,active,134561,134561,134561,,
134688,134688,134688,Sergio Cubero,active,134688,134688,134688,,134688
134701,134701,134701,Yassin Oukili,active,134701,134701,134701,,134701
134706,134706,134706,Jay Stansfield,active,134706,134706,134706,,134706
134716,134716,134716,Léo Realpe,active,134716,134716,134716,,134716
134722,134722,134722,Wouter George,active,134722,134722,134722,,134722
134723,134723,134723,Mithat Pala,active,134723,105758737960515,134723,,134723
134732,134732,134732,Joseph Anang,active,134732,134732,134732,,134732
134733,134733,134733,Pepe Sánchez,active,134733,134733,134733,,134733
134737,134737,134737,Jesús Areso,active,134737,134737,134737,,134737
134738,134738,134738,Bryan Limbombe,active,134738,134738,134738,,134738
134754,134754,567157,Ale Meléndez,active,134754,134754,134754,,
134757,134757,134757,Germán Valera,active,134757,55070339239525,134757,,134757
134758,134758,134758,Álex Baena,active,134758,55068728626790,134758,,134758
134762,134762,134762,Nikola Čumić,active,134762,134762,134762,,134762
134782,134782,134782,Sontje Hansen,active,134782,134782,134782,,134782
134794,134794,134794,Gonçalo Ramos,active,134794,56165824335498,134794,,134794
134798,134798,134798,Tyrick Mitchell,active,134798,134798,134798,,134798
134800,134800,134800,Solomon Brynn,active,134800,134800,134800,,134800
134813,134813,567158,Layton Stewart,active,134813,134813,134813,,
134830,134830,134830,Eray Özbek,active,134830,134830,134830,,134830
134862,134862,134862,Andrea Carboni,active,134862,134862,134862,,134862
134866,134866,134866,Bright Arrey-Mbi,active,134866,134866,134866,,134866
134867,134867,134867,Chris Richards,active,134867,105859669692115,134867,134867,134867
134868,134868,134868,Malik Tillman,active,134868,56165555900116,134868,,134868
134877,134877,134877,Agustín Hausch,active,134877,134877,134877,,134877
134893,134893,134893,Jeremy Ngakia,active,134893,134893,134893,,134893
134900,134900,134900,Cecilio Waterman,active,134900,134900,134900,,134900
134902,134902,134902,Kristian Thorstvedt,active,134902,105832020840182,134902,,134902
134904,134904,134904,Eric-Junior Bocat,active,134904,134904,134904,,134904
134908,65280,65280,Clifford Lander,active,8523516,8523516,65280,,65280
134918,134918,134918,Felipe Villagrán,active,134918,134918,134918,,134918
134921,134921,134921,Aïmen Moueffek,active,134921,134921,134921,,134921
134922,134922,134922,Maxence Rivera,active,134922,134922,134922,,134922
134924,134924,134924,Naci Ünüvar,active,134924,134924,134924,,134924
134927,134927,567159,Marc Aguado,active,134927,134927,134927,,
134930,126889,126889,Kiliann Sildillia,active,134930,105808935390994,126889,,126889
134931,134931,134931,Senne Lammens,active,134931,52889838030611,134931,,134931
134932,134932,134932,Maxim De Cuyper,active,134932,105856985337620,134932,,134932
134934,134934,134934,Youssouph Badji,active,134934,134934,134934,,134934
134936,134936,134936,Santiago Toloza,active,134936,134936,134936,,134936
134939,134939,134939,Terem Moffi,active,134939,52845814615835,134939,,134939
134940,134940,134940,Denis Makarov,active,134940,134940,134940,,134940
134941,134941,134941,Paulo Henrique,active,134941,53977538498333,134941,,134941
135002,135002,135002,Jamie McGrath,active,135002,135002,135002,,135002
135015,135015,135015,Ênio,active,135015,105756590477159,135015,,135015
135017,135017,135017,Yan Couto,active,135017,105790950215529,135017,,135017
135030,135030,135030,Joan Cruz,active,135030,135030,135030,,135030
135031,135031,135031,Luciano Arriagada,active,135031,135031,135031,,135031
135033,135033,135033,Marcelino Núñez,active,135033,135033,135033,,135033
135034,135034,567160,Natan,active,135034,52848498970490,135034,,
135038,103510,103510,João Gomes,active,135038,52853330808702,103510,,103510
135039,135039,135039,Richard Ríos,active,135039,52894401433471,135039,,135039
135040,540683,540683,Guilherme Bala,active,16912256,16912256,540683,,540683
135041,135041,135041,Rodrigo Muniz,active,135041,52867826323329,135041,,135041
135042,135042,135042,Michel Araújo,active,135042,135042,135042,,135042
135044,135044,567162,Gabriel Menino,active,135044,135044,135044,,
135053,135053,135053,Obed Nkambadio,active,135053,135053,135053,,135053
135060,135060,135060,Antoine Colassin,active,135060,135060,135060,,135060
135061,135061,567169,João Paulo,active,135061,135061,135061,,
135062,540685,540685,Matheus Donelli,active,135062,135062,540685,,540685
135067,135067,135067,Vitinha,active,135067,52891180208027,135067,,135067
135068,135068,135068,Lewis Gibson,active,135068,135068,135068,,135068
135072,135072,135072,Ryotaro Ishida,active,135072,135072,135072,,135072
135076,135076,135076,Tomáš Suslov,active,135076,105699145289636,135076,,135076
135102,135102,135102,Nathan Patterson,active,135102,135102,135102,,135102
135104,135104,135104,Maxx Creevey,active,135104,135104,135104,,135104
135106,135106,135106,Jason León,active,135106,135106,135106,,135106
135108,135108,135108,Hugo,active,135108,53970022305732,135108,,135108
135119,135119,135119,Görkem Sağlam,active,135119,55069265498063,135119,,135119
135131,135131,135131,Weverson,active,135131,135131,135131,,135131
135133,135133,135133,Daiya Tono,active,135133,105760080138205,135133,,135133
135136,135136,135136,Kenta Matsumoto,active,135136,105637136699360,135136,,135136
135138,135138,135138,T. Brandon Nozawa,active,135138,53944789372898,135138,135138,135138
135139,135139,135139,Koto Abe,active,135139,135139,135139,,135139
135143,135143,135143,Carlos Alcaraz,active,135143,135143,135143,,135143
135144,135144,135144,Juan Cáceres,active,135144,135144,135144,,135144
135148,567174,567174,Luciano Juba,active,135148,53977538498540,567174,,
135164,135164,567176,Rafael Carvalheira,active,135164,135164,135164,,
135167,135167,135167,Guilherme,active,135167,53975391014911,135167,,135167
135171,567180,567180,Javi Castro,active,135171,135171,567180,,
135172,135172,135172,K. Dewsbury-Hall,active,135172,105693508145156,135172,,135172
135181,135181,135181,Alfred Canales,active,135181,135181,135181,,135181
135190,135190,135190,Ryoya Morishita,active,135190,53881438605334,135190,,135190
135191,135191,135191,J. Reshaun Sumiyoshi,active,135191,105763301363735,135191,,135191
135193,135193,135193,Kai Matsuzaki,active,135193,105753369251865,135193,,135193
135195,135195,135195,Daiki Hotta,active,135195,135195,135195,,135195
135196,135196,135196,Taiga Hata,active,135196,53971901354012,135196,,135196
135197,135197,135197,Shunta Tanaka,active,135197,53961969242141,135197,,135197
135201,135201,135201,Julen Lobete,active,135201,135201,135201,,135201
135208,135208,135208,Natanael,active,135208,135208,135208,,135208
135216,135216,135216,Jonathan Villagra,active,135216,135216,135216,,135216
135217,135217,135217,Bruno Barticciotto,active,135217,135217,135217,,135217
135235,135235,135235,Ashvin Balaruban,active,135235,135235,135235,,135235
135241,135241,567181,Lennart Moser,active,135241,135241,135241,,
135243,135243,567182,Fintelman,active,135243,135243,135243,,
135253,135253,135253,Hidetoshi Takeda,active,135253,105697534677077,135253,,135253
135255,135255,135255,Solomon Sakuragawa,active,135255,135255,135255,,135255
135257,135257,135257,Yuki Yamamoto,active,135257,53944789373017,135257,,135257
135259,135259,135259,Shoji Toyama,active,135259,105836315807835,135259,,135259
135261,135261,135261,Ryotaro Araki,active,135261,53967606386781,135261,,135261
135262,135262,135262,Yuta Matsumura,active,135262,105834436759646,135262,,135262
135263,135263,135263,Itsuki Someno,active,135263,53979685982303,135263,,135263
135264,135264,135264,Tetsushi Yamakawa,active,135264,53971901354080,135264,135264,135264
135265,135265,135265,Erick Noriega,active,135265,135265,135265,,135265
135266,135266,135266,Yuito Suzuki,active,135266,105850274451554,135266,,135266
135269,135269,135269,Facundo Cáseres,active,135269,135269,135269,,135269
135285,135285,567183,Guilherme Liberato,active,135285,135285,135285,,
135287,567186,567186,Igor Thiago,active,135287,55070607675511,567186,,
135302,135302,567195,Mateus Moraes,active,135302,105651632214150,135302,,
135311,135311,135311,Joao Grimaldo,active,135311,135311,135311,,135311
135312,135312,135312,Filip Stojilković,active,135312,135312,135312,,135312
135333,135333,135333,Guillermo Paiva,active,135333,135333,135333,,135333
135345,135345,135345,Boško Šutalo,active,135345,135345,135345,,135345
135350,135350,135350,Keisuke Nishimura,active,135350,135350,135350,,135350
135351,135351,135351,Soya Takada,active,135351,135351,135351,,135351
135359,135359,135359,Rocco Ríos Novo,active,135359,135359,135359,,135359
135365,135365,135365,Filip Stanković,active,135365,135365,135365,,135365
135372,135372,135372,Ezequiel Cañete,active,135372,135372,135372,,135372
135379,135379,135379,Fuki Yamada,active,135379,105661295890643,135379,,135379
135384,135384,135384,Y. Ndayishimiye,active,135384,53877948944600,135384,,135384
135385,135385,135385,Samú Costa,active,135385,135385,135385,,135385
135389,135389,135389,Sebastián Meza,active,135389,135389,135389,,135389
135392,135392,135392,Juan Carlos Gauto,active,135392,135392,135392,,135392
135396,135396,135396,El Bilal Touré,active,135396,53978612240612,135396,,135396
135400,135400,135400,Matías Viña,active,135400,135400,135400,,135400
135403,135403,135403,Kelvi,active,135403,135403,135403,,135403
135410,135410,135410,Róbert Boženík,active,135410,135410,135410,,135410
135411,135411,567204,Kristian Hlynsson,active,135411,135411,135411,,
135416,135416,567206,Dejan Joveljić,active,135416,135416,135416,,
135424,135424,135424,Florián Monzón,active,135424,135424,135424,,135424
135434,135434,135434,Yuri Sena,active,135434,135434,135434,,135434
135441,135441,135441,Jacob Chapman,active,135441,135441,135441,,135441
135450,135450,135450,Daihachi Okamura,active,135450,105656732487962,135450,,135450
135467,135467,135467,Ryuya Nishio,active,135467,105661832761643,135467,,135467
135469,135469,135469,Nagi Matsumoto,active,135469,135469,135469,,135469
135470,135470,135470,Shota Fujio,active,135470,53967874822446,135470,,135470
135473,135473,135473,Seiya Baba,active,135473,105786655248689,135473,,135473
135474,135474,135474,Yuan Matsuhashi,active,135474,105781286539570,135474,,135474
135478,135478,135478,Gabriel Lacerda,active,135478,135478,135478,,135478
135480,135480,135480,James Gomez,active,135480,135480,135480,,135480
135481,135481,135481,Magnus Jensen,active,135481,135481,135481,,135481
135483,135483,135483,Benjamín Rojas,active,135483,135483,135483,,135483
135484,135484,135484,Janis Antiste,active,135484,135484,135484,,135484
135489,135489,135489,Christopher Lungoyi,active,135489,135489,135489,,135489
135495,135495,135495,Takahiro Akimoto,active,135495,53877143638343,135495,,135495
135497,135497,567207,Hassane Rizqallah,active,8524105,8524105,135497,,
135499,135499,135499,Peter Urminský,active,135499,135499,135499,,135499
135501,135501,135501,Pierre Kalulu,active,135501,52875610952013,135501,,135501
135512,135512,135512,Hijiri Kato,active,135512,135512,135512,,135512
135513,135513,135513,Ryoma Kida,active,135513,105834436759897,135513,,135513
135514,135514,135514,Seiya Maikuma,active,135514,105764106670426,135514,,135514
135515,135515,135515,Asahi Uenaka,active,135515,53961969242459,135515,,135515
135521,135521,135521,Giacomo Quagliata,active,135521,135521,135521,,135521
135531,135531,135531,Lucas Lissens,active,135531,135531,135531,,135531
135535,135535,135535,Lazaros Rota,active,135535,135535,135535,,135535
135536,135536,135536,David Zima,active,135536,135536,135536,,135536
135538,567208,567208,Takumi Tsukui,active,135538,105843563565426,567208,,
135539,135539,135539,Taiki Yamada,active,135539,105704513999219,135539,,135539
135542,567215,567215,Pape Guèye,active,135542,135542,567215,,
135553,135553,135553,Ivan Mesík,active,135553,135553,135553,,135553
135558,135558,135558,Leon James,active,135558,53881170170246,135558,,135558
135562,135562,135562,Elvis Hernández,active,135562,135562,135562,,135562
135564,135564,567217,Tomoya Fujii,active,135564,105637136699788,135564,,
135567,567224,567224,Vissarion Zetkin,active,8524175,8524175,567224,,
135572,135572,135572,Unai Vencedor,active,135572,135572,135572,,135572
135576,135576,135576,Sinaly Diomandé,active,135576,52785148203416,135576,,135576
135577,135577,135577,Ryan Ponti,active,135577,135577,135577,,135577
135583,135583,135583,Jefferson Savarino,active,135583,135583,135583,,135583
135587,135587,135587,Anis Slimane,active,135587,135587,135587,,135587
135611,135611,135611,Hayden Carter,active,135611,135611,135611,,135611
135615,135615,567232,Zion Suzuki,active,135615,55068997063103,135615,,
135616,135616,567233,Kenta Inoue,active,135616,105697534677440,135616,,
135641,135641,567239,Joshua Rawlins,active,135641,135641,135641,,
135657,113049,113049,Tabb Bagherzadeh,active,8524265,8524265,113049,,113049
135678,113750,113750,Pedram Alizadeh,active,8524286,8524286,113750,,113750
135692,135692,567240,Barak Abdualla,active,8524300,8524300,135692,,
135698,135698,567263,Ghassan Jaber,active,8524306,8524306,135698,,
135715,135715,567287,Reinhard Sangalo,active,8524323,8524323,135715,,
135727,135727,567289,Nawaf Al Aqidi,active,16912943,8524335,135727,,
135728,135728,567294,Abdulelah Al Amri,active,16912944,56161848136240,135728,,
135732,135732,567303,Ayman Yahya,active,16912948,8524340,135732,,
135733,135733,567311,Reza Baraa,active,8524341,8524341,135733,,
135734,540697,540697,Mohammed Marran,active,16912950,16912950,540697,,540697
135744,135744,567318,Seol Young-Woo,active,135744,105867773088320,135744,,
135750,135750,567329,Cho Gue-Sung,active,135750,105644451566150,135750,,
135787,135787,567334,Mohammed Al Yami,active,16913003,16913003,135787,,
135796,540710,540710,Yousef Abdullah,active,16913012,16913012,540710,,540710
135800,540711,540711,Abdullah Al Yazidi,active,16913016,8524408,540711,,540711
135801,135801,567342,Hashim Ali,active,16913017,16913017,135801,,
135811,135811,567351,Moin Barakah,active,8524419,8524419,135811,,
135812,540714,540714,Eid Khamis Alnuaimi,active,16913028,16913028,540714,,540714
135825,135825,567352,Waad Gadi,active,8524433,8524433,135825,,
135838,135838,567362,Karim Bader,active,8524446,8524446,135838,,
135858,113644,113644,Kim Ju-Sung,active,135858,135858,113644,,113644
135877,100202,100202,Oh Hyeon-Gyu,active,135877,53982370337477,100202,,100202
135882,135882,135882,Yerson Mosquera,active,135882,52869973807818,135882,,135882
135883,135883,135883,Jhair Castillo,active,135883,135883,135883,,135883
135885,135885,135885,Daniel Luna,active,135885,135885,135885,,135885
135900,135900,135900,Misael Martínez,active,135900,135900,135900,,135900
135912,135912,135912,Kevin Pérez,active,135912,135912,135912,,135912
135927,135927,135927,Ryoya Yamashita,active,135927,53944789373687,135927,,135927
135937,135937,135937,Nicolás Laméndola,active,135937,135937,135937,,135937
135953,135953,135953,Meschack Elia,active,135953,135953,135953,,135953
135954,567363,567363,Adam Karabec,active,135954,105819941245714,567363,,
135956,135956,135956,Mohamed Diomandé,active,135956,105826920567572,135956,,135956
135957,135957,135957,Kamaldeen Sulemana,active,135957,105830947099413,135957,,135957
135962,135962,567364,Warinthon Jamnongwat,active,135962,135962,135962,,
135982,135982,135982,Ivo Mammini,active,135982,135982,135982,,135982
135986,135986,567365,Gauthier Ott,active,135986,135986,135986,,
135988,567367,567367,Adrián Rodríguez,active,135988,135988,567367,,
136002,136002,136002,Jeyson Rojas,active,136002,136002,136002,,136002
136006,136006,136006,Alexander Aravena,active,136006,136006,136006,,136006
136007,136007,136007,Gonzalo Tapia,active,136007,136007,136007,,136007
136009,136009,136009,Lucas Gourna-Douath,active,136009,136009,136009,,136009
136010,136010,136010,Alexis Trouillet,active,136010,136010,136010,,136010
136012,136012,136012,Agustín Sienra,active,136012,136012,136012,,136012
136025,136025,136025,Esteban Moreira,active,136025,136025,136025,,136025
136026,136026,136026,Armando Broja,active,136026,136026,136026,,136026
136039,136039,136039,Luca Oyen,active,136039,136039,136039,,136039
136044,136044,136044,Malick Thiaw,active,136044,52884469322604,136044,,136044
136082,136082,136082,Andrea Papetti,active,136082,136082,136082,,136082
136094,567368,567368,Ryan Teague,active,136094,16913310,567368,,
136097,41720,41720,Lukáš Červ,active,136097,136097,41720,,41720
136098,136098,136098,Illia Zabarnyi,active,136098,55071144547234,136098,,136098
136117,136117,567369,Kwasi Sibo,active,136117,136117,136117,,
136123,136123,567370,Sebastián Prieto,active,136123,136123,136123,,
136132,136132,567372,Marvin Keller,active,136132,136132,136132,,
136134,136134,567374,Fabio Fehr,active,136134,136134,136134,,
136146,136146,567381,James Hill,active,136146,136146,136146,,
136177,136177,567382,Nordin Bakker,active,136177,136177,136177,,
136180,136180,567385,Mike Eerdhuijzen,active,136180,136180,136180,,
136182,136182,136182,Gijs Smal,active,136182,53877680509942,136182,,136182
136184,42306,42306,Micky van de Ven,active,136184,52890643338232,42306,,42306
136190,136190,136190,Jelle Duin,active,136190,136190,136190,,136190
136194,136194,567395,Derry Murkin,active,136194,136194,136194,,
136219,136219,567401,Gastón Benavídez,active,136219,136219,136219,,
136225,136225,567405,Yair Arismendi,active,136225,136225,136225,,
136230,136230,567417,Bruno Sepúlveda,active,136230,136230,136230,,
136247,136247,136247,Wahidullah Faghir,active,136247,136247,136247,,136247
136256,136256,567419,Ibrahima Koné,active,136256,136256,136256,,
136270,136270,567421,Elydjah Mendy,active,136270,136270,136270,,
136274,567423,567423,Lamine Gueye,active,136274,136274,567423,,
136277,136277,567435,Sambou Soumano,active,136277,136277,136277,,
136306,136306,567442,Lautaro Díaz,active,136306,136306,136306,,
136321,136321,136321,Fatih Kuruçuk,active,136321,136321,136321,,136321
136359,43923,43923,Gennadi Konchalovsky,active,8524967,8524967,43923,,43923
136386,127811,127811,Kazımcan Karataş,active,136386,136386,127811,,127811
136393,136393,136393,Sasha Marcich,active,136393,136393,136393,,136393
136394,136394,136394,Marco Pellegrino,active,136394,136394,136394,,136394
136398,136398,136398,Tiago Palacios,active,136398,136398,136398,,136398
136407,136407,136407,Dominic Hyam,active,136407,136407,136407,,136407
136408,136408,136408,Sam McCallum,active,136408,136408,136408,,136408
136414,136414,136414,Josh Eccles,active,136414,136414,136414,,136414
136420,136420,136420,Amadou Bakayoko,active,136420,136420,136420,,136420
136424,136424,136424,Matt Godden,active,136424,136424,136424,,136424
136447,136447,567445,Mael Corboz,active,136447,136447,136447,,
136449,136449,136449,Daniel Iversen,active,136449,136449,136449,,136449
136460,136460,567454,Jakob Kiilerich,active,136460,136460,136460,,
136468,136468,567458,Mike Vestergård,active,136468,136468,136468,,
136490,136490,136490,Federico Del Frate,active,136490,136490,136490,,136490
136514,540287,540287,Mateo Zunzunegui,active,8525122,136514,540287,,540287
136522,136522,136522,Pius Dorn,active,136522,136522,136522,,136522
136540,136540,567462,Rob Atkinson,active,136540,136540,136540,,
136546,35977,35977,Mark Sykes,active,136546,136546,35977,,35977
136577,136577,567465,Joshua Zimmerman,active,136577,136577,136577,,
136594,61580,61580,Efraim Bystrov,active,8525202,8525202,61580,,61580
136613,136613,567473,Noah Cadiou,active,136613,136613,136613,,
136617,136617,567475,Mathieu Mion,active,136617,136617,136617,,
136651,136651,567480,Lucas Souto,active,136651,136651,136651,,
136668,136668,136668,Bart Verbruggen,active,136668,52875610953180,136668,,136668
136672,136672,136672,Ivan Ilić,active,136672,136672,136672,,136672
136680,136680,567490,Robin Roefs,active,136680,55070607676904,136680,,
136682,136682,567494,Cas Odenthal,active,136682,136682,136682,,
136691,136691,136691,Josias Lukembila,active,136691,136691,136691,,136691
136703,136703,567499,Harrison Burrows,active,136703,136703,136703,,
136713,8843,8843,Jack Taylor,active,136713,136713,8843,,8843
136714,136714,567501,Joe Ward,active,136714,136714,136714,,
136718,136718,567518,Sofus Berger,active,136718,136718,136718,,
136724,136724,567538,Dylan Glaby,active,136724,136724,136724,,
136765,136765,136765,Andrei Burcă,active,136765,136765,136765,,136765
136766,136766,136766,Adrián Rus,active,136766,136766,136766,,136766
136781,540717,540717,Abdullah Al Hamddan,active,16913997,8525389,540717,,540717
136792,136792,567545,Morteza Hurairah,active,8525400,8525400,136792,,
136793,136793,567550,Habib Dhikrullah,active,8525401,50468441,136793,,
136794,136794,567554,Mojtaba Bilal,active,8525402,8525402,136794,,
136796,136796,567559,Najim Furkan,active,8525404,8525404,136796,,
136798,136798,567561,Naif Dirgham,active,8525406,8525406,136798,,
136817,136817,567565,Jan Ikramullah,active,8525425,8525425,136817,,
136826,136826,136826,Callum McCowatt,active,136826,136826,136826,,136826
136827,136827,136827,Joe Bell,active,136827,136827,136827,,136827
136829,136829,136829,Nando Pijnaker,active,136829,136829,136829,,136829
136838,136838,136838,Carlos Pineda,active,136838,136838,136838,,136838
136843,136843,136843,Dolev Haziza,active,136843,136843,136843,,136843
136845,136845,136845,Neta Lavi,active,136845,105842758260365,136845,,136845
136853,136853,567576,Morteza Hamdan,active,8525461,105868041524885,136853,,
136863,136863,567589,Elick Gladstone,active,8525471,8525471,136863,,
136868,136868,136868,Tihomir Kostadinov,active,136868,136868,136868,,136868
136871,136871,136871,Brandon Paiber,active,136871,136871,136871,,136871
136873,136873,136873,Rashed Al-Tumi,active,136873,136873,136873,,136873
136880,136880,567662,Yuness Nadeem,active,8525488,8525488,136880,,
136881,136881,567665,Asghar Najm,active,8525489,8525489,136881,,
136882,136882,567668,Khalid Ghulam Faruq,active,8525490,8525490,136882,,
136889,567675,567675,Kostas Domontovich,active,8525497,8525497,567675,,
136890,567676,567676,Ulyan Korneev,active,8525498,8525498,567676,,
136891,567682,567682,Revol Sheshenina,active,8525499,8525499,567682,,
136893,136893,136893,Kristian Dimitrov,active,136893,136893,136893,,136893
136898,136898,567688,Régis Le Fehvre,active,8525506,8525506,136898,,
136903,136903,567703,Ulien Dyrek,active,8525511,8525511,136903,,
136920,136920,567709,Yuya Takagi,active,136920,136920,136920,,
136922,136922,567710,Takumi Mase,active,136922,105843295131354,136922,,
136923,136923,567722,H. Appiah Tawiah,active,136923,105817793763035,136923,,
136933,136933,136933,Emerson Batalla,active,136933,105766791026405,136933,,136933
136961,136961,136961,Harlen Castillo,active,136961,136961,136961,,136961
136965,136965,136965,Jherson Mosquera,active,136965,136965,136965,,136965
136972,136972,136972,Delio Ramírez,active,136972,136972,136972,,136972
136980,136980,136980,Iván Scarpeta,active,136980,136980,136980,,136980
137000,137000,137000,Xavi Simons,active,137000,52882858710824,137000,,137000
137103,137103,137103,Gonçalo Franco,active,137103,137103,137103,,137103
137133,137133,567733,Gökhan Sazdağı,active,137133,137133,137133,,
137145,137145,567738,Ringo Meerveld,active,137145,105737263126457,137145,,
137158,137158,137158,Victor Lobry,active,137158,137158,137158,,137158
137167,137167,567751,Josh Edwards,active,137167,137167,137167,,
137207,137207,137207,Charlie Kelman,active,137207,137207,137207,,137207
137225,137225,567755,Kwadwo Baah,active,137225,137225,137225,,
137242,137242,567758,Onur Ergün,active,137242,137242,137242,,
137245,137245,567759,Melih Kabasakal,active,137245,137245,137245,,
137255,137255,567764,Yuri Araújo,active,137255,105786655250471,137255,,
137257,137257,567800,Toti Gomes,active,137257,52869973809193,137257,,
137259,137259,567828,Miguel Crespo,active,137259,53877948946475,137259,,
137267,137267,137267,Francisco Moura,active,137267,137267,137267,,137267
137279,137279,137279,Pedro Ferreira,active,137279,137279,137279,,137279
137294,137294,567855,Liam Gibbs,active,137294,137294,137294,,
137311,137311,567877,N. Guinness-Walker,active,137311,137311,137311,,
137321,137321,567878,Jack Rudoni,active,137321,137321,137321,,
137339,137339,137339,Joe Walsh,active,137339,137339,137339,,137339
137352,137352,567900,Pierre Octave Mangel,active,8525960,8525960,137352,,
137422,128632,128632,Teddy Sharman-Lowe,active,137422,137422,128632,,128632
137458,137458,567913,Erdem Çetinkaya,active,137458,137458,137458,,
137466,137466,567914,Kreshnik Hajrizi,active,137466,137466,137466,,
137504,137504,567929,Jay Idzes,active,137504,55068997064992,137504,,
137521,137521,567930,Metehan Mimaroğlu,active,137521,137521,137521,,
137538,137538,567935,Zeki Amdouni,active,137538,137538,137538,,
137557,137557,567938,Robbie Muirhead,active,137557,137557,137557,,
137562,137562,567954,Robbie Deas,active,137562,137562,137562,,
137628,63069,63069,Samet Akaydın,active,137628,105850542889372,63069,,63069
137687,137687,137687,Ilan Kebbal,active,137687,84023767,137687,,137687
137693,137693,567956,Furkan Bayır,active,137693,137693,137693,,
137766,137766,137766,Yann Aurel Bisseck,active,137766,52876953131558,137766,,137766
137781,137781,567971,Tristan Crama,active,137781,137781,137781,,
137797,137797,137797,Jean Patric,active,137797,53945057811013,137797,,137797
137800,137800,567974,Onurcan Piri,active,137800,137800,137800,,
137836,137836,567982,Donat Rrudhani,active,137836,137836,137836,,
137837,137837,567986,Kevin Spadanuda,active,137837,137837,137837,,
137843,137843,567987,Uran Bislimi,active,137843,137843,137843,,
137870,137870,568019,Mohamed Bouldini,active,137870,137870,137870,,
137924,137924,137924,Florian Wirtz,active,137924,52892790823620,137924,137924,137924
137926,137926,137926,André,active,137926,105782091848390,137926,,137926
137990,137990,137990,Christos Tzolis,active,137990,52901380758278,137990,,137990
137991,137991,137991,Matheus Nunes,active,137991,52849304279815,137991,,137991
137993,137993,137993,Alan Franco,active,137993,137993,137993,,137993
137994,568028,568028,Can Bozdoğan,active,137994,137994,568028,,
137997,137997,137997,Robin Østrøm,active,137997,137997,137997,,137997
137998,137998,568029,Jakob Breum,active,137998,137998,137998,,
138000,138000,138000,Jamal Musiala,active,138000,52883395582736,138000,138000,138000
138005,138005,138005,Lorenzo Colombo,active,138005,105747195239189,138005,,138005
138008,138008,138008,Gaspar Campos,active,138008,138008,138008,,138008
138015,568035,568035,Juanlu Sánchez,active,138015,138015,568035,,
138016,138016,138016,Aimar Oroz,active,138016,138016,138016,,138016
138017,138017,138017,Jon Pacheco,active,138017,52868631632673,138017,,138017
138023,138023,138023,Javi López,active,138023,138023,138023,,138023
138024,138024,138024,João Mário,active,138024,52782463851304,138024,,138024
138026,138026,138026,Pau Víctor,active,138026,105751758641962,138026,,138026
138029,138029,138029,Isaias Del Pupo,active,138029,138029,138029,,138029
138045,138045,568044,Laurens Serpe,active,138045,138045,138045,,
138047,138047,138047,Filippo Terracciano,active,138047,105724915096383,138047,,138047
138062,138062,138062,Pablo Pérez,active,138062,138062,138062,,138062
138064,138064,138064,Joelson Fernandes,active,138064,138064,138064,,138064
138075,138075,568047,Giuseppe Aurelio,active,138075,138075,138075,,
138079,138079,138079,Raúl Moro,active,138079,105785313074015,138079,,138079
138081,138081,138081,Jarrad Branthwaite,active,138081,55068460194657,138081,,138081
138082,138082,138082,Nathan Tella,active,138082,138082,138082,,138082
138134,138134,138134,Yanis Cimignani,active,138134,138134,138134,,138134
138141,138141,138141,Lorenzo Bernasconi,active,138141,138141,138141,,138141
138142,138142,138142,Guille Rosas,active,138142,138142,138142,,138142
138143,138143,568049,Laurs Skjellerup,active,138143,138143,138143,,
138144,138144,568053,Kazuma Nagai,active,138144,138144,138144,,
138146,138146,568061,Antonio Pacheco,active,138146,138146,138146,,
138149,568072,568072,Bobby Thomas,active,138149,138149,568072,,
138152,130138,130138,Ardon Jashari,active,138152,105824504650664,130138,,130138
138156,138156,138156,Cole Palmer,active,138156,52887690550188,138156,,138156
138161,138161,138161,Berkan Kutlu,active,138161,70375992073137,138161,,138161
138162,130139,130139,Oliver Sørensen,active,138162,138162,130139,,130139
138164,568074,568074,Calvin Bassey,active,138164,52853599247284,568074,,
138171,138171,138171,Diego Conde,active,138171,138171,138171,,138171
138175,138175,568076,Marco Moreno,active,138175,138175,138175,,
138181,138181,138181,Mario Soriano,active,138181,138181,138181,,138181
138183,34493,34493,Gerard Martín,active,138183,52878026873799,34493,,34493
138239,138239,138239,Leo Román,active,138239,138239,138239,,138239
138243,130140,130140,José Copete,active,138243,138243,130140,,130140
138266,138266,568080,Emmanuel Toku,active,138266,138266,138266,,
138287,109140,109140,Oliver Sonne,active,138287,138287,109140,,109140
138291,138291,568094,Lazar Carević,active,138291,138291,138291,,
138292,138292,138292,Arnau Tenas,active,138292,52850109586484,138292,138292,138292
138294,130143,130143,Mika Mármol,active,138294,55068728630326,130143,,130143
138295,138295,568099,José Marsà,active,138295,138295,138295,,
138298,138298,138298,Ilaix Moriba,active,138298,105811351313466,138298,138298,138298
138300,138300,138300,Konrad de la Fuente,active,138300,138300,138300,138300,138300
138314,138314,568104,Mario Maroto,active,138314,138314,138314,,
138319,138319,568154,Julen Agirrezabala,active,138319,105785044638799,138319,,
138324,138324,568158,Álvaro Núñez,active,138324,138324,138324,,
138325,138325,138325,Aitor Paredes,active,138325,105806251039829,138325,,138325
138329,138329,568167,Beñat Prados,active,138329,105725183532121,138329,,
138331,138331,138331,Oier Zarraga,active,138331,138331,138331,,138331
138335,138335,138335,Jon Morcillo,active,138335,138335,138335,,138335
138344,138344,138344,Rodrigo Guth,active,138344,138344,138344,,138344
138365,138365,138365,Christian Pierobon,active,138365,138365,138365,,138365
138371,138371,138371,Telmo Arcanjo,active,138371,138371,138371,,138371
138388,138388,138388,David Larrubia,active,138388,138388,138388,,138388
138392,138392,138392,Strahinja Pavlović,active,138392,52898696404120,138392,,138392
138393,138393,568211,Bruno Cabrera,active,138393,138393,138393,,
138405,138405,138405,Juan Peñaloza,active,138405,138405,138405,,138405
138406,138406,138406,Mathias Kvistgaarden,active,138406,138406,138406,,138406
138417,138417,138417,Will Ferry,active,138417,138417,138417,,138417
138420,138420,138420,Jan Kuchta,active,138420,138420,138420,,138420
138421,138421,568224,Kazuki Fujimoto,active,138421,105814572539061,138421,,
138422,138422,138422,Rodrigo Cáseres,active,138422,138422,138422,,138422
138442,138442,138442,Daniel Svensson,active,138442,105802492943562,138442,,138442
138458,138458,138458,Damjan Pavlović,active,138458,138458,138458,,138458
138459,138459,138459,Michel A. Balikwisha,active,138459,138459,138459,,138459
138463,138463,138463,Bruny Nsimba,active,138463,138463,138463,,138463
138465,138465,138465,Arouna Sangante,active,138465,138465,138465,,138465
138466,138466,138466,Elies Mahmoud,active,138466,138466,138466,,138466
138467,138467,138467,Josué Casimir,active,138467,138467,138467,,138467
138471,130807,130807,Arnau Comas,active,138471,138471,130807,,130807
138478,138478,138478,Rafael Obrador,active,138478,138478,138478,,138478
138480,568253,568253,Alan Virginius,active,138480,138480,568253,,
138481,138481,138481,Timothée Pembélé,active,138481,138481,138481,,138481
138483,138483,138483,Matheus Babi,active,138483,138483,138483,,138483
138484,138484,138484,Gonçalo Inácio,active,138484,52896012049652,138484,,138484
138488,138488,138488,Luiz Henrique,active,138488,52781926980856,138488,,138488
138493,568255,568255,Kevin Carlos,active,138493,105819941248253,568255,,
138496,138496,138496,Efkan Bekiroğlu,active,138496,138496,138496,,138496
138498,138498,138498,Thijs Oosting,active,138498,138498,138498,,138498
138500,138500,138500,Ferran Jutglà,active,138500,138500,138500,,138500
138510,138510,138510,David Min,active,138510,138510,138510,,138510
138522,138522,138522,Calebe,active,138522,138522,138522,,138522
138525,138525,568258,Marquinhos,active,138525,138525,138525,,
138535,138535,138535,Mattia Compagnon,active,138535,138535,138535,,138535
138542,138542,138542,Luke Thomas,active,138542,138542,138542,,138542
138543,138543,138543,Koba Koindredi,active,138543,138543,138543,,138543
138545,138545,138545,Luis López,active,138545,138545,138545,,138545
138546,138546,138546,Lucas Margueron,active,138546,138546,138546,,138546
138559,138559,138559,Pere García,active,138559,138559,138559,,138559
138560,138560,138560,Georgios Koutsias,active,138560,138560,138560,,138560
138564,138564,138564,Tyron Owusu,active,138564,138564,138564,,138564
138568,138568,138568,Yoann Cathline,active,138568,138568,138568,,138568
138576,138576,138576,Maduka Okoye,active,138576,138576,138576,,138576
138578,138578,138578,Alban Ajdini,active,138578,138578,138578,,138578
138582,60376,60376,Yukhym Konoplya,active,138582,138582,60376,,60376
138591,138591,138591,Nils Reichmuth,active,138591,138591,138591,,138591
138598,138598,138598,Moisés,active,138598,105756590480742,138598,,138598
138599,138599,138599,Kaine Kesler-Hayden,active,138599,138599,138599,,138599
138601,138601,138601,Arthur Theate,active,138601,52849841151337,138601,,138601
138602,138602,568263,Kento Hashimoto,active,138602,53978880679274,138602,,
138620,61213,61213,Feodor Pushkin,active,8527228,8527228,61213,,61213
138628,138628,138628,Lucas Bernadou,active,138628,138628,138628,,138628
138642,138642,138642,Flavio Bianchi,active,138642,138642,138642,,138642
138649,138649,138649,Pierre Dwomoh,active,138649,138649,138649,,138649
138661,138661,568264,Gabriel Silva,active,138661,138661,138661,,
138662,138662,138662,Savinho,active,138662,52887422115238,138662,,138662
138675,138675,138675,Buluthan Bulut,active,138675,138675,138675,,138675
138677,138677,138677,Jean-Philippe Krasso,active,138677,84024757,138677,,138677
138679,138679,138679,Ismaël Boura,active,138679,138679,138679,,138679
138688,138688,138688,Ellis Simms,active,138688,138688,138688,,138688
138699,138699,568265,Raphael Onyedika,active,138699,52895206743499,138699,,
138703,138703,138703,Ilyas Chaira,active,138703,138703,138703,,138703
139210,568267,568267,Henrique da Costa,active,8527818,8527818,568267,,
139211,568277,568277,Zumbi Reis,active,8527819,8527819,568277,,
139212,568281,568281,Darcy Betti,active,8527820,8527820,568281,,
139213,568286,568286,Moyses Trentini,active,8527821,8527821,568286,,
139214,568289,568289,Eliane Vargas,active,8527822,8527822,568289,,
139215,568294,568294,Edmond Andrade,active,8527823,8527823,568294,,
139216,139216,568299,Adalberto Dimas,active,8527824,8527824,139216,,
139217,568311,568311,Martim Beltrão,active,8527825,8527825,568311,,
139218,568313,568313,Xanti Lemos,active,8527826,8527826,568313,,
139219,568318,568318,Aguinalde Hernandes,active,8527827,8527827,568318,,
139220,139220,568320,Bob Olimpio,active,8527828,8527828,139220,,
139221,568325,568325,Wilson Peres,active,8527829,8527829,568325,,
139222,139222,568328,Jom Semler,active,8527830,8527830,139222,,
139223,139223,568331,Wanderlei Pape,active,8527831,8527831,139223,,
139224,139224,568336,Aecio Cortes,active,8527832,8527832,139224,,
139225,139225,568351,Jade Autran,active,8527833,8527833,139225,,
139226,568360,568360,Napoleão Cerveira,active,8527834,8527834,568360,,
139227,139227,568392,Mauricio Oscar,active,8527835,8527835,139227,,
139228,139228,568393,Bruno dos Santos,active,8527836,8527836,139228,,
139229,568396,568396,Marlon Verissimo,active,8527837,8527837,568396,,
139230,139230,568457,Cesarino Benedetti,active,8527838,8527838,139230,,
139231,139231,568459,William Bardi,active,8527839,8527839,139231,,
139232,139232,568469,Adolpho Neves,active,8527840,8527840,139232,,
139625,139625,568480,Go Kambayashi,active,139625,139625,139625,,
139630,139630,568499,Kosei Okazawa,active,139630,139630,139630,,
139632,139632,568516,Kaili Shimbo,active,139632,105763301368176,139632,,
139633,139633,568529,Kento Tachibanada,active,139633,53876069900657,139633,,
139658,139658,139658,Warren Bondo,active,139658,105759006400906,139658,,139658
139667,139667,568532,Motoki Hasegawa,active,139667,53975927890323,139667,,
139668,139668,568552,Masahiro Sekiguchi,active,139668,139668,139668,,
139669,139669,568566,Shinya Nakano,active,139669,139669,139669,,
139672,139672,568570,Ryo Nemoto,active,139672,139672,139672,,
139674,139674,568595,Tsuyoshi Ogashiwa,active,139674,105637136703898,139674,,
139678,568612,568612,Samy Benchamma,active,139678,139678,568612,,
139679,139679,139679,Hugo Ekitiké,active,139679,52887958987167,139679,,139679
139680,139680,139680,Marcos Leonardo,active,139680,139680,139680,,139680
139681,139681,568616,Rildo Filho,active,139681,139681,139681,,
139685,139685,139685,Hugo Gambor,active,139685,139685,139685,,139685
139688,139688,139688,Guus Offerhaus,active,139688,139688,139688,,139688
139693,139693,139693,Couhaib Driouech,active,139693,52894133002669,139693,,139693
139712,139712,568633,Tomoki Tagawa,active,139712,105760885449152,139712,,
139715,139715,568643,Atsuki Ito,active,139715,53945594683843,139715,,
139716,139716,568665,Hidemasa Koda,active,139716,105836315812292,139716,,
139726,139726,568667,Tsubasa Umeki,active,139726,139726,139726,,
139727,139727,139727,Kristijan Jakić,active,139727,139727,139727,,139727
139728,139728,139728,Fisayo Dele-Bashiru,active,139728,139728,139728,,139728
139749,139749,139749,Isaac Schmidt,active,139749,139749,139749,,139749
139761,139761,139761,Henry Lawrence,active,139761,139761,139761,,139761
139779,139779,139779,Max Johnston,active,139779,139779,139779,,139779
139797,139797,568671,Édouard Michut,active,139797,139797,139797,,
139798,139798,568676,Kenny Nagera,active,139798,139798,139798,,
139803,139803,568680,Fabio Saiz,active,139803,139803,139803,,
139804,139804,139804,Lukáš Horníček,active,139804,139804,139804,,139804
139830,139830,139830,Devyne Rensch,active,139830,52782732288566,139830,,139830
139831,139831,139831,Maxime Delanghe,active,139831,139831,139831,,139831
139833,139833,139833,Marco Rente,active,139833,139833,139833,,139833
139835,139835,139835,Emanuel Emegha,active,139835,105861280309819,139835,,139835
139847,139847,139847,Felix Gebhardt,active,139847,139847,139847,,139847
139849,139849,139849,Mihailo Stevanović,active,139849,139849,139849,,139849
139857,568689,568689,Darly N'Landu,active,139857,139857,568689,,
139878,139878,139878,Davy van den Berg,active,139878,139878,139878,,139878
139884,139884,139884,Emil Roback,active,139884,139884,139884,,139884
139889,139889,139889,Casper Tengstedt,active,139889,139889,139889,,139889
139894,139894,139894,Tobias Sommer,active,139894,139894,139894,,139894
139896,139896,139896,Alidu Seidu,active,139896,139896,139896,,139896
139898,139898,139898,Lucas Chevalier,active,139898,52875074085498,139898,,139898
139899,139899,568695,Dani Sánchez,active,139899,139899,139899,,
139908,568701,568701,Jo Phillps,active,8528516,8528516,568701,,
139921,139921,139921,Wilitty Younoussa,active,139921,139921,139921,,139921
139924,139924,139924,Ricardo Velho,active,139924,139924,139924,,139924
139930,139930,139930,Fotis Ioannidis,active,139930,105839268602522,139930,,139930
139934,139934,139934,Adrien Truffert,active,139934,52883932455582,139934,,139934
139935,139935,139935,Flavius Daniliuc,active,139935,139935,139935,,139935
139939,139939,139939,Million Manhoef,active,139939,139939,139939,,139939
139951,139951,568703,Masaki Yumiba,active,139951,105654316573359,139951,,
139956,139956,139956,Mees Hilgers,active,139956,105803617018548,139956,,139956
139957,139957,139957,Jayden Oosterwolde,active,139957,53982370341557,139957,,139957
139960,139960,139960,Daan Rots,active,139960,139960,139960,,139960
139962,139962,139962,Wilfried Gnonto,active,139962,105635257655994,139962,,139962
139965,139965,139965,Ismaël Doukouré,active,139965,52883395584701,139965,,139965
139969,139969,139969,İsmail Yüksek,active,139969,53979417551553,139969,,139969
139996,139996,139996,Jasper Dahlhaus,active,139996,139996,139996,,139996
140000,140000,140000,Johann Lepenant,active,140000,105836584248032,140000,,140000
140010,140010,140010,Pep Chavarría,active,140010,140010,140010,,140010
140014,140014,140014,Ivo Grbić,active,140014,140014,140014,,140014
140016,140016,140016,Eliot Matazo,active,140016,140016,140016,,140016
140031,140031,140031,Jaouen Hadjam,active,140031,140031,140031,,140031
140032,140032,140032,Ousmane Camara,active,140032,140032,140032,,140032
140038,140038,140038,Sékou Mara,active,140038,140038,140038,,140038
140039,140039,140039,Brandon Soppy,active,140039,140039,140039,,140039
140041,140041,140041,Yassine Benhattab,active,140041,140041,140041,,140041
140042,140042,140042,Alfie Devine,active,140042,140042,140042,,140042
140051,140051,140051,Piero Hincapié,active,140051,52883127149331,140051,,140051
140059,140059,568711,Harvey Vale,active,140059,140059,140059,,
140063,140063,140063,Felipe Chamorro,active,140063,140063,140063,,140063
140066,568715,568715,Isaak Touré,active,140066,105716056728354,568715,,
140068,140068,140068,Rémy Vita,active,140068,140068,140068,,140068
140072,140072,140072,Mohamed Ali Cho,active,140072,105633915478824,140072,,140072
140079,140079,140079,Fodé Doucouré,active,140079,140079,140079,,140079
140084,140084,140084,Saïdou Sow,active,140084,140084,140084,,140084
140085,140085,140085,Neraysho Kasanwirjo,active,140085,140085,140085,,140085
140087,140087,140087,Enric Llansana,active,140087,140087,140087,,140087
140088,140088,140088,Youri Regeer,active,140088,140088,140088,,140088
140091,140091,140091,Edin Omeragić,active,140091,140091,140091,,140091
140095,140095,140095,Tyrhys Dolan,active,140095,140095,140095,,140095
140098,140098,140098,Emre Bilgin,active,140098,140098,140098,,140098
140118,140118,568720,Taiki Amagasa,active,140118,140118,140118,,
140119,140119,568722,Taiyo Nishino,active,140119,140119,140119,,
140128,140128,568739,Riku Morioka,active,140128,140128,140128,,
140147,140147,140147,Víctor Meseguer,active,140147,140147,140147,,140147
140157,140157,140157,Nicolás Meza,active,140157,140157,140157,,140157
140170,140170,140170,Ivor Pandur,active,140170,140170,140170,,140170
140176,140176,140176,Daniel Boloca,active,140176,140176,140176,,140176
140183,140183,140183,Fabián Ángel,active,140183,140183,140183,,140183
140191,140191,140191,Jorge Benguché,active,140191,140191,140191,,140191
140196,140196,140196,Viktor Johansson,active,140196,140196,140196,,140196
140200,140200,568782,Danilo,active,140200,105649216299944,140200,,
140203,140203,140203,Nelson Abbey,active,140203,140203,140203,,140203
140207,140207,140207,Eduardo Mancha,active,140207,16917423,140207,,140207
140214,140214,140214,Félix Correia,active,140214,105826383700918,140214,,140214
140221,140221,140221,Daniel Barden,active,140221,140221,140221,,140221
140223,140223,140223,Andrew Omobamidele,active,140223,140223,140223,,140223
140228,140228,140228,Ahmetcan Kaplan,active,140228,140228,140228,,140228
140230,140230,140230,Kerem Aktürkoğlu,active,140230,52875879392198,140230,,140230
140260,47759,47759,Anthony Elanga,active,140260,52880711230436,47759,,47759
140281,140281,140281,Zeidane Inoussa,active,140281,140281,140281,,140281
140284,140284,140284,Arsen Zakharyan,active,140284,140284,140284,,140284
140286,140286,140286,Pietro Boer,active,140286,140286,140286,,140286
140301,140301,140301,Lirim Qamili,active,140301,140301,140301,,140301
140302,140302,140302,Renzo Giampaoli,active,140302,140302,140302,,140302
140303,140303,140303,Agustín Sández,active,140303,140303,140303,,140303
140305,132587,132587,Ezequiel Fernández,active,140305,105824773088273,132587,,132587
140306,140306,140306,Cristian Medina,active,140306,140306,140306,,140306
140307,140307,140307,Alan Varela,active,140307,105764375110675,140307,,140307
140308,140308,140308,Exequiel Zeballos,active,140308,140308,140308,,140308
140317,140317,140317,Michael Svoboda,active,140317,140317,140317,,140317
140318,140318,140318,Bjarki Bjarkason,active,140318,140318,140318,,140318
140319,140319,140319,Edoardo Iannoni,active,140319,140319,140319,,140319
140332,140332,140332,Yunus Musah,active,140332,105649753170988,140332,,140332
140333,140333,140333,Gabri Veiga,active,140333,52787295691821,140333,,140333
140334,140334,140334,Miguel Rodríguez,active,140334,140334,140334,,140334
140335,568785,568785,Francho Serrano,active,140335,140335,568785,,
140336,140336,140336,Pablo Ortiz,active,140336,140336,140336,,140336
140343,140343,140343,Pablo García,active,140343,140343,140343,,140343
140352,140352,140352,Alberto Moleiro,active,140352,52891985519680,140352,,140352
140364,140364,140364,Jorge Herrando,active,140364,140364,140364,,140364
140366,140366,140366,Bandiougou Fadiga,active,140366,140366,140366,,140366
140367,140367,140367,Rubén Pulido,active,140367,140367,140367,,140367
140382,140382,140382,Aaron Astudillo,active,140382,140382,140382,,140382
140384,568792,568792,Martín Ballesteros,active,140384,140384,568792,,
140386,140386,140386,Rodrigo Sandoval,active,140386,140386,140386,,140386
140396,140396,568804,Matheus Moraes,active,140396,140396,140396,,
140401,140401,568815,Renan,active,16917617,16917617,140401,,
140403,140403,568817,Gustavo Garcia,active,140403,140403,140403,,
140408,540724,540724,Giovani,active,16917624,16917624,540724,,540724
140427,140427,140427,Miguel Monsalve,active,140427,140427,140427,,140427
140431,140431,140431,Ilias Koutsoupias,active,140431,140431,140431,,140431
140440,140440,140440,Ángel Fortuño,active,140440,140440,140440,,140440
140441,140441,140441,A. Duville-Parsemain,active,140441,140441,140441,,140441
140448,140448,140448,Kristian Arnstad,active,140448,140448,140448,,140448
140473,140473,140473,Matías Godoy,active,140473,140473,140473,,140473
140474,140474,140474,Lukas Watkowiak,active,140474,140474,140474,,140474
140487,140487,140487,Nico Maier,active,140487,140487,140487,,140487
140519,568838,568838,Chatmongkol R.,active,140519,140519,568838,,
140524,140524,140524,Jaidon Anthony,active,140524,140524,140524,,140524
140529,140529,140529,Gonzalo Errecalde,active,140529,140529,140529,,140529
140534,140534,140534,José Salinas,active,140534,140534,140534,,140534
140537,140537,140537,Riccardo Ciervo,active,140537,140537,140537,,140537
140540,140540,140540,Nicola Zalewski,active,140540,52885811504380,140540,,140540
140543,140543,140543,Alessio Brambilla,active,140543,140543,140543,,140543
140554,140554,140554,Jackson Muleka,active,140554,53962506118410,140554,,140554
140556,140556,140556,Emanuele Valeri,active,140556,140556,140556,,140556
140565,140565,140565,Destiny Udogie,active,140565,52875610957077,140565,,140565
140570,140570,140570,Charlie Cresswell,active,140570,140570,140570,,140570
140573,140573,140573,Sergio Arribas,active,140573,140573,140573,,140573
140578,140578,568842,Allan Godói,active,140578,140578,140578,,
140583,568848,568848,Enzo Boyomo,active,140583,140583,568848,,
140585,568850,568850,Urko González de Z.,active,140585,140585,568850,,
140591,140591,140591,Mees de Wit,active,140591,140591,140591,,140591
140600,140600,140600,Juan Gutiérrez,active,140600,140600,140600,,140600
140601,140601,140601,Cristian Olivera,active,140601,105745584629049,140601,,140601
140607,140607,568853,Lucas Barbosa,active,140607,53983980954943,140607,,
140617,568876,568876,Jhosefer Prestes,active,8529225,55069533939017,568876,,
140621,132916,132916,Pedro Lima,active,140621,140621,132916,,132916
140624,140624,568889,Fabinho,active,140624,140624,140624,,
140628,568896,568896,Phuwadol P.,active,140628,140628,568896,,
140637,140637,140637,Raphael Radtke,active,140637,140637,140637,,140637
140649,140649,140649,Pape Matar Sarr,active,140649,105718741083497,140649,,140649
140650,140650,140650,Korrakot Pipatnadda,active,140650,140650,140650,,140650
140655,140655,140655,Luíz Júnior,active,140655,140655,140655,,140655
140657,140657,140657,Alexandre Penetra,active,140657,140657,140657,,140657
140660,140660,140660,Rodrigo Herrera,active,140660,140660,140660,,140660
140670,140670,568902,Maximiliano Zalazar,active,140670,140670,140670,,
140674,140674,140674,Erdem Canpolat,active,140674,140674,140674,,140674
140701,140701,140701,Zito Luvumbo,active,140701,140701,140701,,140701
140702,140702,140702,Fábio Carvalho,active,140702,140702,140702,,140702
140703,140703,140703,Matteo Ruggeri,active,140703,52896280487327,140703,,140703
140711,568905,568905,Jacob Trenskow,active,140711,140711,568905,,
140712,140712,140712,Matisse Samoise,active,140712,140712,140712,,140712
140716,140716,140716,Emmanuel Longelo,active,140716,140716,140716,,140716
140725,140725,140725,Mads Enggård,active,140725,140725,140725,,140725
140736,140736,140736,João Silva,active,140736,140736,140736,,140736
140737,140737,140737,Fabiano Parisi,active,140737,52846888363457,140737,,140737
140738,140738,140738,Andrea Cambiaso,active,140738,52876684699074,140738,,140738
140739,140739,140739,Otávio,active,140739,52853867685315,140739,,140739
140742,140742,140742,Egor Prutsev,active,140742,140742,140742,,140742
140748,140748,140748,Kaique,active,140748,140748,140748,,140748
140756,140756,140756,Théo Leoni,active,140756,140756,140756,,140756
140760,140760,140760,Liam Delap,active,140760,55068460197336,140760,,140760
140761,140761,140761,Abdallah Sima,active,140761,52875074086361,140761,,140761
140768,140768,140768,Rhys Williams,active,140768,140768,140768,,140768
140770,140770,140770,Thomas Kristensen,active,140770,140770,140770,,140770
140772,140772,140772,Yáser Asprilla,active,140772,140772,140772,,140772
140778,140778,140778,Sodai Hasukawa,active,140778,105825578395114,140778,,140778
140779,140779,568907,Daiki Fukazawa,active,140779,53977270068715,140779,,
140781,140781,568908,Ryoga Sato,active,140781,53944789378541,140781,,
140786,140786,568910,Hidehiro Sugai,active,140786,53975927891442,140786,,
140787,140787,568922,Kodai Nagata,active,140787,140787,140787,,
140789,140789,140789,Chadi Riad,active,140789,140789,140789,,140789
140800,140800,568924,Yota Sato,active,140800,53975122585088,140800,,
140801,140801,568925,Keigo Tsunemoto,active,140801,105815377847809,140801,,
140806,140806,140806,Joël Monteiro,active,140806,140806,140806,,140806
140815,140815,140815,Fernando Román,active,140815,140815,140815,,140815
140816,140816,140816,Elliot Anderson,active,140816,56164750599696,140816,,140816
140819,140819,140819,Jens Petter Hauge,active,140819,140819,140819,140819,140819
140837,140837,140837,Víctor Chust,active,140837,140837,140837,,140837
140839,140839,140839,Enzo Martínez,active,140839,140839,140839,,140839
140842,140842,140842,Emmanuel Agbadou,active,140842,84026922,140842,,140842
140846,140846,140846,Rodrigo Gomes,active,140846,105811082880558,140846,,140846
140851,140851,140851,Femi Azeez,active,140851,140851,140851,,140851
140862,140862,140862,Heorhii Sudakov,active,140862,105856448472638,140862,,140862
140865,140865,140865,Vitaly Janelt,active,140865,105839537038913,140865,,140865
140868,140868,140868,Facundo Pellistri,active,140868,105690823796292,140868,,140868
140870,47652,47652,Benoît Aimée,active,8529478,52848767411782,47652,,47652
140874,140874,140874,Juan Sforza,active,140874,140874,140874,,140874
140875,140875,140875,Brian Aguirre,active,140875,140875,140875,,140875
140876,568931,568931,Valentin Mihăilă,active,140876,140876,568931,,
140880,140880,140880,Tomáš Chorý,active,140880,140880,140880,,140880
140885,140885,140885,Pablo Calderón,active,140885,140885,140885,,140885
140887,140887,140887,Nicolás Aedo,active,140887,140887,140887,,140887
140895,140895,140895,Daniel Finlayson,active,140895,140895,140895,,140895
140896,140896,140896,Ibrahim Diabaté,active,140896,140896,140896,,140896
140908,140908,140908,Dion Lopy,active,140908,140908,140908,,140908
140926,140926,568942,Ryotaro Tsunoda,active,140926,53879022691966,140926,,
140928,140928,140928,John Björkengren,active,140928,140928,140928,,140928
140936,140936,140936,Arnau Martínez,active,140936,52876416263816,140936,,140936
140940,140940,140940,Malo Gusto,active,140940,52895743616652,140940,,140940
140941,101369,101369,Agassi Zare,active,8529549,8529549,101369,,101369
140947,140947,568947,Keito Arita,active,140947,140947,140947,,
140952,140952,140952,Edoardo Bove,active,140952,105662906508952,140952,,140952
140959,140959,140959,Niccolò Squizzato,active,140959,140959,140959,,140959
140961,140961,140961,Nicholas Bonfanti,active,140961,140961,140961,,140961
140962,140962,140962,Franco Carboni,active,140962,140962,140962,,140962
140963,140963,140963,Gaetano Oristanio,active,140963,140963,140963,,140963
140964,140964,140964,Martín Satriano,active,140964,140964,140964,,140964
140973,140973,140973,Justin Devenny,active,140973,140973,140973,,140973
140987,140987,140987,Matteo Cancellieri,active,140987,105818062202555,140987,,140987
141001,141001,141001,Lucas Cañizares,active,141001,141001,141001,,141001
141008,141008,141008,Yéremy Pino,active,141008,105636062963408,141008,,141008
141013,141013,141013,Kristjan Asllani,active,141013,53982907213525,141013,,141013
141028,141028,141028,Yusuf Özdemir,active,141028,141028,141028,,141028
141038,141038,141038,Joan García,active,141038,52892790826734,141038,,141038
141053,141053,141053,Armin Gigović,active,141053,141053,141053,,141053
141056,141056,141056,Alexandru Borbei,active,141056,141056,141056,,141056
141060,141060,141060,Fabian Rieder,active,141060,105639821059844,141060,,141060
141075,141075,568949,Thiago Andrade,active,141075,105814572541715,141075,,
141077,141077,568950,Marcelo Ryan,active,141077,105784507770645,141077,,
141083,141083,141083,Ewil Murillo,active,141083,141083,141083,,141083
141098,141098,141098,Ayrton Costa,active,141098,141098,141098,,141098
141112,141112,141112,Kevin Lomónaco,active,141112,141112,141112,,141112
141120,141120,141120,Lucas Besozzi,active,141120,141120,141120,,141120
141124,141124,141124,Lucas Varaldo,active,141124,141124,141124,,141124
141127,43792,43792,Rouslan Ovchinnikov,active,8529735,8529735,43792,,43792
141132,141132,141132,Ange-Yoan Bonny,active,141132,52889838036812,141132,,141132
141133,141133,141133,Owen Jochmans,active,141133,141133,141133,,141133
141143,141143,141143,Carlos Lucumí,active,141143,141143,141143,,141143
141144,141144,141144,Lucas Esquivel,active,141144,141144,141144,,141144
141145,141145,141145,Juan Portillo,active,141145,141145,141145,,141145
141148,141148,141148,Kevin Zenón,active,141148,141148,141148,,141148
141167,568952,568952,Faiq Bolkiah,active,141167,141167,568952,,
141171,141171,568955,Ângelo,active,16918387,16918387,141171,,
141177,141177,568957,Luigi Caccavo,active,141177,141177,141177,,
141182,141182,141182,Jorge Bermúdez,active,141182,141182,141182,,141182
141188,141188,141188,Tijs Velthuis,active,141188,141188,141188,,141188
141190,46906,46906,Gany Chizhov,active,8529798,8529798,46906,,46906
141201,141201,568964,MT,active,141201,141201,141201,,
141205,141205,141205,Lautaro Amade,active,141205,141205,141205,,141205
141217,141217,141217,Adam Gabriel,active,141217,141217,141217,,141217
141218,141218,141218,Martin Vitík,active,141218,141218,141218,,141218
141221,141221,141221,Rasmus Højlund,active,141221,55069802375077,141221,,141221
141242,141242,568965,Ikki Kawasaki,active,141242,141242,141242,,
141244,141244,568967,Masahiro Sugata,active,141244,141244,141244,,
141246,141246,568972,So Kawahara,active,141246,53945594685374,141246,,
141249,141249,568973,Toshiki Takahashi,active,141249,105810277574593,141249,,
141250,141250,568974,Kaito Taniguchi,active,141250,53969753876418,141250,,
141253,141253,568975,Taiki Arai,active,141253,106751143847877,141253,,
141278,141278,568976,Akiyuki Yokoyama,active,141278,141278,141278,,
141305,141305,141305,Yudai Tanaka,active,141305,141305,141305,,141305
141312,141312,568977,Koya Handa,active,141312,141312,141312,,
141321,141321,141321,Naoki Kanuma,active,141321,141321,141321,,141321
141324,141324,568982,Hiroya Sueki,active,141324,141324,141324,,
141326,141326,568986,Ten Miyagi,active,141326,141326,141326,,
141331,141331,568990,Wataru Harada,active,141331,105767059466259,141331,,
141333,141333,568994,Ryoya Iizumi,active,141333,141333,141333,,
141336,141336,568997,Sho Fukuda,active,141336,53974048843800,141336,,
141346,141346,141346,Manuel Panaro,active,141346,141346,141346,,141346
141350,141350,141350,Lautaro Blanco,active,141350,141350,141350,,141350
141352,141352,141352,Gino Infantino,active,141352,141352,141352,,141352
141367,141367,141367,Martin Turk,active,141367,141367,141367,,141367
141370,141370,569009,José Gómez,active,141370,141370,141370,,
141386,141386,141386,Facundo Sanguinetti,active,141386,141386,141386,,141386
141398,141398,141398,Eric Meza,active,141398,141398,141398,,141398
141420,141420,141420,Kevin Castaño,active,141420,105785849948268,141420,,141420
141421,569010,569010,Filip Jörgensen,active,141421,52867826329709,569010,,
141424,141424,141424,Gastón Benedetti,active,141424,141424,141424,,141424
141440,141440,141440,Tommaso Baldanzi,active,141440,105663980251264,141440,,141440
141454,141454,141454,Marcelo Morales,active,141454,141454,141454,,141454
141457,141457,141457,Jamie Smith,active,141457,141457,141457,,141457
141467,141467,141467,Mathias Kjølø,active,141467,141467,141467,,141467
141468,141468,141468,Ismael Saibari,active,141468,52890643343516,141468,,141468
141470,141470,141470,Koni De Winter,active,141470,105803835123870,141470,,141470
141471,141471,141471,A. Pio Riccio,active,141471,141471,141471,,141471
141475,141475,141475,Lesley Ugochukwu,active,141475,141475,141475,,141475
141476,141476,141476,Marvin Senaya,active,141476,141476,141476,,141476
141478,141478,141478,Samuel Soares,active,141478,141478,141478,,141478
141479,141479,141479,James Trafford,active,141479,141479,141479,,141479
141484,141484,141484,Marco Di Césare,active,141484,141484,141484,,141484
141487,141487,141487,Erison,active,141487,53967606393007,141487,,141487
141492,141492,141492,Giorgio Scalvini,active,141492,52896548923572,141492,,141492
141503,141503,141503,Hugo Siquet,active,141503,141503,141503,,141503
141510,141510,141510,Rafael Romero,active,141510,141510,141510,,141510
141511,141511,141511,Sergio Barcia,active,141511,141511,141511,,141511
141523,141523,141523,Gonzalo Abrego,active,141523,141523,141523,,141523
141530,141530,141530,Radu Drăgușin,active,141530,105719814826202,141530,,141530
141535,141535,141535,Isak Jensen,active,141535,141535,141535,,141535
141538,141538,141538,Tomáš Rigo,active,141538,141538,141538,,141538
141539,141539,141539,Matěj Jurásek,active,141539,141539,141539,,141539
141540,141540,141540,Denis Višinský,active,141540,141540,141540,,141540
141546,141546,141546,Armel Zohouri,active,141546,141546,141546,,141546
141547,141547,141547,Alvyn Sanches,active,141547,141547,141547,,141547
141555,141555,141555,Ramón Terrats,active,141555,141555,141555,,141555
141558,141558,569013,Masaya Shibayama,active,141558,53978880682230,141558,,
141559,569014,569014,Facundo Mansilla,active,141559,141559,569014,,
141562,141562,141562,Ignacio Miramón,active,141562,141562,141562,,141562
141568,141568,141568,Filip Bundgaard,active,141568,141568,141568,,141568
141569,141569,141569,Saúl Coco,active,141569,55068997069057,141569,,141569
141578,141578,141578,Arda Güler,active,141578,52888495859978,141578,,141578
141579,141579,141579,Suleiman Camara,active,141579,141579,141579,,141579
141603,141603,141603,Oliver Cooper,active,141603,141603,141603,,141603
141611,569015,569015,Bruno Gutiérrez,active,141611,141611,569015,,
141615,141615,141615,Óscar Aranda,active,141615,141615,141615,,141615
141619,108813,108813,Vanderson,active,141619,52872658168115,108813,,108813
141629,141629,569017,Léo Linck,active,141629,141629,141629,,
141636,141636,141636,Omar El Hilali,active,141636,105785044642116,141636,,141636
141641,141641,141641,Paulo Bernardo,active,141641,141641,141641,,141641
141642,141642,141642,Tiago Araújo,active,141642,141642,141642,,141642
141649,141649,141649,Mateo Pellegrino,active,141649,105805982607697,141649,,141649
141652,141652,141652,Max Bruns,active,141652,141652,141652,,141652
141662,141662,141662,Milan Vukotić,active,141662,141662,141662,,141662
141688,141688,141688,Simone Panada,active,141688,141688,141688,,141688
141710,569024,569024,Iker Recio,active,141710,141710,569024,,
141715,141715,141715,Carlos Álvarez,active,141715,141715,141715,,141715
141716,141716,141716,Beñat Turrientes,active,141716,52899233278356,141716,,141716
141733,141733,141733,Gioele Zacchi,active,141733,141733,141733,,141733
141742,569031,569031,Matthew Hoppe,active,141742,141742,569031,,
141748,141748,141748,Franco Israel,active,141748,141748,141748,,141748
141749,141749,141749,John Patrick,active,141749,141749,141749,,141749
141787,141787,141787,Emir Ortakaya,active,141787,141787,141787,,141787
141791,141791,141791,Marko Stamenic,active,141791,105856448473567,141791,,141791
141830,141830,141830,Jakub Stolarczyk,active,141830,141830,141830,,141830
141831,141831,141831,Ben Nelson,active,141831,141831,141831,,141831
141833,141833,141833,Luis Carbonell,active,141833,141833,141833,,141833
141834,141834,141834,Sam Bell,active,141834,141834,141834,,141834
141838,141838,141838,Iván Romero,active,141838,141838,141838,,141838
141840,569044,569044,Elye Wahi,active,141840,52847156800016,569044,,
141843,141843,569050,Emil Iotti,active,8530451,8530451,141843,,
141845,141845,569064,Rubens,active,141845,141845,141845,,
141864,141864,569079,Raniele,active,141864,53962237684264,141864,,
141867,141867,569082,Rio Omori,active,141867,105843295136299,141867,,
141870,134953,134953,Flaco López,active,141870,52887153682990,134953,,134953
141882,141882,141882,G. Konstantelias,active,141882,52882858715706,141882,,141882
141885,659355,659355,Vítinha,active,141885,141885,659355,,659355
141889,141889,141889,Samed Onur,active,141889,141889,141889,,141889
141892,141892,141892,Peer Koopmeiners,active,141892,141892,141892,,141892
141896,141896,141896,Ezequiel Cannavo,active,141896,141896,141896,,141896
141911,141911,141911,Martin Baturina,active,141911,56162334681687,141911,,141911
141917,141917,141917,John Donald,active,141917,141917,141917,,141917
141932,141932,141932,Jesús Vázquez,active,141932,141932,141932,,141932
141943,141943,141943,Unai Marrero,active,141943,52900575455863,141943,,141943
141945,141945,141945,Damián,active,141945,141945,141945,,141945
141954,141954,141954,Adilson Malanda,active,141954,105623178062466,141954,,141954
141955,141955,141955,Loris Mouyokolo,active,141955,141955,141955,,141955
141956,141956,141956,Fredrik Oppegård,active,141956,141956,141956,,141956
141962,141962,141962,Daijiro Chirino,active,141962,141962,141962,,141962
141963,141963,141963,Bartuğ Elmaz,active,141963,141963,141963,,141963
141978,141978,569089,Ayrton Portillo,active,141978,141978,141978,,
141991,141991,141991,Joaquín Gho,active,141991,141991,141991,,141991
141995,141995,569102,Rodrigo Odriozola,active,141995,141995,141995,,
142004,142004,569108,Alejandro Azócar,active,142004,142004,142004,,
142007,142007,569110,Gabriel Leite,active,142007,142007,142007,,
142061,39765,39765,Gregor Kobel,active,142061,56163945294573,39765,,39765
142063,43257,43257,Waldemar Anton,active,142063,142063,43257,,43257
142068,142068,569116,Naouirou Ahamada,active,142068,142068,142068,,
142078,142078,569117,Saša Kalajdžić,active,142078,105630694255358,142078,,
142080,125257,125257,Marin Pongračić,active,142080,142080,125257,,125257
142088,45671,45671,Omar Marmoush,active,142088,52881516538632,45671,,45671
142089,125449,125449,Stefan Ortega,active,142089,142089,125449,,125449
142110,142110,569118,László Bénes,active,142110,142110,142110,,
142119,142119,569128,Alexander Hack,active,142119,142119,142119,,
142121,45131,45131,Philipp Mwene,active,142121,142121,45131,,45131
142128,142128,569131,Mark Flekken,active,142128,52894133005104,142128,,
142138,142138,569132,Carlo Boukhalfa,active,142138,142138,142138,,
142146,142146,569137,Kevin Schade,active,142146,52877758442306,142146,,
142147,43874,43874,Oliver Baumann,active,142147,142147,43874,,43874
142159,135383,135383,Maximilian Beier,active,142159,52901112326991,135383,,135383
142165,142165,569139,Felix Uduokhai,active,142165,53971364490069,142165,,
142175,59464,59464,Márton Dárdai,active,142175,142175,59464,,59464
142178,142178,569143,Luca Netz,active,142178,142178,142178,,
142179,142179,569144,Yusha Najm,active,8530787,8530787,142179,,
142182,540739,540739,Javairô Dilrosun,active,16919398,53877680515942,540739,,540739
142193,142193,569145,Mateu Morey,active,142193,142193,142193,,
142196,142196,569150,Giovanni Reyna,active,142196,142196,142196,,
142198,142198,569178,Youssoufa Moukoko,active,142198,105567075052406,142198,,
142204,44907,44907,Ilia Gruev,active,142204,142204,44907,,44907
142208,45413,45413,Romano Schmid,active,142208,56162334681984,45413,,45413
142212,135500,135500,Nick Woltemade,active,142212,52891448650628,135500,,135500
142215,124734,124734,Lazar Samardžić,active,142215,52895475182471,124734,,124734
142217,142217,569195,Hugo Novoa,active,142217,142217,142217,,
142220,142220,569200,Sava Čestić,active,142220,142220,142220,,
142222,120315,120315,Ismail Jakobs,active,142222,53982638779278,120315,,120315
142226,142226,569228,Salih Özcan,active,142226,142226,142226,,
142230,135954,135954,Tolu Arokodare,active,142230,142230,135954,,135954
142236,40713,40713,Julian Ryerson,active,142236,52882858716060,40713,,40713
142237,43400,43400,Nico Schlotterbeck,active,142237,52894133005213,43400,,43400
142238,37260,37260,Robert Andrich,active,142238,52892522392478,37260,,37260
142252,142252,569229,Kaide Gordon,active,142252,142252,142252,,
142256,142256,142256,Joaquín Pombo,active,142256,142256,142256,,142256
142261,142261,142261,Nico Williams,active,142261,56168240262069,142261,,142261
142264,142264,142264,Haitam Abaida,active,142264,142264,142264,,142264
142265,142265,142265,Théo De Percin,active,142265,142265,142265,,142265
142272,142272,142272,Daniel Ruiz,active,142272,142272,142272,,142272
142304,142304,142304,Alex Gilbert,active,142304,142304,142304,,142304
142310,142310,142310,Florent Da Silva,active,142310,142310,142310,,142310
142314,142314,142314,Franco Frías,active,142314,142314,142314,,142314
142315,142315,142315,Ezequiel Godoy,active,142315,142315,142315,,142315
142321,142321,142321,Daan Dierckx,active,142321,142321,142321,,142321
142326,142326,569234,Dylan Williams,active,142326,142326,142326,,
142333,142333,142333,Liam Thompson,active,142333,142333,142333,,142333
142336,142336,569238,Festy Ebosele,active,142336,105798197980160,142336,,
142338,142338,142338,B. Barros Schelotto,active,142338,142338,142338,,142338
142347,142347,142347,Carlos Domínguez,active,142347,142347,142347,,142347
142352,142352,142352,Reda Khadra,active,142352,142352,142352,,142352
142353,142353,142353,Jakub Moder,active,142353,142353,142353,,142353
142359,142359,142359,Rubén Manjarrés,active,142359,142359,142359,,142359
142364,142364,142364,Magrão,active,142364,142364,142364,,142364
142370,142370,142370,Mateo Rodas,active,142370,142370,142370,,142370
142380,142380,142380,Aldair Gutiérrez,active,142380,142380,142380,,142380
142395,142395,142395,Syb van Ottele,active,142395,142395,142395,,142395
142400,142400,142400,Boontawee Theppawong,active,142400,142400,142400,,142400
142402,142402,142402,Mario Stroeykens,active,142402,105726525713474,142402,,142402
142410,142410,142410,Manuel Ugarte,active,142410,105623446498378,142410,,142410
142418,125254,125254,Oliwier Zych,active,142418,142418,125254,,125254
142423,142423,142423,Ben Chrisene,active,142423,142423,142423,,142423
142432,142432,142432,Lamare Bogarde,active,142432,105811082882144,142432,,142432
142435,142435,142435,Alex Valera,active,142435,142435,142435,,142435
142460,136094,136094,Gabriel Słonina,active,142460,142460,136094,,136094
142462,142462,569241,Miguel Navarro,active,142462,142462,142462,,
142470,136413,136413,Brian Gutiérrez,active,142470,142470,136413,,136413
142479,108838,108838,Julio Cascante,active,142479,142479,108838,,108838
142481,540299,540299,Adele Vernon,active,8531089,142481,540299,,540299
142507,142507,569244,Cristian Cásseres,active,142507,142507,142507,,
142519,142519,569253,Michael Barrios,active,142519,142519,142519,,
142524,142524,569263,Tanner Tessmann,active,142524,105805982608572,142524,,
142526,107066,107066,Ricardo Pepi,active,142526,52850378026174,107066,,107066
142539,142539,142539,Daryl Dike,active,142539,142539,142539,,142539
142547,60938,60938,Nouhou Tolo,active,142547,142547,60938,,60938
142564,142564,569264,Sebastian Berhalter,active,142564,142564,142564,,
142568,142568,569265,Aidan Morris,active,142568,142568,142568,,
142577,142577,569275,Gianluca Busio,active,142577,142577,142577,,
142610,136820,136820,Efraín Álvarez,active,142610,142610,136820,,136820
142612,142612,569279,Carlos Harvey,active,142612,142612,142612,,
142613,137994,137994,Jonathan Pérez,active,142613,142613,137994,,137994
142619,142619,569300,Matt Turner,active,142619,142619,142619,,
142627,142627,569311,Tajon Buchanan,active,142627,52888227425571,142627,,
142635,142635,569316,Adam Buksa,active,142635,142635,142635,,
142647,126758,126758,Auston Trusty,active,142647,142647,126758,,126758
142656,142656,569329,Matt Freese,active,142656,142656,142656,,
142662,142662,142662,Mark McKenzie,active,142662,142662,142662,,142662
142664,142664,569334,Kai Wagner,active,142664,53876338339144,142664,,
142665,108745,108745,Brenden Aaronson,active,142665,105576201858377,108745,,108745
142669,142669,569335,José Andrés Martínez,active,142669,142669,142669,,
142708,138039,138039,Luis Barraza,active,142708,142708,138039,,138039
142712,142712,569339,Tayvon Gray,active,142712,142712,142712,,
142714,142714,569343,Joe Scally,active,142714,142714,142714,,
142715,142715,569345,Nicolás Acevedo,active,142715,105796855803259,142715,,
142724,142724,142724,Tomás Ángel,active,142724,142724,142724,,142724
142736,142736,142736,Jarne Steuckers,active,142736,105748000550288,142736,,142736
142738,142738,142738,Dannovi Quiñonez,active,142738,142738,142738,,142738
142741,142741,569349,Kaito Ioka,active,142741,142741,142741,,
142742,142742,569353,Chihiro Kato,active,142742,53981296602518,142742,,
142759,142759,142759,Riccardo Capellini,active,142759,142759,142759,,142759
142760,142760,142760,Lucas Freitas,active,142760,53978343812520,142760,,142760
142762,142762,142762,Cisse Sandra,active,142762,142762,142762,,142762
142763,142763,142763,Francisco Conceição,active,142763,52892790828459,142763,,142763
142764,142764,142764,Allan Tchaptchet,active,142764,142764,142764,,142764
142768,142768,569359,Yudai Fujiwara,active,142768,105651632221616,142768,,
142769,142769,569364,Naoki Hayashi,active,142769,53975122587057,142769,,
142782,142782,142782,Attila Szalai,active,142782,142782,142782,,142782
142784,142784,142784,Sorba Thomas,active,142784,142784,142784,,142784
142785,142785,142785,Leo Hjelde,active,142785,142785,142785,,142785
142805,142805,569366,Ruan Carneiro,active,142805,142805,142805,,
142827,142827,569367,Dominik Greif,active,142827,52900307021291,142827,,
142828,142828,142828,Morten Hjulmand,active,142828,52896280489452,142828,,142828
142838,627552,627552,Gustavo,active,142838,142838,627552,,627552
142845,142845,569370,Oladapo Afolayan,active,142845,142845,142845,,
142846,142846,142846,Iliman Ndiaye,active,142846,105823246364158,142846,,142846
142849,142849,142849,Antonio Blanco,active,142849,142849,142849,,142849
142850,142850,142850,Baila Diallo,active,142850,142850,142850,,142850
142867,142867,142867,Aliou Baldé,active,142867,142867,142867,,142867
142870,142870,142870,Noah Ohio,active,142870,142870,142870,,142870
142871,142871,142871,Thierry Small,active,142871,142871,142871,,142871
142875,142875,569373,Tomoki Hayakawa,active,142875,53945057816091,142875,,
142876,142876,569377,Yu Funabashi,active,142876,105767059467804,142876,,
142878,142878,142878,Kaly Sène,active,142878,142878,142878,,142878
142881,142881,142881,Mamadou Camara,active,142881,142881,142881,,142881
142883,142883,142883,Alexis Lefebvre,active,142883,142883,142883,,142883
142917,142917,569378,Christian Makoun,active,142917,142917,142917,,
142944,100425,100425,Stanislav Ivanov,active,142944,142944,100425,,100425
142973,106635,106635,Joseph Mora,active,142973,142973,106635,,106635
142980,142980,569380,Kevin Paredes,active,142980,142980,142980,,
142986,142986,569383,George Campbell,active,142986,142986,142986,,
142989,142989,569387,Miles Robinson,active,142989,142989,142989,,
143015,143015,569392,Nathan Saliba,active,143015,56162603118247,143015,,
143025,138149,138149,Dayne St. Clair,active,143025,143025,138149,,138149
143064,540300,540300,Domingo Quadreny,active,8531672,143064,540300,,540300
143066,143066,569394,José Cifuentes,active,143066,143066,143066,,
143071,143071,143071,Brian Rodríguez,active,143071,53945326251743,143071,,143071
143089,124626,124626,Alistair Johnston,active,143089,143089,124626,,124626
143098,143098,569399,Felipinho,active,143098,143098,143098,,
143100,540740,540740,Rikelme,active,16920316,16920316,540740,,540740
143103,143103,569401,Kimiya Moriyama,active,143103,143103,143103,,
143104,143104,569408,Shuto Tanabe,active,143104,143104,143104,,
143109,569412,569412,Mathias Delorge,active,143109,143109,569412,,
143110,569414,569414,Ekrem Kılıçarslan,active,143110,143110,569414,,
143128,45731,45731,Maranhão,active,143128,143128,45731,,45731
143130,143130,569415,Ronald,active,143130,143130,143130,,
143136,143136,143136,Hugo Bueno,active,143136,143136,143136,,143136
143138,143138,143138,Franco Tongya,active,143138,143138,143138,,143138
143140,143140,143140,Pablo,active,143140,143140,143140,,143140
143141,143141,569418,Konosuke Nishikawa,active,143141,143141,143141,,
143154,143154,143154,Théo Berdayes,active,143154,143154,143154,,143154
143170,143170,569419,Shunsuke Mito,active,143170,52897622667074,143170,,
143171,143171,569422,Yota Komi,active,143171,105661832769347,143171,,
143172,143172,569423,Yuya Nagasawa,active,143172,105843295137604,143172,,
143186,143186,143186,Filip Krastev,active,143186,143186,143186,,143186
143188,143188,569429,John Higashi,active,143188,143188,143188,,
143195,143195,143195,Thomas McGill,active,143195,143195,143195,,143195
143196,143196,143196,Moisés Caicedo,active,143196,56164213731164,143196,,143196
143201,143201,569432,Riku Nozawa,active,143201,143201,143201,,
143205,143205,569434,Koshi Osaki,active,143205,105748268986213,143205,,
143206,143206,569439,Nao Yamada,active,143206,105834436767590,143206,,
143207,143207,569445,Taiyo Hiraoka,active,143207,105661295898471,143207,,
143208,143208,569446,Masaki Ikeda,active,143208,143208,143208,,
143216,143216,143216,Mathis Lachuer,active,143216,143216,143216,,143216
143230,143230,569453,Hayate Shirowa,active,143230,143230,143230,,
143235,143235,569454,Hiroshi Omori,active,143235,143235,143235,,
143241,143241,143241,Melih İbrahimoğlu,active,143241,55070876118921,143241,,143241
143243,143243,569461,Takaya Kimura,active,143243,105763301371787,143243,,
143247,143247,143247,Oussama Targhalline,active,143247,143247,143247,,143247
143252,143252,143252,Emil Holm,active,143252,143252,143252,,143252
143255,143255,569464,Sota Matsubara,active,143255,143255,143255,,
143257,143257,569467,Tatsunori Sakurai,active,143257,143257,143257,,
143263,143263,143263,Louis Munteanu,active,143263,143263,143263,,143263
143266,143266,143266,Simon Adingra,active,143266,143266,143266,,143266
143267,143267,143267,Andreas Schjelderup,active,143267,56167703392163,143267,,143267
143268,143268,143268,Anosike Ementa,active,143268,143268,143268,,143268
143271,143271,569470,Hidenori Takahashi,active,143271,143271,143271,,
143276,143276,569471,Masaya Okugawa,active,143276,105834436767660,143276,,
143291,143291,569475,Takato Nonomura,active,143291,143291,143291,,
143292,143292,569476,Ayumu Yokoyama,active,143292,105698876862396,143292,,
143294,143294,569478,Ignacio Galván,active,143294,143294,143294,,
143295,143295,569481,Kévin Keben,active,143295,143295,143295,,
143308,143308,569484,Sidnei Tavares,active,143308,143308,143308,,
143309,143309,569496,Rémi Ibert,active,8531917,8531917,143309,,
143319,143319,569504,Yoshiki Torikai,active,143319,105691377446871,143319,,
143320,143320,569508,Kaiyo Yanagimachi,active,143320,143320,143320,,
143323,118055,118055,Quentin Merlin,active,143323,105727599456219,118055,,118055
143333,143333,569515,Yuya Kuwasaki,active,143333,105792292401125,143333,,
143339,143339,569520,Bamba Dieng,active,143339,143339,143339,,
143340,143340,569532,Marvin Elimbi,active,143340,143340,143340,,
143368,143368,569535,Emil Bohinen,active,143368,143368,143368,,
143374,111874,111874,Milton Giménez,active,143374,143374,111874,,111874
143377,143377,569541,Leandro Mamut,active,143377,143377,143377,,
143395,143395,569542,Matías Ramírez,active,143395,143395,143395,,
143400,41257,41257,Zeno Debast,active,143400,52899770150952,41257,,41257
143402,118420,118420,Arne Engels,active,143402,143402,118420,,118420
143405,42927,42927,Vladyslav Vanat,active,143405,143405,42927,,42927
143406,143406,569543,Ián Rasso,active,143406,143406,143406,,
143416,143416,569545,João Pedro,active,143416,105836315815992,143416,,
143418,138274,138274,Carney Chukwuemeka,active,143418,52893327700026,138274,,138274
143419,143419,569555,Melvin Mastil,active,143419,143419,143419,,
143435,41079,41079,Jakub Kamiński,active,143435,105763032936523,41079,,41079
143454,143454,569556,Rikuto Hashimoto,active,143454,143454,143454,,
143457,143457,569557,Ebenezer Annan,active,143457,143457,143457,,
143472,143472,569558,Victor Gabriel,active,143472,143472,143472,,
143486,143486,569566,Unai Ayala,active,143486,143486,143486,,
143488,143488,569571,Tommy Conway,active,143488,143488,143488,,
143489,143489,569578,Alex Scott,active,143489,55070607683713,143489,,
143493,143493,569579,Tiago Cóser,active,143493,143493,143493,,
143494,143494,569587,Mancha,active,143494,143494,143494,,
143508,540741,540741,Kaiky,active,16920724,16920724,540741,,540741
143511,143511,569588,Cipriano,active,143511,143511,143511,,
143519,143519,569593,Metinho,active,143519,143519,143519,,
143524,143524,569600,Matheus Martins,active,143524,143524,143524,,
143528,127437,127437,Micael,active,143528,143528,127437,,127437
143538,143538,569606,Sorriso,active,143538,143538,143538,,
143554,143554,569607,Matheus Araújo,active,143554,105724646666434,143554,,
143565,104636,104636,Matías Galarza Fonda,active,143565,56162871554253,104636,,104636
143567,138277,138277,Andrey Santos,active,143567,105750416470223,138277,,138277
143574,143574,569608,Nile John,active,143574,143574,143574,,
143596,143596,569611,Weverton,active,143596,143596,143596,,
143599,143599,569616,Andrin Hunziker,active,143599,143599,143599,,
143602,143602,569618,Adam Montgomery,active,143602,143602,143602,,
143641,138343,138343,Gonzalo Luján,active,143641,143641,138343,,138343
143642,125762,125762,Agustín Giay,active,143642,53978343813402,125762,,125762
143661,143661,569622,Matisse Didden,active,143661,143661,143661,,
143663,143663,569626,Ousmane Ba,active,143663,143663,143663,,
143667,143667,569627,Shota Nishino,active,143667,105834436768051,143667,,
143668,143668,569639,Yosei Sato,active,143668,143668,143668,,
143679,143679,569644,Pedro Garrido,active,143679,143679,143679,,
143680,143680,569646,José Castro,active,143680,143680,143680,,
143687,60803,60803,Darío Osorio,active,143687,143687,60803,,60803
143689,143689,569651,Lucas Assadi,active,143689,143689,143689,,
143695,143695,569653,Matheus Cunha,active,143695,143695,143695,,
143701,143701,569656,Mateus Lima,active,16920917,16920917,143701,,
143713,143713,569661,Dango Ouattara,active,143713,52880174362977,143713,,
143723,143723,569662,Felipe Augusto,active,143723,55070876119403,143723,,
143724,143724,569671,Adson,active,143724,105769475387756,143724,,
143729,143729,569672,Juan Cabrera,active,143729,143729,143729,,
143731,143731,569673,Román Riquelme,active,143731,143731,143731,,
143733,143733,569674,Matías Galarza,active,143733,143733,143733,,
143737,143737,569678,Anthoni,active,143737,143737,143737,,
143754,101726,101726,Piero Quispe,active,143754,105763032936842,101726,,101726
143773,143773,569679,Kacper Kozłowski,active,143773,53974585717149,143773,,
143775,41235,41235,Bartosz Slisz,active,143775,143775,41235,,41235
143788,143788,569682,Vladan Kovačević,active,143788,143788,143788,,
143792,143792,569684,Dimitris Dimitriou,active,143792,143792,143792,,
143794,143794,569685,Loizos Loizou,active,143794,143794,143794,,
143795,143795,569687,Marinos Tzionis,active,143795,143795,143795,,
143796,143796,569692,Andronikos Kakoullis,active,143796,143796,143796,,
143797,143797,569694,Mários Ilía,active,143797,143797,143797,,
143809,143809,569697,Kurt Shaw,active,143809,143809,143809,,
143810,143810,569701,Stephen Pisani,active,143810,143810,143810,,
143811,143811,569703,Ryan Camenzuli,active,143811,143811,143811,,
143818,143818,569715,Marko Vukčević,active,143818,143818,143818,,
143823,143823,569719,Đorđe Petrović,active,143823,143823,143823,,
143844,138414,138414,Lucas Beraldo,active,143844,52900843893220,138414,,138414
143849,143849,569723,Alejandro Santander,active,143849,143849,143849,,
143855,143855,569726,Sergio Carrasco,active,143855,143855,143855,,
143856,143856,569727,João Victor,active,143856,143856,143856,,
143857,143857,569730,Maicol León,active,143857,143857,143857,,
143860,110325,110325,Patrick Sequeira,active,143860,143860,110325,,110325
143863,143863,569733,Claudio Torres,active,143863,143863,143863,,
143876,143876,569746,Settasit Suvannaseat,active,143876,143876,143876,,
143890,143890,569750,Pablo Cuñat,active,143890,143890,143890,,
143892,143892,569751,Josh Coburn,active,143892,143892,143892,,
143901,117439,117439,Harvey Davies,active,143901,143901,117439,,117439
143903,122484,122484,Adamo Nagalo,active,143903,143903,122484,,122484
143904,143904,569755,Jonathan Khemdee,active,143904,105833916674592,143904,,
143913,100264,100264,Ilian Iliev,active,143913,143913,100264,,100264
143939,138433,138433,Dário Essugo,active,143939,52898964845123,138433,,138433
143944,143944,569769,Sarará,active,143944,143944,143944,,
143949,123841,123841,Mandela Keita,active,143949,105759006405197,123841,,123841
143959,143959,569788,Joaquín González,active,143959,143959,143959,,
143966,143966,569792,Manuel García,active,143966,143966,143966,,
143972,143972,569795,Toshiki Ando,active,143972,143972,143972,,
143976,143976,569802,Daniel Gutiérrez,active,143976,143976,143976,,
143977,143977,569827,Vicente Bernedo,active,143977,143977,143977,,
143978,143978,569853,Vini Paulista,active,143978,143978,143978,,
143985,143985,569860,Makoto Mitsuta,active,143985,53944789381745,143985,,
143993,143993,569862,Zé Vitor,active,143993,143993,143993,,
144001,144001,569863,Fernando Martínez,active,144001,144001,144001,,
144004,144004,569864,Thanawat S.,active,144004,106760807527044,144004,,
144023,138480,138480,Abdoulaye Ndiaye,active,144023,144023,138480,,138480
144024,144024,569870,Alix Vinicius,active,144024,144024,144024,,
144028,144028,569871,Gabriel Grando,active,144028,105634183918236,144028,,
144031,107058,107058,Kevin,active,144031,144031,107058,,107058
144033,144033,569873,Nacho Pais,active,144033,144033,144033,,
144036,144036,569881,Christopher Scott,active,144036,144036,144036,,
144041,144041,569885,Kota Kudo,active,144041,144041,144041,,
144048,144048,569888,Matheus Dias,active,144048,144048,144048,,
144052,144052,569893,Jonas Jensen-Abbew,active,144052,144052,144052,,
144066,144066,569898,Gino Santilli,active,144066,144066,144066,,
144070,144070,569902,Aaron Quirós,active,144070,144070,144070,,
144072,144072,569909,Ignacio Rodríguez,active,144072,144072,144072,,
144073,144073,569921,Lautaro Villegas,active,144073,144073,144073,,
144086,144086,569925,Paolo Guajardo,active,144086,144086,144086,,
144089,144089,569929,Jon Ander Olasagasti,active,144089,144089,144089,,
144090,144090,569930,Urbano Serrano,active,8532698,8532698,144090,,
144102,47927,47927,Josip Stanišić,active,144102,105775380968166,47927,,47927
144112,144112,569932,Mamady Bangré,active,144112,144112,144112,,
144115,144115,569935,Jesurun Rak-Sakyi,active,144115,144115,144115,,
144134,144134,569940,Ulises Ciccioli,active,144134,144134,144134,,
144137,144137,569944,Nicolás Meriano,active,144137,144137,144137,,
144140,144140,569947,Facundo Buonanotte,active,144140,105682502300428,144140,,
144153,144153,569948,Francisco Perruzzi,active,144153,144153,144153,,
144162,144162,569952,Martín Luciano,active,144162,144162,144162,,
144164,144164,569953,Marcelo Esponda,active,144164,144164,144164,,
144181,144181,569955,Felipe Peña Biafore,active,144181,144181,144181,,
144187,116818,116818,Dai Guopou,active,8532795,8532795,116818,,116818
144205,144205,569957,Emiliano Viveros,active,144205,144205,144205,,
144208,144208,569959,Eros Mancuso,active,144208,105766791033680,144208,,
144209,144209,569962,Nicolás Valentini,active,144209,144209,144209,,
144213,144213,569965,Diego Carreño,active,144213,144213,144213,,
144214,144214,569966,Hermann Tebily,active,144214,144214,144214,,
144216,144216,569967,Mandaca,active,144216,144216,144216,,
144224,144224,569973,Santiago Moya,active,144224,144224,144224,,
144230,144230,569978,Matheus França,active,144230,144230,144230,,
144232,120427,120427,Jefté,active,144232,144232,120427,,120427
144233,144233,570012,Gabriel Delfim,active,144233,144233,144233,,
144237,60782,60782,Daniel Borges,active,144237,144237,60782,,60782
144273,128404,128404,Reece Welch,active,144273,144273,128404,,128404
144274,144274,570044,Isaac Price,active,144274,144274,144274,,
144278,138501,138501,Santiago Castro,active,144278,144278,138501,,138501
144286,144286,570046,Tomás Palacios,active,144286,144286,144286,,
144289,144289,570049,Agustín Funes,active,144289,144289,144289,,
144296,144296,570066,Federico Redondo,active,144296,105819135947688,144296,,
144302,144302,570068,Thauan Lara,active,144302,144302,144302,,
144305,144305,570069,Young,active,144305,144305,144305,,
144311,138531,138531,Alisson Santos,active,144311,52894938313655,138531,,138531
144313,144313,570076,Luis Marquinez,active,144313,144313,144313,,
144314,144314,570092,Yeicar Perlaza,active,144314,144314,144314,,
144322,144322,570097,Brahian Palacios,active,144322,144322,144322,,
144324,144324,570103,Jhon Solis,active,144324,144324,144324,,
144342,144342,570111,Chris Brady,active,144342,144342,144342,,
144352,144352,570112,Alejandro Rodríguez,active,144352,144352,144352,,
144358,144358,570114,Juan Tello,active,144358,144358,144358,,
144364,110945,110945,Carlos Coronel,active,144364,144364,110945,,110945
144411,144411,570123,Efraín Morales,active,144411,144411,144411,,
144413,144413,570168,Luis Binks,active,144413,144413,144413,,
144417,144417,570172,Fabio Delgado,active,144417,144417,144417,,
144419,144419,570174,Yuber Quiñones,active,144419,144419,144419,,
144429,144429,570176,David Affengruber,active,144429,105785044644909,144429,,
144430,117973,117973,Amar Dedić,active,144430,144430,117973,,117973
144433,540748,540748,Mohamed Camara,active,16921649,8533041,540748,,540748
144434,144434,570181,Ousmane Diakité,active,144434,144434,144434,,
144436,42023,42023,Nicolas Seiwald,active,144436,144436,42023,,42023
144437,60500,60500,Luka Sučić,active,144437,105833094591541,60500,,60500
144438,138566,138566,Karim Adeyemi,active,144438,52893059265590,138566,,138566
144440,40015,40015,Benjamin Šeško,active,144440,52898427974712,40015,,40015
144503,144503,570191,Lamine Cissé,active,144503,144503,144503,,
144518,144518,570215,Hayato Tanaka,active,144518,105748268987526,144518,,
144521,144521,570229,Leon Nozawa,active,144521,144521,144521,,
144525,144525,570233,Edoardo Piana,active,144525,144525,144525,,
144526,144526,570234,Wisdom Amey,active,144526,144526,144526,,
144540,144540,570235,Nathan Ngoy,active,144540,144540,144540,,
144548,144548,570236,Daniel Jebbison,active,144548,144548,144548,,
144549,144549,570239,Cody Drameh,active,144549,144549,144549,,
144551,144551,570241,Guillermo Guaiquil,active,144551,144551,144551,,
144569,144569,570242,Roberto Fernández,active,144569,144569,144569,,
144577,540308,540308,Tiburico Dutra,active,8533185,55061480879297,540308,,540308
144578,114510,114510,Tino Livramento,active,144578,144578,114510,,114510
144581,144581,570247,Tom Sparrow,active,144581,144581,144581,,
144582,131045,131045,Eiran Cashin,active,144582,144582,131045,,131045
144585,144585,570248,Nicolás Garrido,active,144585,144585,144585,,
144587,144587,570250,Lucas Soto,active,144587,144587,144587,,
144592,144592,570252,Thomas Gillier,active,144592,144592,144592,,
144604,144604,570258,Maxime Estève,active,144604,144604,144604,,
144614,144614,570270,Álex Cantero,active,144614,144614,144614,,
144615,144615,570272,Hugo Sotelo,active,144615,105846784799975,144615,,
144618,144618,570280,Jonathan Varane,active,144618,144618,144618,,
144619,138567,138567,Andy Diouf,active,144619,144619,138567,,138567
144620,139644,139644,Matthis Abline,active,144620,144620,139644,,139644
144621,144621,570281,Antoine Mendy,active,144621,144621,144621,,
144623,144623,570284,Caleb Taylor,active,144623,144623,144623,,
144624,144624,570286,T. Gardner-Hickman,active,144624,144624,144624,,
144627,144627,570290,Shinya Utsumoto,active,144627,105748268987635,144627,,
144637,144637,570291,Ruben Kluivert,active,144637,144637,144637,,
144638,144638,570293,Antonio Ceza,active,144638,144638,144638,,
144643,144643,570298,Pablo Maia,active,144643,53978343814403,144643,,
144649,144649,570307,Hákon Haraldsson,active,144649,52884737766665,144649,,
144651,126926,126926,Dane Murray,active,144651,144651,126926,,126926
144658,144658,570309,Yassine Kechta,active,144658,144658,144658,,
144664,139649,139649,Tomás Galván,active,144664,144664,139649,,139649
144667,144667,570311,Antonio Raimondo,active,144667,144667,144667,,
144672,144672,570313,Tawanda Maswanhise,active,144672,144672,144672,,
144676,144676,570316,Diego García,active,144676,144676,144676,,
144686,144686,570320,Erkam Kömür,active,144686,144686,144686,,
144696,144696,570325,Matthéo Xantippe,active,144696,144696,144696,,
144700,144700,570345,Thijmen Blokzijl,active,144700,144700,144700,,
144701,144701,570349,Bjorn Meijer,active,144701,144701,144701,,
144702,139724,139724,Luciano Valente,active,144702,144702,139724,,139724
144703,144703,570350,Tika de Jonge,active,144703,144703,144703,,
144706,144706,570367,Dieguinho,active,144706,144706,144706,,
144713,139751,139751,Luis Romo,active,144713,55066849588553,139751,,139751
144719,144719,570368,Carlos Melgar,active,144719,144719,144719,,
144730,144730,570369,Vsevolod Sutyagin,active,8533338,8533338,144730,,
144731,144731,570388,Timur Grankin,active,8533339,8533339,144731,,
144732,144732,570390,Shirvani Chizhov,active,8533340,8533340,144732,,
144736,144736,570391,Leonid Aldonin,active,8533344,8533344,144736,,
144737,144737,570432,Gennadi Mikhailov,active,8533345,8533345,144737,,
144743,101362,101362,Dmytro Riznyk,active,144743,144743,101362,,101362
144751,144751,570437,Mohammad Abu Fani,active,144751,144751,144751,,
144753,144753,570439,Liel Abada,active,144753,144753,144753,,
144757,144757,570440,Dávid Strelec,active,144757,144757,144757,,
144788,144788,570441,Maksim Paskotši,active,144788,144788,144788,,
144797,144797,570443,Iurii Serova,active,8533405,8533405,144797,,
144802,144802,570451,Gabriel Neves,active,144802,144802,144802,,
144804,60276,60276,Balázs Tóth,active,144804,144804,60276,,60276
144818,144818,570452,Noor Al-Rawabdeh,active,144818,144818,144818,,
144836,102527,102527,Soufiane Rahimi,active,144836,56166361216452,102527,,102527
144839,144839,570462,Yasser Ibrahim,active,144839,105852237395399,144839,,
144840,47038,47038,Hamdi Fathy,active,144840,106764917945800,47038,,47038
144856,144856,570467,Jordy Alcívar,active,144856,144856,144856,,
144861,144861,570476,Felix Torres,active,144861,53945326253533,144861,,
144864,144864,570479,Andrés Andrade,active,144864,144864,144864,,
144867,144867,570480,César Yanis,active,144867,144867,144867,,
144871,144871,570489,Patrick Berg,active,144871,56165287474663,144871,,
144874,144874,570491,Saif Hazem,active,8533482,8533482,144874,,
144875,144875,570494,Ghassan Shukri,active,8533483,50476523,144875,,
144879,144879,570496,Faqir Hurairah,active,8533487,8533487,144879,,
144886,144886,570509,Dustin Whitaker,active,8533494,8533494,144886,,
144888,102781,102781,Hassan Qutb,active,8533496,8533496,102781,,102781
144892,144892,570513,Chiheb Labidi,active,144892,144892,144892,,
144894,139765,139765,Sebastian Tounekti,active,144894,144894,139765,,139765
144904,144904,570514,Shad Baki,active,8533512,8533512,144904,,
144911,144911,570516,Heydar Gabr,active,8533519,8533519,144911,,
144912,144912,570517,Yusha Qutb,active,8533520,8533520,144912,,
144918,118237,118237,Giorgi Mamardashvili,active,144918,52883395589654,118237,,118237
144919,144919,570520,Wilbur Savage,active,8533527,8533527,144919,,
144928,104523,104523,Simon Omossola,active,144928,144928,104523,,104523
144946,144946,570521,Kwame Poku,active,144946,144946,144946,,
144964,144964,570523,Enrico Pepe,active,144964,144964,144964,,
144967,144967,570525,Paul Mbong,active,144967,144967,144967,,
144968,144968,570528,Alexander Satariano,active,144968,144968,144968,,
144982,144982,570530,Yaghub Samad,active,8533590,8533590,144982,,
144983,144983,570532,Ibrahim Abdul Haq,active,8533591,8533591,144983,,
144993,144993,570547,Louis A. Leon Barber,active,8533601,8533601,144993,,
144998,110413,110413,Edrick Menjívar,active,144998,144998,110413,,110413
144999,106737,106737,Franklin Flores,active,144999,144999,106737,,106737
145016,145016,570572,Stelios Andreou,active,145016,145016,145016,,
145022,145022,570582,Ioannis Pittas,active,145022,145022,145022,,
145026,145026,570583,Edwin Felton,active,8533634,8533634,145026,,
145027,145027,570593,Israel Lemmon,active,8533635,8533635,145027,,
145045,540749,540749,Hassan Al Tambakti,active,16922261,105646330623637,540749,,540749
145051,145051,570598,Moussa Kyabou,active,145051,145051,145051,,
145056,145056,570602,Elijah Just,active,145056,56161797813920,145056,,
145070,145070,570614,Leon Podkopayeva,active,8533678,8533678,145070,,
145071,145071,570620,Dmitri Korovin,active,8533679,8533679,145071,,
145074,145074,570622,Iosif Minenkov,active,8533682,8533682,145074,,
145075,145075,570626,Ismahila Ouédraogo,active,145075,145075,145075,,
145093,111467,111467,Talebi Puladi,active,8533701,8533701,111467,,111467
145123,145123,570631,Macaulay Gillesphey,active,145123,145123,145123,,
145124,145124,570637,Kai Trewin,active,145124,145124,145124,,
145255,108235,108235,Connor Metcalfe,active,145255,50476903,108235,,108235
145282,540752,540752,Saad Al Nasser,active,16922498,16922498,540752,,540752
145285,108495,108495,Hossein Saqib,active,8533893,105803617023877,108495,,108495
145321,540758,540758,Ali Lajami,active,16922537,50476969,540758,,540758
145323,540760,540760,Ali Al Hassan,active,16922539,16922539,540760,,540760
145358,145358,570638,Abbosbek Fayzullaev,active,145358,145358,145358,,
145364,145364,570644,Lee Dong-Hee,active,145364,145364,145364,,
145447,145447,570645,Mohsen Badr Aldin,active,8534055,8534055,145447,,
145472,145472,570648,Hein Phyo Win,active,145472,145472,145472,,
145500,145500,570650,Obaidullah Mahbubur,active,8534108,8534108,145500,,
145504,145504,570651,Hassane Boualem,active,8534112,8534112,145504,,
145512,145512,570652,Yaghub Gabr,active,8534120,8534120,145512,,
145544,540762,540762,Karim Haider Dib,active,16922760,16922760,540762,,540762
145549,145549,570660,Heydar Talib,active,8534157,8534157,145549,,
145550,540763,540763,Abdulrahman Bakri,active,16922766,16922766,540763,,540763
145553,540764,540764,Mohamed Younes,active,16922769,16922769,540764,,540764
145573,110763,110763,Edwin Rodríguez,active,145573,145573,110763,,110763
145574,145574,570661,Jiovany Ramos,active,145574,145574,145574,,
145577,145577,570665,Finlay Litolff,active,8534185,8534185,145577,,
145580,145580,570667,Roderick McShane,active,8534188,8534188,145580,,
145582,145582,570670,Ali Jasim,active,145582,105735434418350,145582,,
145585,145585,570674,Michael Heule,active,145585,145585,145585,,
145589,145589,570675,Jayden Danns,active,145589,145589,145589,,
145591,145591,570679,Yuki Hayasaka,active,145591,145591,145591,,
145592,145592,570690,Kojiro Yasuda,active,145592,145592,145592,,
145597,145597,570692,Matthieu Epolo,active,145597,145597,145597,,
145604,145604,570701,Femi Seriki,active,145604,145604,145604,,
145605,103372,103372,Will Osula,active,145605,145605,103372,,103372
145607,145607,570706,Hayato Sugita,active,145607,105844100446407,145607,,
145610,145610,570715,Nicolò Bertola,active,145610,145610,145610,,
145619,145619,570728,Hannibal Mejbri,active,145619,105807593224403,145619,,
145620,145620,570741,Moustapha Mbow,active,145620,145620,145620,,
145623,145623,570743,Gustav Mortensen,active,145623,145623,145623,,
145629,145629,570752,Malcom Bokele,active,145629,145629,145629,,
145632,120002,120002,Tim Iroegbunam,active,145632,145632,120002,,120002
145641,42534,42534,Aurèle Amenda,active,145641,145641,42534,,42534
145644,145644,570754,Manuel Osifo,active,145644,145644,145644,,
145651,139782,139782,Ian Fray,active,145651,145651,139782,,139782
145653,145653,570760,Mohamed Sankoh,active,145653,145653,145653,,
145677,145677,570767,Pedro Bravo,active,145677,145677,145677,,
145678,145678,570769,Yaliston Martínez,active,145678,145678,145678,,
145689,145689,570775,Jon Bell,active,145689,145689,145689,,
145699,145699,570778,Samuele Angori,active,145699,145699,145699,,
145729,145729,570781,Kevin Mantilla,active,145729,145729,145729,,
145740,145740,570786,Juan Mera,active,145740,145740,145740,,
145745,139794,139794,Fernando Tapia,active,145745,145745,139794,,139794
145746,110814,110814,Sebastián Cáceres,active,145746,105624788678994,110814,,110814
145748,139850,139850,Ramón Juárez,active,145748,145748,139850,,139850
145749,139906,139906,Emilio Lara,active,145749,53880096438613,139906,,139906
145750,139931,139931,Santiago Naveda,active,145750,145750,139931,,139931
145757,139998,139998,Esteban Lozano,active,145757,145757,139998,,139998
145758,145758,570799,Federico Viñas,active,145758,145758,145758,,
145778,145778,570815,Milan Ristovski,active,145778,145778,145778,,
145787,145787,570819,Sergi Cardona,active,145787,145787,145787,,
145788,145788,570824,Ángel Recio,active,145788,145788,145788,,
145796,145796,570826,Lucas Hey,active,145796,145796,145796,,
145797,145797,570827,Rubén Sánchez,active,145797,145797,145797,,
145801,145801,570829,Jacob Andersen,active,145801,145801,145801,,
145804,44679,44679,Bendegúz Bolla,active,145804,145804,44679,,44679
145806,145806,570839,Bruninho,active,145806,145806,145806,,
145822,145822,570840,Daníel Grétarsson,active,145822,145822,145822,,
145829,145829,570841,Miguel Nóbrega,active,145829,145829,145829,,
145870,145870,570842,Kiko Bondoso,active,145870,145870,145870,,
145878,145878,570852,Sergio Arribas,active,145878,145878,145878,,
145888,145888,570858,İzzet Çelik,active,145888,145888,145888,,
145915,145915,570865,Albin Demouchy,active,145915,145915,145915,,
145949,145949,570871,Aritz Aldasoro,active,145949,145949,145949,,
145957,145957,570881,Jon Karrikaburu,active,145957,145957,145957,,
145969,145969,570886,Serginho,active,145969,55070876121649,145969,,
145976,145976,570887,Armel Bella Kotchap,active,145976,145976,145976,,
145990,145990,570896,Julien Le Cardinal,active,145990,52878832187974,145990,,
146006,146006,570901,Deniz Undav,active,146006,52875342527062,146006,,
146017,43641,43641,David Raum,active,146017,52888764299873,43641,,43641
146020,46926,46926,Jamie Leweling,active,146020,105753906133604,46926,,46926
146022,140053,140053,Anton Stach,active,146022,146022,140053,,140053
146042,146042,570911,Ronnie Edwards,active,146042,146042,146042,,
146049,146049,570912,Ibrahim Said,active,146049,146049,146049,,
146050,146050,570916,Younes Bakiz,active,146050,146050,146050,,
146052,118128,118128,Anton Gaaei,active,146052,52894669879940,118128,,118128
146055,146055,570923,Alexander Busch,active,146055,146055,146055,,
146062,146062,570925,Mark Leckey,active,8534670,8534670,146062,,
146077,146077,570929,Renji Matsui,active,146077,146077,146077,,
146081,146081,570930,Kazuyoshi Shimabuku,active,146081,146081,146081,,
146101,146101,570931,Kensuke Fujiwara,active,146101,105748268989109,146101,,
146102,146102,570935,Reon Yamahara,active,146102,105817793772214,146102,,
146103,146103,570936,Takumi Kato,active,146103,146103,146103,,
146110,146110,570937,Dario Špikić,active,146110,146110,146110,,
146162,146162,570938,Stanko Jurić,active,146162,146162,146162,,
146165,140075,140075,Valentín Barco,active,146165,105855106300661,140075,,140075
146169,146169,570940,Ryo Tabei,active,146169,106740943305465,146169,,
146170,146170,570954,Taishin Yamazaki,active,146170,146170,146170,,
146173,146173,570955,Bertuğ Yıldırım,active,146173,146173,146173,,
146184,146184,570957,Leyser Chaverra,active,146184,146184,146184,,
146185,146185,570967,Jesús Figueroa,active,146185,146185,146185,,
146193,146193,570982,Jader Quiñónes,active,146193,146193,146193,,
146194,146194,570990,Yani Quintero,active,146194,146194,146194,,
146198,146198,570991,Mateo Garavito,active,146198,146198,146198,,
146202,146202,570996,Nelson Deossa,active,146202,146202,146202,,
146209,112778,112778,Lucas Cepeda,active,146209,146209,112778,,112778
146213,146213,571008,Tomoki Kondo,active,146213,146213,146213,,
146214,146214,571011,Rio Nitta,active,146214,105814572546854,146214,,
146224,60037,60037,Oğuz Aydın,active,146224,53972975106864,60037,,60037
146250,146250,571012,Sonny Carey,active,146250,146250,146250,,
146256,146256,571013,Eber Moreno,active,146256,146256,146256,,
146315,146315,571018,Alesia Vavilov,active,8534923,8534923,146315,,
146317,146317,571019,Iosif Buruhina,active,8534925,8534925,146317,,
146333,146333,571025,Darius Olaru,active,146333,146333,146333,,
146334,57427,57427,Deian Sorescu,active,146334,105758737972126,57427,,57427
146341,103927,103927,Nkosinathi Sibisi,active,146341,146341,103927,,103927
146345,146345,571039,Evidence Makgopa,active,146345,146345,146345,,
146346,61505,61505,Igor Vekić,active,146346,146346,61505,,61505
146358,146358,571044,Lester Alnwick,active,8534966,8534966,146358,,
146359,146359,571049,Bart Ussher,active,8534967,8534967,146359,,
146366,146366,571066,Husniddin Aliqulov,active,146366,53968143268798,146366,,
146370,146370,571067,Brian Ocampo,active,146370,146370,146370,,
146374,146374,571068,Ismail Safi Aldin,active,8534982,8534982,146374,,
146376,146376,571075,Javad Abdukrahman,active,8534984,8534984,146376,,
146377,146377,571076,Taher Baqer,active,8534985,8534985,146377,,
146382,146382,571100,Nicky Cleșcenco,active,146382,146382,146382,,
146387,146387,571101,Milutin Osmajić,active,146387,146387,146387,,
146390,146390,571103,José Andrés Hurtado,active,146390,105756590488534,146390,,
146395,146395,571104,Fredrik Bjørkan,active,146395,146395,146395,,
146396,121046,121046,Fredrik Aursnes,active,146396,52845277756380,121046,,121046
146398,47839,47839,Aron Dønnum,active,146398,146398,47839,,47839
146401,146401,571107,Alen Sherri,active,146401,146401,146401,,
146404,146404,571113,Yahya Sidique,active,8535012,8535012,146404,,
146411,146411,571116,Gulzar Tayfur,active,8535019,105860558896107,146411,,
146412,146412,571120,Abdelkahar Kadri,active,146412,146412,146412,,
146413,146413,571121,Ahmed Kendouci,active,146413,146413,146413,,
146419,146419,571122,Mohamed Belloumi,active,146419,146419,146419,,
146436,146436,571123,Jan Shakeel,active,8535044,8535044,146436,,
146437,146437,571124,Obaidullah Bilal,active,8535045,8535045,146437,,
146444,59180,59180,Ivan Turitsov,active,146444,146444,59180,,59180
146450,146450,571128,Nasser Djiga,active,146450,146450,146450,,
146453,146453,571130,Marcel Turpin,active,8535061,8535061,146453,,
146456,104453,104453,Devis Epassy,active,146456,52781121682456,104453,,104453
146459,146459,571132,Seid Korac,active,146459,146459,146459,,
146461,114166,114166,Conor Bradley,active,146461,105799271726109,114166,,114166
146465,146465,571137,Abdul Fatawu,active,146465,105737263135777,146465,,
146472,146472,571138,Jean Borg,active,146472,146472,146472,,
146473,146473,571140,Yannick Yankam,active,146473,146473,146473,,
146493,146493,571145,Barak Fariduddin,active,8535101,8535101,146493,,
146499,110495,110495,Kervin Arriaga,active,146499,146499,110495,,110495
146500,111201,111201,Luis Palma,active,146500,52877221575748,111201,,111201
146503,146503,571146,Reza Fajer,active,8535111,8535111,146503,,
146512,63586,63586,Julio Enciso,active,146512,52886616816720,63586,,63586
146514,146514,571147,Hector Kyprianou,active,146514,146514,146514,,
146534,59805,59805,Alonso Martínez,active,146534,146534,59805,,59805
146538,146538,571148,Oleg Yefremov,active,8535146,8535146,146538,,
146540,146540,571150,Svyatopolk Morgunov,active,8535148,8535148,146540,,
146543,146543,571152,Iurii Goussarov,active,8535151,8535151,146543,,
146553,146553,571153,Diógenes,active,146553,146553,146553,,
146559,107534,107534,Joaquín Piquerez,active,146559,55069533944959,107534,,107534
146560,146560,571154,Vitinho,active,146560,146560,146560,,
146562,146562,571155,Mycael,active,146562,146562,146562,,
146563,146563,571167,Jader,active,146563,146563,146563,,
146564,146564,571169,Emersonn,active,146564,146564,146564,,
146585,146585,571182,Erick Nunes,active,146585,146585,146585,,
146589,146589,571184,Hélio Neneca,active,146589,146589,146589,,
146600,146600,571194,Adam Obert,active,146600,146600,146600,,
146604,146604,571198,Mathis Magnin,active,146604,146604,146604,,
146605,146605,571205,Roggerio Nyakossi,active,146605,146605,146605,,
146608,146608,571209,Matías Morello,active,146608,146608,146608,,
146611,146611,571211,Joe Hugill,active,146611,146611,146611,,
146613,146613,571213,Harry Clarke,active,146613,146613,146613,,
146614,146614,571217,Omari Hutchinson,active,146614,105762227633334,146614,,
146616,146616,571229,Mattie Pollock,active,146616,146616,146616,,
146620,146620,571230,Jamie Lawrence,active,146620,146620,146620,,
146621,146621,571233,Taylor Booth,active,146621,146621,146621,,
146628,146628,571234,Kyle Joseph,active,146628,146628,146628,,
146635,146635,571238,Santiago Aguilar,active,146635,146635,146635,,
146648,146648,571241,S. Desplanches,active,146648,146648,146648,,
146650,45254,45254,Milos Kerkez,active,146650,52876416269530,45254,,45254
146652,146652,571245,Mattia Zanotti,active,146652,146652,146652,,
146653,140094,140094,Giovanni Fabbian,active,146653,146653,140094,,140094
146659,146659,571255,Cristian Montaño,active,146659,146659,146659,,
146661,146661,571256,Matty Connelly,active,146661,146661,146661,,
146668,146668,571257,Ewan Wilson,active,146668,146668,146668,,
146678,146678,571266,Aidan Denholm,active,146678,146678,146678,,
146686,146686,571267,Franco Torres,active,146686,146686,146686,,
146695,140099,140099,Lucas Noubi,active,146695,146695,140099,,140099
146697,146697,571269,Cihan Çanak,active,146697,53971364494601,146697,,
146698,146698,571275,Joseph Okumu,active,146698,146698,146698,,
146716,146716,571276,Thierno Baldé,active,146716,146716,146716,,
146719,146719,571277,José Caldera,active,146719,146719,146719,,
146732,140110,140110,Tuur Rommens,active,146732,146732,140110,,140110
146737,146737,571282,Chanukun Karin,active,146737,146737,146737,,
146745,146745,571283,Killian Corredor,active,146745,146745,146745,,
146751,146751,571284,Obed Vargas,active,146751,146751,146751,,
146758,140111,140111,Daniel Aguirre,active,146758,146758,140111,,140111
146770,146770,571289,Jhon Navia,active,146770,146770,146770,,
146776,140144,140144,Rodrigo Zalazar,active,146776,146776,140144,,140144
146777,146777,571290,Fabio Blanco,active,146777,146777,146777,,
146783,146783,571293,N. Fernandez-Veliz,active,146783,146783,146783,,
146789,146789,571294,Franco Zapiola,active,146789,146789,146789,,
146791,146791,571295,Ezequiel Naya,active,146791,146791,146791,,
146799,146799,571296,Formose Mendy,active,146799,146799,146799,,
146810,146810,571299,Pierre Will Giraud,active,8535418,8535418,146810,,
146814,146814,571300,Gaïus Makouta,active,146814,146814,146814,,
146816,146816,571304,Godfried Frimpong,active,146816,105798466420096,146816,,
146817,146817,571311,Rúben Ismael,active,146817,146817,146817,,
146823,31385,31385,Mark McGuinness,active,146823,146823,31385,,31385
146854,146854,571317,Matías Mansilla,active,146854,146854,146854,,
146858,146858,571320,Daiki Sato,active,146858,105834436771242,146858,,
146872,146872,571322,Adrián Parra,active,146872,146872,146872,,
146878,146878,571326,Daouda Guindo,active,146878,146878,146878,,
146879,146879,571334,Bryan Okoh,active,146879,146879,146879,,
146884,146884,571336,Soumaïla Coulibaly,active,146884,146884,146884,,
146888,146888,571337,Göktan Gürpüz,active,146888,146888,146888,,
146890,562933,562933,A. Papadopoulos,active,146890,146890,562933,,562933
146905,146905,571339,Marcus Pedersen,active,146905,52783537602009,146905,,
146908,146908,571347,Dermane Karim,active,146908,146908,146908,,
146909,112910,112910,Antoni Milambo,active,146909,146909,112910,,112910
146914,146914,571349,Mimeirhel Benita,active,146914,146914,146914,,
146915,146915,571356,Nesta Zahui,active,146915,146915,146915,,
146916,120970,120970,Youri Baas,active,146916,52897354235364,120970,,120970
146917,146917,571358,Terrence Douglas,active,146917,146917,146917,,
146918,120031,120031,Anass Salah-Eddine,active,146918,146918,120031,,120031
146925,146925,571364,Luka Gagnidze,active,146925,146925,146925,,
146931,146931,571374,Soponwit Rakyart,active,146931,146931,146931,,
146941,146941,571375,Alonzo Engwanda,active,146941,146941,146941,,
146944,146944,571377,Lucas Stassin,active,146944,146944,146944,,
146945,107008,107008,Jackson Tchatchoua,active,146945,55068997074433,107008,,107008
146954,146954,571381,Harry Pickering,active,146954,146954,146954,,
146961,146961,571382,Alejandro Martínez,active,146961,146961,146961,,
146975,146975,571391,Christian Witzig,active,146975,146975,146975,,
146977,146977,571393,Marin Šverko,active,146977,146977,146977,,
146979,59841,59841,Manfred Ugalde,active,146979,146979,59841,,59841
146980,146980,571402,Thórir Helgason,active,146980,146980,146980,,
146990,100985,100985,Barış Alper Yılmaz,active,146990,52879637495342,100985,,100985
146992,146992,571416,Kittipong Sansanit,active,146992,146992,146992,,
146996,146996,571417,Jens Castrop,active,146996,146996,146996,,
146998,146998,571419,Dejan Ljubičić,active,146998,146998,146998,,
147000,147000,571420,Kingsley Schindler,active,147000,147000,147000,,
147002,147002,571422,Tobias Jakobsen,active,147002,147002,147002,,
147009,147009,571424,Archie Brown,active,147009,53977806945857,147009,,
147018,147018,571431,Kevin Behrens,active,147018,147018,147018,,
147020,147020,571433,Levi Colwill,active,147020,52886348381772,147020,,
147022,140254,140254,Emmanuel Fernandez,active,147022,147022,140254,,140254
147026,147026,571435,Lasso Coulibaly,active,147026,147026,147026,,
147027,147027,571439,Leo Walta,active,147027,147027,147027,,
147029,147029,571440,Valdemar Lund,active,147029,147029,147029,,
147030,147030,571450,Viktor Bak Jensen,active,147030,147030,147030,,
147031,147031,571451,Oscar Fraulo,active,147031,147031,147031,,
147036,147036,571460,Mortadha Ben Ouanes,active,147036,53978612252252,147036,,
147064,147064,571463,Ed McJannett,active,147064,147064,147064,,
147067,117306,117306,Lucas Bergström,active,147067,147067,117306,,117306
147071,147071,571467,Mohamed Koné,active,147071,147071,147071,,
147074,147074,571470,Lorenzo Palmisani,active,147074,147074,147074,,
147076,147076,571471,Federico Gatti,active,147076,52884200898180,147076,,
147080,147080,571478,Josh Seary,active,147080,147080,147080,,
147082,147082,571482,Haruki Arai,active,147082,105844368883338,147082,,
147093,147093,571483,Everson Junior,active,147093,147093,147093,,
147104,147104,571491,Sidi Cissé,active,147104,147104,147104,,
147105,125295,125295,Adrian Benedyczak,active,147105,147105,125295,,125295
147107,147107,571492,Gerard Yepes,active,147107,147107,147107,,
147117,147117,571495,D. van der Kust,active,147117,147117,147117,,
147119,147119,571498,Nicolás Palavecino,active,147119,147119,147119,,
147138,147138,571500,Dion De Neve,active,147138,147138,147138,,
147144,147144,571503,Alhassan Yusuf,active,147144,147144,147144,,
147159,147159,571508,Tiago Manso,active,147159,147159,147159,,
147161,147161,571512,Elias Achouri,active,147161,147161,147161,,
147171,147171,571517,Nuno Lima,active,147171,105832289287907,147171,,
147172,147172,571520,Samuel Silvera,active,147172,147172,147172,,
147177,147177,571521,Emmanuel Maviram,active,147177,147177,147177,,
147181,126304,126304,Nuno Moreira,active,147181,53979954429677,126304,,126304
147182,147182,571525,Kinglord Safo,active,147182,147182,147182,,
147185,105446,105446,Marc Descarga,active,8535793,105854837866225,105446,,105446
147187,147187,571529,Federico Baschirotto,active,147187,147187,147187,,
147190,147190,571530,Nicolas Galazzi,active,147190,147190,147190,,
147191,147191,571531,Johan Vásquez,active,147191,105687871012599,147191,,
147193,147193,571533,Mikael E. Ellertsson,active,147193,147193,147193,,
147226,147226,571536,Hugo Magallanes,active,147226,147226,147226,,
147229,147229,571537,Nico Serrano,active,147229,147229,147229,,
147232,121140,121140,Diego López,active,147232,52851988643616,121140,,121140
147233,32628,32628,Alejandro Balde,active,147233,123236838948641,32628,,32628
147234,126811,126811,Nico González,active,147234,52900843896610,126811,,126811
147235,147235,571538,Gavi,active,147235,52782195425059,147235,,
147244,140383,140383,Neil El Aynaoui,active,147244,105851968962348,140383,,140383
147262,147262,571540,Kayden Pierre,active,147262,147262,147262,,
147265,147265,571549,Rayyan Baniya,active,147265,147265,147265,,
147270,147270,571550,Alfonso Simarra,active,147270,147270,147270,,
147271,147271,571555,Svend Brodersen,active,147271,105844368883527,147271,,
147273,147273,571563,Luis Palacios,active,147273,147273,147273,,
147275,147275,571567,Javi Garrido,active,147275,147275,147275,,
147277,147277,571570,Seydouba Cissé,active,147277,147277,147277,,
147278,147278,571571,Naim García,active,147278,147278,147278,,
147279,147279,571574,Jorge Moreno,active,147279,147279,147279,,
147289,147289,571575,Javi Serrano,active,147289,147289,147289,,
147290,147290,571576,Giuliano Simeone,active,147290,105852690382682,147290,,
147291,147291,571586,José Ángel Carmona,active,147291,52777632022363,147291,,
147294,147294,571589,Félix Lemaréchal,active,147294,147294,147294,,
147296,147296,571593,Lucas Bonelli,active,147296,147296,147296,,
147299,147299,571594,Kévin Danois,active,147299,147299,147299,,
147302,147302,571601,Hadi Fouzan,active,8535910,8535910,147302,,
147304,147304,571608,Mateusz Lis,active,147304,55070876122984,147304,,
147310,61524,61524,Andreas Ndoj,active,147310,147310,61524,,61524
147316,147316,571609,Rodrigo Abascal,active,147316,147316,147316,,
147321,147321,571612,Rodrigo Conceição,active,147321,147321,147321,,
147323,147323,571622,Miguel Maga,active,147323,147323,147323,,
147326,147326,571623,Dani Silva,active,147326,147326,147326,,
147327,147327,571645,Gui Guedes,active,147327,147327,147327,,
147329,147329,571647,Herculano Nabian,active,147329,147329,147329,,
147337,140477,140477,Jobe Bellingham,active,147337,106753291337609,140477,,140477
147342,147342,571651,Salim Diakité,active,147342,147342,147342,,
147355,147355,571662,Facundo Altamira,active,147355,147355,147355,,
147365,147365,571663,Bradley Locko,active,147365,147365,147365,,
147366,147366,571664,Noé Sow,active,147366,147366,147366,,
147369,147369,571670,Jon Magunazelaia,active,147369,147369,147369,,
147370,147370,571673,Javi Martón,active,147370,147370,147370,,
147372,147372,571679,Ismael Koné,active,147372,147372,147372,,
147389,147389,571684,Pablo Tomeo,active,147389,147389,147389,,
147391,62016,62016,Isidro Pitta,active,147391,53984249397183,62016,,62016
147395,147395,571686,Yoan Koré,active,147395,147395,147395,,
147404,147404,571692,Azeem Abdulai,active,147404,147404,147404,,
147414,147414,571693,Dewar Victoria,active,147414,147414,147414,,
147419,147419,571694,Mohamed Kaba,active,147419,147419,147419,,
147421,147421,571697,Ilyes Hamache,active,147421,147421,147421,,
147427,140561,140561,Bamo Meïté,active,147427,147427,140561,,140561
147428,147428,571700,Sadik Fofana,active,147428,147428,147428,,
147431,140586,140586,Ernest Poku,active,147431,147431,140586,,140586
147448,116627,116627,Bilal Nadir,active,147448,147448,116627,,116627
147452,147452,571702,Ibrahima Baldé,active,147452,147452,147452,,
147454,125050,125050,Loum Tchaouna,active,147454,147454,125050,,125050
147455,127374,127374,Mathys Tel,active,147455,52846351499263,127374,,127374
147456,147456,571703,Justin Smith,active,147456,147456,147456,,
147458,147458,571704,Amadou Onana,active,147458,105802492952578,147458,,
147463,147463,571705,Habib Diarra,active,147463,105806251048967,147463,,
147464,147464,571707,Guillaume Restes,active,147464,105844637319176,147464,,
147485,147485,571713,Samuel Edozie,active,147485,147485,147485,,
147487,147487,571715,Malik Dijksteel,active,147487,147487,147487,,
147488,147488,571717,Toyosi Olusanya,active,147488,147488,147488,,
147490,147490,571718,Jake Garrett,active,147490,147490,147490,,
147494,147494,571719,Ogün Özçiçek,active,147494,147494,147494,,
147498,147498,571720,Yiğit Emre Çeltik,active,147498,147498,147498,,
147501,123197,123197,Tijjani Noslin,active,147501,55067923333165,123197,,123197
147504,126015,126015,Antonín Kinský,active,147504,147504,126015,,126015
147505,147505,571721,Aiham Ousou,active,147505,147505,147505,,
147514,147514,571725,Kenshin Yasuda,active,147514,105707198365754,147514,,
147517,147517,571745,Hiroto Yamami,active,147517,53970290753597,147517,,
147528,147528,571752,Léo Besson,active,147528,147528,147528,,
147530,147530,571767,Tim Spycher,active,147530,147530,147530,,
147532,147532,571779,Rareş Burnete,active,147532,147532,147532,,
147535,147535,571810,Derek Mazou-Sacko,active,147535,147535,147535,,
147537,121390,121390,Thomas Beelen,active,147537,147537,121390,,121390
147544,147544,571811,Karim Sow,active,147544,147544,147544,,
147546,147546,571812,Arda Kurtulan,active,147546,147546,147546,,
147561,147561,571817,Eric Kahl,active,147561,147561,147561,,
147565,147565,571820,Alex Lowry,active,147565,147565,147565,,
147569,147569,571821,Massamba Ndiaye,active,147569,147569,147569,,
147572,140587,140587,Lorenzo Lucca,active,147572,55068997075060,140587,,140587
147573,147573,571830,Gabriele Piccinini,active,147573,147573,147573,,
147577,147577,571831,Jaime Díaz,active,147577,147577,147577,,
147588,147588,571838,Loïc Williams,active,147588,147588,147588,,
147589,147589,571841,Ricard Artero,active,147589,147589,147589,,
147591,147591,571843,Gabri Martínez,active,147591,147591,147591,,
147596,46440,46440,Viljami Sinisalo,active,147596,147596,46440,,46440
147597,147597,571845,Aaron Ramsey,active,147597,147597,147597,,
147612,147612,571854,Odel Offiah,active,147612,147612,147612,,
147615,147615,571857,Andrew Moran,active,147615,147615,147615,,
147616,147616,571864,Evan Ferguson,active,147616,52845277757600,147616,,
147618,147618,571867,Amadou Mbengue,active,147618,147618,147618,,
147619,147619,571870,Nicolás Lara,active,147619,147619,147619,,
147620,147620,571871,Anthony Vásquez,active,147620,147620,147620,,
147621,147621,571874,Ale García,active,147621,147621,147621,,
147622,118827,118827,Yann Lienard,active,147622,147622,118827,,118827
147624,147624,571886,Valentín Depietri,active,147624,147624,147624,,
147626,147626,571899,Jean-Baptiste Gorby,active,147626,147626,147626,,
147632,147632,571919,Lucas Pires,active,147632,147632,147632,,
147633,147633,571920,Théo Le Bris,active,147633,105844637319345,147633,,
147634,120054,120054,Charlie Setford,active,147634,147634,120054,,120054
147638,147638,571921,Tom Fellows,active,147638,147638,147638,,
147642,147642,571928,Nicolò Cavuoti,active,147642,147642,147642,,
147643,147643,571933,Liam Chipperfield,active,147643,147643,147643,,
147647,16382,16382,Liam Scales,active,147647,147647,16382,,16382
147686,125645,125645,Emiliano Martínez,active,147686,147686,125645,,125645
147703,147703,571940,George Tanner,active,147703,147703,147703,,
147706,47867,47867,Jakub Kiwior,active,147706,52886079947002,47867,,47867
147712,147712,571941,Jirapan Phasukihan,active,147712,147712,147712,,
147716,147716,571943,É. Youté Kinkoué,active,147716,147716,147716,,
147717,121774,121774,Geny Catamo,active,147717,52868900077829,121774,,121774
147725,147725,571944,Pablo Marín,active,147725,105751758651661,147725,,
147727,147727,571946,Supawit Romphopak,active,147727,147727,147727,,
147729,147729,571955,Ignacio Ramírez,active,147729,147729,147729,,
147734,147734,571958,Purachet Thodsanit,active,147734,147734,147734,,
147750,147750,571959,Oliver Ross,active,147750,147750,147750,,
147751,147751,571963,Luca Kjerrumgaard,active,147751,147751,147751,,
147772,140708,140708,Fernando González,active,147772,147772,140708,,140708
147775,140711,140711,Álex Zendejas,active,147775,105624788681023,140711,,140711
147783,147783,571966,César Huerta,active,147783,105648411001159,147783,,
147797,147797,571968,Facundo Waller,active,147797,147797,147797,,
147808,540311,540311,Imanol Berenguer,active,8536416,147808,540311,,540311
147815,102914,102914,Amancio Chavarri,active,8536423,8536423,102914,,102914
147820,540313,540313,Roger Alzamora,active,8536428,147820,540313,,540313
147833,140728,140728,Kevin Castañeda,active,147833,147833,140728,,140728
147835,140753,140753,Isaías Violante,active,147835,147835,140753,,140753
147886,140820,140820,Jordan Carrillo,active,147886,147886,140820,,140820
147895,63320,63320,Maximiliano Araújo,active,147895,52896012059063,63320,,63320
147898,141094,141094,Israel Reyes,active,147898,53962774561210,141094,,141094
147899,540316,540316,Jose Maria Segura,active,8536507,53945326256571,540316,,540316
147902,141174,141174,Kevin Álvarez,active,147902,53880096440766,141174,,141174
147903,141195,141195,José Castillo Pérez,active,147903,147903,141195,,141195
147904,147904,571969,Fernando Álvarez,active,147904,147904,147904,,
147906,141208,141208,Bryan González,active,147906,147906,141208,,141208
147908,141216,141216,Miguel Tapias,active,147908,147908,141216,,141216
147917,141406,141406,Alexis Gutiérrez,active,147917,147917,141406,,141406
147919,147919,571986,Rodrigo Huescas,active,147919,147919,147919,,
147926,106548,106548,Ruben Navascuez,active,8536534,53967337963990,106548,,106548
147935,540317,540317,Angel Querejeta,active,8536543,147935,540317,,540317
147949,123907,123907,Matìas Soulè,active,147949,52889838043629,123907,,123907
147950,141453,141453,Fabio Miretti,active,147950,52896817365486,141453,,141453
147951,147951,571989,Ahmed Sidibé,active,147951,147951,147951,,
147955,33818,33818,Bradley Barcola,active,147955,52886348382707,33818,,33818
147961,147961,571993,Redouane Halhal,active,147961,147961,147961,,
147964,119431,119431,Roméo Lavia,active,147964,105764375118332,119431,,119431
147986,147986,571994,Javad Ayatollah,active,8536594,8536594,147986,,
147987,147987,571995,Mahmud Ahmed Tijani,active,8536595,8536595,147987,,
148003,148003,571996,Jalal Sidqi,active,8536611,105868041536035,148003,,
148005,119577,119577,Tyler Morton,active,148005,52889569608229,119577,,119577
148009,119137,119137,Cristhian Mosquera,active,148009,52881248109097,119137,,119137
148010,148010,571999,Lewis Dobbin,active,148010,148010,148010,,
148012,141483,141483,CJ Egan-Riley,active,148012,148012,141483,,141483
148013,119440,119440,James McAtee,active,148013,55067386462765,119440,,119440
148016,148016,572000,Agustín Nadruz,active,148016,148016,148016,,
148019,148019,572011,Jeremy Sarmiento,active,148019,148019,148019,,
148024,148024,572015,Louie Moulden,active,148024,148024,148024,,
148029,148029,572027,Jahnoah Markelo,active,148029,148029,148029,,
148075,126354,126354,Diego Callai,active,148075,148075,126354,,126354
148084,148084,572044,Jokin Gabilondo,active,148084,148084,148084,,
148088,148088,572045,Dirk Asare,active,148088,148088,148088,,
148093,148093,572046,Sora Ogawa,active,148093,148093,148093,,
148098,103437,103437,Joseph Rosales,active,148098,148098,103437,,103437
148101,37670,37670,Antonio Nusa,active,148101,56165287477893,37670,,37670
148126,148126,572047,Siebe Wylin,active,148126,148126,148126,,
148134,148134,572049,Hadj Mahmoud,active,148134,148134,148134,,
148137,148137,572051,Ege Tiknaz,active,148137,148137,148137,,
148144,148144,572061,Marko Divković,active,148144,148144,148144,,
148147,148147,572062,Nicholas Mickelson,active,148147,105851079770803,148147,,
148151,40993,40993,Zsolt Nagy,active,148151,148151,40993,,40993
148152,148152,572063,Maxim Starodubtsev,active,8536760,8536760,148152,,
148153,148153,572069,Andri Guðjohnsen,active,148153,148153,148153,,
148158,148158,572072,Moisés Ramírez,active,148158,148158,148158,,
148162,148162,572073,Y. Borges Sanches,active,148162,148162,148162,,
148165,635758,635758,Cleiton,active,148165,148165,635758,,635758
148166,148166,572074,Andrea Oliveri,active,148166,148166,148166,,
148172,112462,112462,Maghnes Akliouche,active,148172,52846619935436,112462,,112462
148183,148183,572075,Melker Widell,active,148183,148183,148183,,
148186,148186,572076,Nacho Martín,active,148186,148186,148186,,
148192,148192,572077,Motoki Ohara,active,148192,148192,148192,,
148202,148202,572078,Lynnt Audoor,active,148202,148202,148202,,
148206,148206,572086,C. Gammelgaard,active,148206,148206,148206,,
148208,124200,124200,Elias Jelert,active,148208,148208,124200,,124200
148212,148212,572095,Dawda Camara,active,148212,148212,148212,,
148221,148221,572096,Filippo Missori,active,148221,148221,148221,,
148223,141501,141501,R.Floriani Mussolini,active,148223,148223,141501,,141501
148303,148303,572098,Junior Palacios,active,148303,148303,148303,,
148546,110916,110916,Vicente Reyes,active,148546,148546,110916,,110916
148602,148602,572101,Jonathan Gómez,active,148602,148602,148602,,
148928,148928,572102,Heriberto Jurado,active,148928,148928,148928,,
148930,540319,540319,Diego Robledo,active,8537538,148930,540319,,540319
148952,540323,540323,Ismael Valentino,active,8537560,148952,540323,,540323
148967,148967,572104,Hugo González,active,148967,148967,148967,,
148968,110211,110211,Pedro Alemañ,active,148968,148968,110211,,110211
148970,63191,63191,Abde Ezzalzouli,active,148970,148970,63191,,63191
148971,148971,572111,Damián Pizarro,active,148971,148971,148971,,
148977,148977,572113,Matías Pinto,active,148977,148977,148977,,
148984,148984,572118,Kamory Doumbia,active,148984,52851451774456,148984,,
148986,148986,572120,Daniel Oyegoke,active,148986,148986,148986,,
148992,148992,572122,Cristian Volpato,active,148992,148992,148992,,
148995,148995,572123,Baptiste Mouazan,active,148995,148995,148995,,
148996,148996,572124,Carlos Martín,active,148996,148996,148996,,
148997,148997,572127,Hugo Álvarez,active,148997,148997,148997,,
148998,148998,572130,Wanya Marçal,active,148998,148998,148998,,
149482,149482,572131,Dinis Storchi,active,8538090,8538090,149482,,
149483,149483,572133,Esther Coelho,active,8538091,8538091,149483,,
149484,149484,572155,Glaci Clark,active,8538092,8538092,149484,,
149485,149485,572156,Santiago Lacerda,active,8538093,8538093,149485,,
149486,149486,572160,Inacio Sodre,active,8538094,8538094,149486,,
149487,149487,572161,Eleuterio Graziano,active,8538095,8538095,149487,,
149488,149488,572165,Tancredo Mallmann,active,8538096,8538096,149488,,
149489,149489,572187,Evandro Mascarenhas,active,8538097,8538097,149489,,
149490,149490,572193,Eduarte Gonçalves,active,8538098,8538098,149490,,
149491,149491,572197,Marco Dimas,active,8538099,8538099,149491,,
149492,149492,572200,Euginio Bertulani,active,8538100,8538100,149492,,
149493,149493,572208,Orville Cortes,active,8538101,8538101,149493,,
149494,149494,572211,Inigo Guerra,active,8538102,8538102,149494,,
149495,149495,572213,Acurcio Farias,active,8538103,8538103,149495,,
149496,149496,572215,Amaro Lemos,active,8538104,8538104,149496,,
149497,149497,572218,Kevin Jatene,active,8538105,8538105,149497,,
149498,149498,572223,Gilberto Barros,active,8538106,8538106,149498,,
149499,149499,572229,Helder Taunay,active,8538107,8538107,149499,,
149500,149500,572233,Apolinario Nicolelis,active,8538108,8538108,149500,,
149501,149501,572240,Roberto Pessoa,active,8538109,8538109,149501,,
149502,149502,572242,Heliodoro Boff,active,8538110,8538110,149502,,
149503,149503,572244,Welington Pauletto,active,8538111,8538111,149503,,
149504,149504,572247,Salomão Motta,active,8538112,8538112,149504,,
149505,149505,572251,Og de Mello,active,8538113,8538113,149505,,
149506,149506,572255,Keti Safra,active,8538114,8538114,149506,,
149507,149507,572256,Boris Assuncão,active,8538115,8538115,149507,,
149508,149508,572270,Jom Andrade,active,8538116,8538116,149508,,
149509,149509,572272,Cruz Goulart,active,8538117,8538117,149509,,
149510,149510,572276,Estaquio Antunes,active,8538118,8538118,149510,,
149511,149511,572284,Amadeu Ribeiro,active,8538119,8538119,149511,,
149512,149512,572285,Clodovil Vargas,active,8538120,8538120,149512,,
149513,149513,572286,Imre Gouvea,active,8538121,8538121,149513,,
149514,149514,572288,Julio Martins,active,8538122,8538122,149514,,
149515,149515,572297,Mauricio Cunha,active,8538123,8538123,149515,,
149516,149516,572313,Zumbi Loureiro,active,8538124,8538124,149516,,
149517,149517,572357,Shirley Cruz,active,8538125,8538125,149517,,
149518,149518,572396,Candido Righi,active,8538126,8538126,149518,,
149519,149519,572407,Jose Reymond,active,8538127,8538127,149519,,
149520,149520,572422,Lais Farid,active,8538128,8538128,149520,,
149521,149521,572427,Humberto Padilha,active,8538129,8538129,149521,,
149522,149522,575795,Arielo Verga,active,8538130,8538130,149522,,
149523,149523,575796,Altino da Rocha,active,8538131,8538131,149523,,
149524,149524,575797,Nicolao Penna,active,8538132,8538132,149524,,
149525,149525,575798,Vinicius Dimas,active,8538133,8538133,149525,,
149526,149526,575799,Abraão Penha,active,8538134,8538134,149526,,
149527,149527,575800,Roberto Xavier,active,8538135,8538135,149527,,
149551,149551,575801,Candido Lemann,active,8538159,8538159,149551,,
149552,149552,575802,Filomeno Camara,active,8538160,8538160,149552,,
149553,149553,575803,Aquario Dimas,active,8538161,8538161,149553,,
149554,149554,575804,Marcio Klein,active,8538162,8538162,149554,,
149555,149555,575805,Pedro Lobo,active,8538163,8538163,149555,,
149556,149556,575806,Edmond Navarro,active,8538164,8538164,149556,,
149557,149557,575807,Abraão Walsh,active,8538165,8538165,149557,,
149558,149558,575808,Filomeno Saback,active,8538166,8538166,149558,,
149559,149559,575809,Janio Roriz,active,8538167,8538167,149559,,
149560,149560,575810,Amaro Miranda,active,8538168,8538168,149560,,
149561,149561,575811,Hebert Domingues,active,8538169,8538169,149561,,
149562,149562,575812,Wagner de Andrada,active,8538170,8538170,149562,,
149563,149563,575813,Tufi Piraja,active,8538171,8538171,149563,,
149564,149564,575814,Bruno Teixeira,active,8538172,8538172,149564,,
149565,149565,576590,Jean Cortes,active,8538173,8538173,149565,,
149566,149566,576595,Barão Lachowski,active,8538174,8538174,149566,,
149567,149567,576598,Cesar Muller,active,8538175,8538175,149567,,
149568,149568,576605,Sidnei Zangrandi,active,8538176,8538176,149568,,
149569,149569,576606,Amancio Doria,active,8538177,8538177,149569,,
149570,149570,576607,Vinicius Safra,active,8538178,8538178,149570,,
149571,149571,576608,Joaquim França,active,8538179,8538179,149571,,
149572,149572,576609,Filipe Miranda,active,8538180,8538180,149572,,
149573,149573,576610,Juscelino Sá,active,8538181,8538181,149573,,
150844,118949,118949,César Tárrega,active,150844,150844,118949,,118949
150853,150853,576611,Agustín Palavecino,active,150853,150853,150853,,
150854,150854,576612,Alejandro Iturbe,active,150854,150854,150854,,
150875,150875,576613,Koki Sakamoto,active,150875,150875,150875,,
150876,150876,576614,Naohiro Sugiyama,active,150876,150876,150876,,
150897,150897,576615,Marcelo Estigarribia,active,150897,150897,150897,,
150914,150914,576616,Gonzalo Flores,active,150914,150914,150914,,
150939,150939,576617,Jhildrey Lasso,active,150939,150939,150939,,
150954,150954,576618,Daniel Pedrozo,active,150954,150954,150954,,
150958,150958,576619,Jorge Cabezas,active,150958,150958,150958,,
150966,150966,576620,Kalazan Suárez,active,150966,150966,150966,,
150971,150971,576621,Sebastián Girado,active,150971,150971,150971,,
150974,150974,576727,Federico Gomes Gerth,active,150974,150974,150974,,
150979,150979,577177,Mateo Cáceres,active,150979,150979,150979,,
150982,150982,577178,Cristian Zabala,active,150982,150982,150982,,
150984,150984,577179,Tomás Fernández,active,150984,150984,150984,,
150989,127570,127570,Juan Barinaga,active,150989,150989,127570,,127570
150993,150993,577180,Tiago Cravero,active,150993,150993,150993,,
150997,150997,577181,Ignacio Tapia,active,150997,150997,150997,,
150998,150998,577182,Bruno Zapelli,active,150998,150998,150998,,
150999,150999,577183,Agustín Colazo,active,150999,150999,150999,,
151010,151010,577184,Brahian Cuello,active,151010,151010,151010,,
151016,151016,577185,Sebastián Váldez,active,151016,151016,151016,,
151051,151051,577186,Diego Chávez,active,151051,151051,151051,,
151116,151116,577187,Isaac Camargo,active,151116,151116,151116,,
151141,151141,577188,Adriano Martins,active,151141,105716862045797,151141,,
151145,151145,577189,Danielzinho,active,151145,105797124247145,151145,,
151189,151189,577190,Maximiliano Zelaya,active,151189,151189,151189,,
151214,151214,577191,César Pérez,active,151214,151214,151214,,
151220,142381,142381,Juan Mosquera,active,151220,151220,142381,,142381
151236,151236,577192,Juan Diego Castillo,active,151236,151236,151236,,
151238,151238,577193,Jhon Meléndez,active,151238,151238,151238,,
151239,151239,577194,Ronaldo Pájaro,active,151239,151239,151239,,
151246,151246,577195,Daniel Rivera,active,151246,151246,151246,,
151247,151247,577196,Nicolás Rodríguez,active,151247,151247,151247,,
151316,151316,577197,Martín Ortega,active,151316,151316,151316,,
151364,151364,577198,Welton Felipe,active,151364,105792292409156,151364,,
151368,151368,577199,Renzo Malanca,active,151368,151368,151368,,
151385,151385,577200,Vicente Lavín,active,151385,151385,151385,,
151396,151396,577201,Benjamín Chandía,active,151396,151396,151396,,
151432,151432,577202,Gustavo Puerta,active,151432,151432,151432,,
151440,151440,577203,Aldair Zárate,active,151440,151440,151440,,
151461,151461,577204,Amadou Samoura,active,151461,151461,151461,,
151463,151463,577205,Carlos Calavia,active,151463,151463,151463,,
151467,151467,577206,Álex Oyón,active,151467,151467,151467,,
151468,151468,577207,Dani Queipo,active,151468,151468,151468,,
151474,151474,577208,Yamato Naito,active,151474,105834436775858,151474,,
151485,151485,577209,Jordan James,active,151485,151485,151485,,
151496,151496,577210,Dylan Lozano,active,151496,151496,151496,,
151498,151498,577211,Jhon Méndez,active,151498,151498,151498,,
151500,141543,141543,Carlos Andrés Gómez,active,151500,151500,141543,,141543
151503,151503,577212,Felipe Ordóñez,active,151503,151503,151503,,
151506,151506,577213,Iker Bravo,active,151506,151506,151506,,
151516,151516,577214,Toya Izumi,active,151516,105748268994524,151516,,
151517,110872,110872,Vitor Roque,active,151517,105628815216605,110872,,110872
151520,122714,122714,Emirhan İlkhan,active,151520,151520,122714,,122714
151525,151525,577215,Aske Andrésen,active,151525,151525,151525,,
151527,151527,577216,Ilias Sebaoui,active,151527,151527,151527,,
151531,102046,102046,Ilias Akhomach,active,151531,105819404390379,102046,,102046
151533,151533,577217,Moisés Brandán,active,151533,151533,151533,,
151534,151534,577218,Santiago Núñez,active,151534,151534,151534,,
151538,151538,577219,Filippo Distefano,active,151538,151538,151538,,
151584,151584,577220,Juan Córdoba,active,151584,151584,151584,,
151590,151590,577221,Nolan Galves,active,151590,151590,151590,,
151591,151591,577222,Skelly Alvero,active,151591,151591,151591,,
151602,151602,577223,Oumar Sidibé,active,151602,151602,151602,,
151604,141552,141552,Roony Bardghji,active,151604,52892253966388,141552,,141552
151608,151608,577224,Benjamín Domínguez,active,151608,151608,151608,,
151613,151613,577225,Yadaly Diaby,active,151613,151613,151613,,
151614,151614,577226,Dani Lorenzo,active,151614,151614,151614,,
151615,151615,577227,Javi Llabrés,active,151615,151615,151615,,
151616,141563,141563,Luismi Cruz,active,151616,151616,141563,,141563
151682,151682,577228,Jasper Samooja,active,151682,151682,151682,,
151683,151683,577229,Tsubasa Terayama,active,151683,151683,151683,,
151687,124934,124934,Alessandro Circati,active,151687,151687,124934,,124934
151693,151693,577230,Cristian Gutiérrez,active,151693,151693,151693,,
151700,151700,577231,Juanpe Gil,active,151700,151700,151700,,
151704,119276,119276,Rubén Iranzo,active,151704,151704,119276,,119276
151720,151720,577232,Dani Tasende,active,151720,151720,151720,,
151733,151733,577233,Yu Hirakawa,active,151733,105787997442229,151733,,
151740,151740,577234,Rijk Janse,active,151740,151740,151740,,
151745,151745,577235,Santi García,active,151745,151745,151745,,
151751,141577,141577,Mike Penders,active,151751,151751,141577,,141577
151760,151760,577236,Jhon Largacha,active,151760,151760,151760,,
151771,141611,141611,Antonio Vergara,active,151771,151771,141611,,141611
151772,151772,577237,Diego Coppola,active,151772,105736457834716,151772,,
151774,151774,577238,Freddie Potts,active,151774,151774,151774,,
151778,38702,38702,Kasey McAteer,active,151778,151778,38702,,38702
151790,151790,577239,Zidane Iqbal,active,151790,151790,151790,,
151794,151794,577240,Wesley,active,151794,55069802385650,151794,,
151798,151798,577241,Isaac Valença,active,151798,151798,151798,,
151801,151801,577242,Luca Jaquez,active,151801,151801,151801,,
151805,126741,126741,Gonçalo Borges,active,151805,151805,126741,,126741
151809,151809,577243,William Clem,active,151809,151809,151809,,
151813,117752,117752,Jarell Quansah,active,151813,52898159546629,117752,,117752
151819,151819,577244,Miller Thomson,active,151819,151819,151819,,
151827,151827,577245,Óscar Rivas,active,151827,151827,151827,,
151830,128436,128436,Archie Gray,active,151830,105729746948374,128436,,128436
151831,151831,577246,Peter González,active,151831,151831,151831,,
151836,151836,577247,Alberto Flores,active,151836,151836,151836,,
151840,151840,577248,Martin Adeline,active,151840,151840,151840,,
151847,151847,577249,Marc Pubill,active,151847,55067654902055,151847,,
151850,540913,540913,João Marcelo,active,151850,55068191772970,540913,,540913
151851,650338,650338,João Mendes,active,151851,151851,650338,,650338
151852,121957,121957,Vasco Sousa,active,151852,151852,121957,,121957
151855,151855,577250,Tomás Araújo,active,151855,105752027091247,151855,,
151857,151857,577251,Jonathan Rowe,active,151857,52874000355633,151857,,
151871,116112,116112,Lewis Hall,active,151871,52878563758399,116112,,116112
151874,151874,577252,Jude Soonsup-Bell,active,151874,151874,151874,,
151875,151875,577253,Maaya Sako,active,151875,151875,151875,,
151894,46624,46624,Frank Magri,active,151894,151894,46624,,46624
151899,151899,577254,Zak Lovelace,active,151899,151899,151899,,
151903,151903,577255,Estanis Pedrola,active,151903,151903,151903,,
151905,130913,130913,Rafa Marín,active,151905,151905,130913,,130913
151918,151918,577256,Fraser Taylor,active,151918,151918,151918,,
151921,120110,120110,Soungoutou Magassa,active,151921,151921,120110,,120110
151924,151924,577257,Lohann Doucet,active,151924,151924,151924,,
151927,151927,577258,Javi Moreno,active,151927,151927,151927,,
151931,151931,577259,Dinis Pinto,active,151931,151931,151931,,
151933,151933,577260,Leonardo Buta,active,151933,151933,151933,,
151937,115021,115021,Charlie Patino,active,151937,151937,115021,,115021
151942,151942,577261,Ibrahim Diakité,active,151942,151942,151942,,
151958,128239,128239,Iván Fresneda,active,151958,151958,128239,,128239
151961,151961,577262,Yael Mouanga,active,151961,151961,151961,,
151971,151971,577263,Moudja Sié Ouattara,active,151971,151971,151971,,
151974,151974,577264,Trésor Matondo,active,151974,151974,151974,,
151975,151975,577265,Junior Kadile,active,151975,151975,151975,,
151977,151977,577266,Agustín Irazoque,active,151977,151977,151977,,
151980,151980,577267,Magnus Knudsen,active,151980,151980,151980,,
151989,151989,577268,Ryan Mullen,active,151989,151989,151989,,
151990,151990,577269,Ben Gannon-Doak,active,151990,105863159370166,151990,,
151993,151993,577270,Joel Roca,active,151993,151993,151993,,
151994,151994,577271,Jacques Ekomié,active,151994,151994,151994,,
151995,151995,577272,Ikhsan Fandi,active,151995,151995,151995,,
151998,151998,577273,Giorgio Cittadini,active,151998,151998,151998,,
152006,152006,577274,Seiya Inoue,active,152006,152006,152006,,
152010,152010,577275,Kaito Mori,active,152010,53876875219402,152010,,
152013,152013,577276,Armando Méndez,active,152013,152013,152013,,
152019,152019,577277,Ivan Saio,active,152019,152019,152019,,
152020,152020,577278,Marcos Victor,active,152020,152020,152020,,
152021,152021,577279,Dylan Tait,active,152021,152021,152021,,
152033,152033,577280,Giacomo Toniolo,active,152033,152033,152033,,
152039,103173,103173,Elvis Mendes,active,8540647,8540647,103173,,103173
152042,124078,124078,Oliver Provstgaard,active,152042,152042,124078,,124078
152049,152049,577281,Sinclair Armstrong,active,152049,152049,152049,,
152060,152060,577282,Jaime Acosta,active,152060,152060,152060,,
152062,152062,577283,Daniel Polanco,active,152062,152062,152062,,
152065,152065,577284,Iker Benito,active,152065,152065,152065,,
152073,36659,36659,Mika Biereth,active,152073,52880711242249,36659,,36659
152074,152074,577285,Pascal Le Flem,active,8540682,8540682,152074,,
152094,152094,577286,Phon-Ek Maneekorn,active,152094,152094,152094,,
152097,152097,577287,Léider Berrío,active,152097,152097,152097,,
152103,141717,141717,Paul Wanner,active,152103,105819941261863,141717,,141717
152111,152111,577288,Ugo Raghouber,active,152111,152111,152111,,
152118,152118,577289,Nitisak Anulun,active,152118,152118,152118,,
152123,46942,46942,Oscar Bobb,active,152123,52851183342139,46942,,46942
152124,152124,577290,Kazeem Olaigbe,active,152124,152124,152124,,
152126,152126,577291,Ashley Phillips,active,152126,152126,152126,,
152127,152127,577292,Adam Wharton,active,152127,105802224521791,152127,,
152132,152132,577293,Lewin Blum,active,152132,152132,152132,,
152137,152137,577294,Ernest Nuamah,active,152137,152137,152137,,
152141,152141,577295,Sittha Boonlha,active,152141,152141,152141,,
152144,152144,577296,Teerasak Poeiphimai,active,152144,53881170186832,152144,,
152146,152146,577297,Phanthamit Praphanth,active,152146,106761881277010,152146,,
152149,152149,577298,Henry Mosquera,active,152149,105716862046805,152149,,
152156,152156,577299,Brenner,active,152156,152156,152156,,
152160,152160,577300,Diego Coelho,active,152160,152160,152160,,
152161,152161,577301,Maïdine Douane,active,152161,152161,152161,,
152162,152162,577302,Adrian Barišić,active,152162,152162,152162,,
152165,152165,577303,Taishi Semba,active,152165,152165,152165,,
152166,152166,577304,Kiriya Sakamoto,active,152166,152166,152166,,
152167,152167,577305,Rui Yokoyama,active,152167,152167,152167,,
152169,152169,577306,Asahi Sasaki,active,152169,53980491305577,152169,,
152172,152172,577307,Kuryu Matsuki,active,152172,55069265515116,152172,,
152183,152183,577308,Joel Nouble,active,152183,152183,152183,,
152190,152190,577665,Friday Etim,active,152190,152190,152190,,
152193,152193,577686,Pierre Ekwah,active,152193,152193,152193,,
152198,114118,114118,Javi Guerra,active,152198,55068728644230,114118,,114118
152202,152202,577687,Ryosuke Maeda,active,152202,152202,152202,,
152205,152205,577688,Kaito Umeda,active,152205,152205,152205,,
152206,152206,577694,Sere Matsumura,active,152206,152206,152206,,
152207,152207,577696,Junnosuke Suzuki,active,152207,106762955018895,152207,,
152208,152208,577697,Akito Suzuki,active,152208,53980491305616,152208,,
152217,152217,577699,Carlos Esparragoza,active,152217,152217,152217,,
152218,152218,577700,Kazuki Tanaka,active,152218,105748268995226,152218,,
152220,152220,577701,Taichi Kikuchi,active,152220,105764911993500,152220,,
152221,152221,577718,Kyo Sato,active,152221,105666664616605,152221,,
152222,152222,577719,Shunta Araki,active,152222,105704245580446,152222,,
152224,152224,577720,Yukihito Kajiya,active,152224,152224,152224,,
152242,152242,577753,Jacopo Fazzini,active,152242,152242,152242,,
152245,152245,577754,Alexander Oroz,active,152245,152245,152245,,
152246,152246,577755,Marcos Paulo,active,152246,152246,152246,,
152258,152258,577761,Yeferson Paz,active,152258,152258,152258,,
152259,152259,577766,Edoardo Pieragnolo,active,152259,152259,152259,,
152263,152263,577767,Kazuma Okamoto,active,152263,152263,152263,,
152268,152268,577779,Jonathan Perlaza,active,152268,152268,152268,,
152269,152269,577780,Louis Mouton,active,152269,152269,152269,,
152273,152273,577794,Songwut Kraikruan,active,152273,152273,152273,,
152274,152274,577795,Bram Lagae,active,152274,152274,152274,,
152279,152279,577796,Riku Yamane,active,152279,53975927902935,152279,,
152280,152280,577797,Yuta Miyamoto,active,152280,105834436776664,152280,,
152281,152281,577799,Kaito Yasui,active,152281,105767059477209,152281,,
152284,152284,577946,Shuhei Mizoguchi,active,152284,105843563582172,152284,,
152285,152285,577950,Yuya Tsuboi,active,152285,152285,152285,,
152286,152286,577951,Yusei Ozaki,active,152286,105689213194974,152286,,
152288,152288,577972,Kanta Chiba,active,152288,105834436776672,152288,,
152291,152291,577976,Eldin Lolić,active,152291,152291,152291,,
152292,152292,577978,Iurie Iovu,active,152292,152292,152292,,
152293,152293,578068,Kevin Gadellaa,active,152293,152293,152293,,
152296,152296,578069,Damian van der Haar,active,152296,152296,152296,,
152299,109851,109851,Johnny Kenny,active,152299,152299,109851,,109851
152305,141741,141741,Tommaso De Nipoti,active,152305,152305,141741,,141741
152317,152317,578070,Lucas Maronnier,active,152317,152317,152317,,
152322,152322,578071,Arthur,active,152322,152322,152322,,
152323,128562,128562,Gustavo Marques,active,152323,152323,128562,,128562
152327,152327,578072,Andrey,active,152327,152327,152327,,
152344,152344,578073,Kauan Faria,active,152344,152344,152344,,
152351,124022,124022,Mario Gila,active,152351,55069802386207,124022,,124022
152358,152358,578074,Felipe Mosquera,active,152358,152358,152358,,
152361,152361,578075,Joider Micolta,active,152361,152361,152361,,
152363,152363,578076,Daniel Mosquera,active,152363,152363,152363,,
152366,152366,578077,Juan Ávalo,active,152366,152366,152366,,
152374,152374,578078,Manu Lama,active,152374,152374,152374,,
152375,152375,578079,Kike Salas,active,152375,152375,152375,,
152376,152376,578080,Juan Carlos Arana,active,152376,152376,152376,,
152377,152377,578081,Tiago Ribeiro,active,152377,152377,152377,,
152388,152388,578082,Ryan Alebiosu,active,152388,152388,152388,,
152391,141742,141742,Tadeo Allende,active,152391,105768670090055,141742,,141742
152392,152392,578083,Eduardo Villanueva,active,152392,152392,152392,,
152400,152400,578084,Petterson,active,152400,152400,152400,,
152403,106762,106762,Óscar Cortés,active,152403,152403,106762,,106762
152404,625905,625905,Alex Moreno,active,152404,152404,625905,,625905
152407,152407,578085,Beckham Castro,active,152407,152407,152407,,
152412,152412,578086,Pablo Pagis,active,152412,152412,152412,,
152424,152424,578087,Nassim Zoukit,active,152424,152424,152424,,
152428,152428,578088,Agustín Auzmendi,active,152428,152428,152428,,
152436,152436,578089,Yanis Kouini,active,152436,152436,152436,,
152437,152437,578090,Manafu Wakabayashi,active,152437,152437,152437,,
152439,152439,578183,Ren Kato,active,152439,105767059477367,152439,,
152441,152441,578184,Hiroto Taniguchi,active,152441,152441,152441,,
152442,152442,578185,Tetsuyuki Inami,active,152442,152442,152442,,
152445,152445,578186,Tomás Silva,active,152445,152445,152445,,
152446,152446,578187,Oumar Ngom,active,152446,152446,152446,,
152449,540765,540765,Mateus Henrique,active,16929665,16929665,540765,,540765
152452,152452,578188,Jack Milne,active,152452,152452,152452,,
152458,120122,120122,Willian Pacho,active,152458,55072486740874,120122,,120122
152462,114530,114530,Amine Salama,active,152462,152462,114530,,114530
152464,152464,578189,Koya Hayashida,active,152464,152464,152464,,
152478,152478,578190,Juan Pablo Pignani,active,152478,152478,152478,,
152484,152484,578191,Gustavo Martins,active,152484,152484,152484,,
152492,152492,578192,Enzo Tchato,active,152492,152492,152492,,
152496,152496,578193,Henrique Araújo,active,152496,152496,152496,,
152499,152499,578194,Shunsuke Nishikubo,active,152499,152499,152499,,
152501,152501,578195,Taro Hamada,active,152501,105757127365557,152501,,
152505,152505,578196,João Moreira,active,152505,152505,152505,,
152514,152514,578197,Taha Altıkardeş,active,152514,152514,152514,,
152519,152519,578198,Edward Chilufya,active,152519,152519,152519,,
152600,152600,578199,Anthony Oyono,active,152600,152600,152600,,
152606,152606,578200,Lamine Sy,active,152606,152606,152606,,
152612,152612,578201,Victor Aznar,active,152612,152612,152612,,
152613,152613,578202,Junior Olaïtan,active,152613,53982638789669,152613,,
152615,152615,578203,Denso Kasius,active,152615,152615,152615,,
152617,152617,578204,Mattia Motolese,active,152617,152617,152617,,
152622,61479,61479,Ramón Sosa,active,152622,152622,61479,,61479
152629,152629,578205,Pedro Ganchas,active,152629,152629,152629,,
152633,152633,578344,Haruka Motoyama,active,152633,152633,152633,,
152635,152635,578345,Yudai Tanaka,active,152635,152635,152635,,
152636,152636,578346,Juanmi Latasa,active,152636,152636,152636,,
152640,152640,578347,Sho Omori,active,152640,105834436777024,152640,,
152641,152641,578348,Ko Miyazaki,active,152641,152641,152641,,
152646,152646,578349,Felipe Ogaz,active,152646,152646,152646,,
152647,152647,578350,Kodai Yamauchi,active,152647,152647,152647,,
152657,152657,578351,Olympio Baccarin,active,8541265,105766791042129,152657,,
152663,152663,578352,Diego Ulloa,active,152663,152663,152663,,
152674,152674,578353,Hayate Tanaka,active,152674,105748268995682,152674,,
152675,152675,578354,Kodai Mori,active,152675,152675,152675,,
152676,152676,578355,Rio Hyon,active,152676,152676,152676,,
152677,152677,578356,Oriola Sunday,active,152677,152677,152677,,
152680,152680,578357,Amin Sarr,active,152680,152680,152680,,
152682,123113,123113,Silvano Vos,active,152682,152682,123113,,123113
152689,152689,578358,Tayo Adaramola,active,152689,152689,152689,,
152691,152691,578359,Yira Sor,active,152691,152691,152691,,
152692,152692,578360,Julián Fernández,active,152692,152692,152692,,
152693,152693,578361,Daniel Júnior,active,152693,152693,152693,,
152710,152710,578362,Kevin Ortíz,active,152710,152710,152710,,
152713,152713,578363,Mateo Sanabria,active,152713,152713,152713,,
152714,152714,578364,Giovanni Bonfanti,active,152714,152714,152714,,
152717,124902,124902,Leandro Brey,active,152717,152717,124902,,124902
152726,152726,578365,Murphy Cooper,active,152726,152726,152726,,
152727,152727,578366,Esteban Matus,active,152727,152727,152727,,
152728,152728,578390,Daniel Piña,active,152728,152728,152728,,
152742,152742,578391,Esteban Kirkman,active,152742,152742,152742,,
152748,152748,578392,Christiaan Ravych,active,152748,152748,152748,,
152749,65052,65052,Maksym Talovierov,active,152749,152749,65052,,65052
152750,152750,578393,David Jurásek,active,152750,152750,152750,,
152754,152754,578394,Valentín Gómez,active,152754,105827994326194,152754,,
152757,152757,578395,Gonzalo Siri Payer,active,152757,152757,152757,,
152759,152759,578396,Thiago Santamaría,active,152759,152759,152759,,
152761,152761,578397,Juan Cardozo,active,152761,152761,152761,,
152762,152762,578398,David Zalazar,active,152762,152762,152762,,
152763,152763,578399,José Herrera,active,152763,152763,152763,,
152768,152768,578400,Benjamin Kabeya,active,152768,152768,152768,,
152811,152811,578401,Nick Taylor,active,152811,152811,152811,,
152827,152827,578402,Ousseni Bouda,active,152827,152827,152827,,
152843,152843,578403,Tani Oluwaseyi,active,152843,152843,152843,,
152850,152850,578404,Gavin Beavers,active,152850,152850,152850,,
152859,152859,578405,Guzmán Corujo,active,152859,152859,152859,,
152875,152875,578406,Kevin Parra,active,152875,152875,152875,,
152876,152876,578407,Samuel Velásquez,active,152876,152876,152876,,
152880,152880,578408,Kilian Toscano,active,152880,152880,152880,,
152883,152883,578409,Shuto Nakano,active,152883,53968411710771,152883,,
152887,122051,122051,Cesare Casadei,active,152887,105747195254071,122051,,122051
152896,152896,578410,Ignacio Fuenzalida,active,152896,152896,152896,,
152897,152897,578411,Yudai Kimura,active,152897,105665590875457,152897,,
152898,152898,578412,Sota Miura,active,152898,105728689984834,152898,,
152899,152899,578436,Hiromu Kamada,active,152899,105843832018243,152899,,
152908,152908,578437,Pablo Barrios,active,152908,52887153694028,152908,,
152910,61464,61464,K. Koulierakis,active,152910,152910,61464,,61464
152925,152925,578438,Livano Comenencia,active,152925,152925,152925,,
152927,152927,578439,Thibault Klidjé,active,152927,152927,152927,,
152928,45691,45691,Désiré Doué,active,152928,56166361224544,45691,,45691
152929,152929,578440,Nordine Kandil,active,152929,152929,152929,,
152931,152931,578441,Jumpei Hayakawa,active,152931,152931,152931,,
152944,152944,578442,Reiju Tsuruno,active,152944,152944,152944,,
152945,152945,578443,Nelson Ishiwatari,active,152945,105781554992497,152945,,
152946,152946,578444,Riku Ochiai,active,152946,105651632231794,152946,,
152947,152947,578445,Mateo Clemente,active,152947,152947,152947,,
152952,60445,60445,Bilal El Khannouss,active,152952,55068460209528,60445,,60445
152953,152953,578446,José Tapia,active,152953,152953,152953,,
152954,152954,578447,Alexander Simmelhack,active,152954,152954,152954,,
152956,152956,578448,Yuta Ueda,active,152956,152956,152956,,
152957,152957,578449,Sora Hiraga,active,152957,152957,152957,,
152959,152959,578450,Yoshiki Narahara,active,152959,152959,152959,,
152966,152966,578451,Fabricio Iacovich,active,152966,152966,152966,,
152990,152990,578452,Kjell Peersman,active,152990,152990,152990,,
152995,152995,578453,Mateo Seoane,active,152995,152995,152995,,
153007,141903,141903,Noah Allen,active,153007,153007,141903,,141903
153025,153025,578454,Matías Plaza,active,153025,153025,153025,,
153028,153028,578455,Takuro Ezaki,active,153028,153028,153028,,
153031,540325,540325,Gene Melachrino,active,8541639,153031,540325,,540325
153032,153032,578456,Alex Freeman,active,153032,56168508708296,153032,,
153041,153041,578457,José García,active,153041,153041,153041,,
153057,153057,578458,Jesús Muñoz,active,153057,153057,153057,,
153058,153058,578533,Jorge Yriarte,active,153058,153058,153058,,
153065,153065,578534,Alan Lescano,active,153065,153065,153065,,
153073,153073,578535,Brayan Medina,active,153073,153073,153073,,
153082,153082,578536,Mexx Meerdink,active,153082,105835778954746,153082,,
153083,153083,578537,Timo Jansink,active,153083,153083,153083,,
153084,153084,578538,Sem Scheperman,active,153084,153084,153084,,
153087,153087,578539,Abdoul Ouattara,active,153087,153087,153087,,
153094,153094,578540,Rein Van Helden,active,153094,153094,153094,,
153099,568273,568273,Alexsandro,active,153099,153099,568273,,568273
153108,153108,578541,Sidney Lima,active,153108,153108,153108,,
153110,60345,60345,Walt Aubrey,active,8541718,8541718,60345,,60345
153116,141944,141944,Manu Silva,active,153116,153116,141944,,141944
153135,153135,578542,João Tomé,active,153135,153135,153135,,
153137,153137,578543,António Silva,active,153137,52884200904241,153137,,
153141,153141,578544,Martim Neto,active,153141,105807324796469,153141,,
153142,153142,578545,Pedro Santos,active,153142,153142,153142,,
153143,142294,142294,Diego Moreira,active,153143,153143,142294,,142294
153145,118160,118160,Cher Ndour,active,153145,53973511984697,118160,,118160
153147,153147,578546,Diogo Nascimento,active,153147,153147,153147,,
153149,126547,126547,Tiago Gouveia,active,153149,153149,126547,,126547
153150,153150,578547,Duk,active,153150,153150,153150,,
153152,153152,578548,Henrique Pereira,active,153152,153152,153152,,
153159,153159,578549,Leonardo Lelo,active,153159,153159,153159,,
153161,153161,578550,Jota Silva,active,153161,53981028177481,153161,,
153181,153181,578551,Cristóbal López,active,153181,153181,153181,,
153183,153183,578552,Joaquín Soto,active,153183,153183,153183,,
153188,153188,578553,Macaulay Tait,active,153188,153188,153188,,
153191,153191,578554,Ollie Arblaster,active,153191,153191,153191,,
153208,133394,133394,Kawan,active,153208,153208,133394,,133394
153209,153209,578555,Efe Sarıkaya,active,153209,153209,153209,,
153210,123611,123611,Renato Veiga,active,153210,52885543081594,123611,,123611
153219,153219,578625,Maxim Dekker,active,153219,153219,153219,,
153221,153221,578626,Bas Langenbick,active,153221,153221,153221,,
153222,142363,142363,Robert Renan,active,153222,153222,142363,,142363
153325,153325,578627,Fares Chaïbi,active,153325,105819941263085,153325,,
153333,153333,578628,Yassine Belkhdim,active,153333,153333,153333,,
153340,153340,578629,Mike Kleijn,active,153340,153340,153340,,
153343,142774,142774,Jelle Van Neck,active,153343,153343,142774,,142774
153346,153346,578630,Otávio,active,153346,153346,153346,,
153352,153352,578631,Mathias Olesen,active,153352,153352,153352,,
153368,153368,578632,Shiloh 't Zand,active,153368,153368,153368,,
153375,153375,578633,Pratama Arhan,active,153375,88030455158559,153375,,
153376,153376,578634,Ezequiel Herrera,active,153376,153376,153376,,
153384,153384,578635,Santiago Hidalgo,active,153384,153384,153384,,
153402,153402,578636,Tomás Adoryán,active,153402,153402,153402,,
153418,153418,578637,Gabriel Díaz,active,153418,153418,153418,,
153419,153419,578638,Anıl Çınar,active,153419,153419,153419,,
153422,153422,578639,Jahmali Waite,active,153422,153422,153422,,
153426,153426,578640,Milan Smit,active,153426,153426,153426,,
153432,153432,578641,Jair Cunha,active,153432,52886885259096,153432,,
153433,153433,578642,Leonardo Zabala,active,153433,153433,153433,,
153435,153435,578643,R. Fernández Cedrés,active,153435,153435,153435,,
153440,153440,578644,Weslley,active,153440,153440,153440,,
153444,153444,578645,Léo Derik,active,153444,153444,153444,,
153446,153446,578646,Lucca Prior,active,153446,153446,153446,,
153447,153447,578647,Gregorio Mariscal,active,8542055,56163139999591,153447,,
153467,59291,59291,Carlos Baleba,active,153467,52885543081851,59291,,59291
153473,153473,578648,Abu Kamara,active,153473,153473,153473,,
153474,153474,578649,Tony Springett,active,153474,153474,153474,,
153483,153483,578650,Thiago Fernández,active,153483,153483,153483,,
153485,323669,323669,Christian Ordóñez,active,153485,105793903024013,323669,,323669
153487,153487,578651,Facundo Pimienta,active,153487,153487,153487,,
153488,126733,126733,Gianluca Prestianni,active,153488,153488,126733,,126733
153498,153498,578652,Andrés Carreño,active,153498,153498,153498,,
153504,153504,578653,Rubén Gómez,active,153504,153504,153504,,
153508,153508,578654,Rodri Alonso,active,153508,153508,153508,,
153515,153515,578655,Álex Forés,active,153515,153515,153515,,
153516,153516,578656,Jorge Pascual,active,153516,153516,153516,,
153551,153551,578657,Alessandro Louati,active,153551,153551,153551,,
153575,153575,578658,Jozhua Vertrouwd,active,153575,153575,153575,,
153578,153578,578659,Walid Ould-Chikh,active,153578,153578,153578,,
153580,153580,578660,Younes Taha,active,153580,153580,153580,,
153588,153588,578661,Lequincio Zeefuik,active,153588,153588,153588,,
153589,153589,578662,Milan Zonneveld,active,153589,153589,153589,,
153595,153595,578663,Oussama El Azzouzi,active,153595,153595,153595,,
153614,153614,578664,Zakaria El Ouahdi,active,153614,153614,153614,,
153629,153629,578665,Kyan Vaesen,active,153629,153629,153629,,
153657,153657,578666,Tommaso Berti,active,153657,153657,153657,,
153665,153665,578667,Stiven Shpendi,active,153665,153665,153665,,
153694,366738,366738,Walid Cheddira,active,153694,153694,366738,,366738
153696,119705,119705,Dani Barcia,active,153696,153696,119705,,119705
153700,116145,116145,Diego Villares,active,153700,153700,116145,,116145
153701,122618,122618,Yeremay Hernández,active,153701,153701,122618,,122618
153706,153706,578668,Harry Darling,active,153706,153706,153706,,
153710,153710,578669,Scott Twine,active,153710,153710,153710,,
153727,153727,578670,Panutche Camará,active,153727,153727,153727,,
153728,153728,578694,Adam Randell,active,153728,153728,153728,,
153754,153754,578695,Alessandro Arena,active,153754,153754,153754,,
153765,153765,578696,Pablo Meixús,active,153765,153765,153765,,
153766,153766,578697,Tincho Conde,active,153766,153766,153766,,
153767,153767,578698,Yoel Lago,active,153767,153767,153767,,
153773,153773,578699,James Carragher,active,153773,153773,153773,,
153774,153774,578700,Charlie Hughes,active,153774,153774,153774,,
153777,38570,38570,Thelo Aasgaard,active,153777,153777,38570,,38570
153801,153801,578701,Juan Gutiérrez,active,153801,153801,153801,,
153803,153803,578702,Álvaro Mantilla,active,153803,153803,153803,,
153809,153809,578703,Pablo Torre,active,153809,52874000357585,153809,,
153832,153832,578704,Patrizio Masini,active,153832,153832,153832,,
153844,153844,578705,Edoardo Duca,active,153844,153844,153844,,
153852,153852,578706,Jesús Bernal,active,153852,153852,153852,,
153878,153878,578707,Dalton Wilkins,active,153878,153878,153878,,
153881,153881,578708,Alexander Lyng,active,153881,153881,153881,,
153903,153903,578709,Sayfallah Ltaief,active,153903,153903,153903,,
153918,153918,578710,Nermin Karić,active,153918,153918,153918,,
153924,153924,578711,Pascal Kuiper,active,153924,153924,153924,,
153928,153928,578712,Julian Baas,active,153928,153928,153928,,
153932,129239,129239,Mats Wieffer,active,153932,52900307032396,129239,,129239
153941,153941,578713,Trai Hume,active,153941,105827189021013,153941,,
153958,153958,578714,Niccolò Corrado,active,153958,153958,153958,,
153971,153971,578715,Pattarapon Suksakit,active,153971,153971,153971,,
153981,524297,524297,Adrià Altimira,active,153981,153981,524297,,524297
153983,153983,578716,Pau Casadesús,active,153983,153983,153983,,
153985,153985,578717,Álex Pastor,active,153985,153985,153985,,
153991,153991,578718,Musah Mohammed,active,153991,105751490222471,153991,,
153996,153996,578719,Enes Keskin,active,153996,153996,153996,,
154003,154003,578720,Donatien Gomis,active,154003,154003,154003,,
154016,154016,578721,Giacomo Corona,active,154016,154016,154016,,
154035,154035,578722,Silas Huber,active,154035,154035,154035,,
154062,154062,578723,Eddy Cabianca,active,154062,154062,154062,,
154096,57250,57250,Patrick Pentz,active,154096,105709077420528,57250,,57250
154097,154097,578724,Marat Sokurov,active,8542705,8542705,154097,,
154102,107603,107603,Orlando Galo,active,154102,154102,107603,,107603
154108,102579,102579,Mohamed Abdelmonem,active,154108,154108,102579,,102579
154109,154109,578725,Mohanad Lasheen,active,154109,84040189,154109,,
154115,106822,106822,Marcelo Santos,active,154115,154115,106822,,106822
154118,60250,60250,Péter Szappanos,active,154118,154118,60250,,60250
154120,154120,578726,Mujtaba Ihab,active,8542728,105868041542152,154120,,
154122,154122,578727,Jalal Zahir,active,8542730,8542730,154122,,
154130,154130,578728,Hugues Matho,active,8542738,8542738,154130,,
154135,154135,578729,Jorge Gutiérrez,active,154135,154135,154135,,
154140,60293,60293,Dejan Petrovič,active,154140,154140,60293,,60293
154141,47781,47781,Žan Karničnik,active,154141,154141,47781,,47781
154142,46635,46635,Tomi Horvat,active,154142,154142,46635,,46635
154158,154158,578730,Julio Soler,active,154158,154158,154158,,
154159,154159,578731,Mauricio Cardillo,active,154159,154159,154159,,
154163,154163,578732,Francisco Gómez,active,154163,154163,154163,,
154166,154166,578733,Tobías Rubio,active,154166,154166,154166,,
154167,154167,578734,Baltasar Rodríguez,active,154167,154167,154167,,
154179,154179,578735,Vini Peixoto,active,154179,154179,154179,,
154186,154186,578736,Lucas Meuli,active,154186,154186,154186,,
154197,154197,578737,Jerónimo Dómina,active,154197,154197,154197,,
154214,154214,578738,Breno Bidon,active,154214,55069533952614,154214,,
154217,110074,110074,Murillo,active,154217,52891717098089,110074,,110074
154218,524326,524326,Giovane,active,154218,105818062215786,524326,,524326
154229,154229,578739,Ryan Guilherme,active,154229,154229,154229,,
154231,154231,578894,Eduardo Doma,active,154231,154231,154231,,
154242,540332,540332,Alonso Capdevila,active,8542850,55066849598082,540332,,540332
154246,154246,578895,Isaac Esquenazi,active,154246,154246,154246,,
154247,154247,578896,Cristóbal Chadwick,active,154247,154247,154247,,
154248,154248,578947,Lautaro Pastran,active,154248,154248,154248,,
154249,154249,578948,Emiliano Ramos,active,154249,154249,154249,,
154251,154251,578949,Ignacio Sáez,active,154251,154251,154251,,
154264,154264,578950,Natã Felipe,active,154264,154264,154264,,
154273,154273,578951,Gabriel Átila,active,154273,154273,154273,,
154274,154274,578952,Cadu,active,154274,154274,154274,,
154281,154281,578953,Gali Balanta,active,154281,154281,154281,,
154282,154282,578954,Shean Barbosa,active,154282,154282,154282,,
154294,154294,578955,Mitsuki Hidaka,active,154294,154294,154294,,
154316,585230,585230,Rodriguinho,active,154316,105796587379404,585230,,585230
154346,540766,540766,Rakaan Waleed,active,16931562,16931562,540766,,540766
154352,154352,578956,Waad Amanullah,active,8542960,8542960,154352,,
154362,154362,578957,Jom França,active,8542970,8542970,154362,,
154373,112354,112354,Pedram Gholipour,active,8542981,8542981,112354,,112354
154376,540779,540779,Moteb Al Harbi,active,16931592,8542984,540779,,540779
154379,540780,540780,Nader Al Sharari,active,16931595,16931595,540780,,540780
154407,154407,578958,Ebi Nazim,active,8543015,8543015,154407,,
154434,154434,578959,Muhd-Ali O'rinboyev,active,154434,154434,154434,,
154475,154475,578960,Yegor Artsebarsky,active,8543083,105714496461675,154475,,
154512,154512,578961,Nader Fariduddin,active,8543120,8543120,154512,,
154574,540784,540784,Abdulla Ibrahim,active,16931790,16931790,540784,,540784
154585,540786,540786,Sultan Ali,active,16931801,16931801,540786,,540786
154588,540787,540787,Hamad Al Yami,active,16931804,16931804,540787,,540787
154598,524333,524333,Raúl Rangel,active,154598,154598,524333,,524333
154599,524340,524340,Miguel Gómez,active,154599,154599,524340,,524340
154613,540341,540341,Enriquez Lopera,active,8543221,154613,540341,,540341
154709,114113,114113,Jordan Bos,active,154709,154709,114113,,114113
154724,154724,578962,Bill Mamadou,active,154724,154724,154724,,
154751,154751,578963,Chanapach Buaphan,active,154751,154751,154751,,
154778,154778,578964,Kim Jin-Kyu,active,154778,154778,154778,,
154781,154781,578965,Park Jin-Seob,active,154781,154781,154781,,
154823,154823,578966,Jake Girdwood-Reich,active,154823,154823,154823,,
154826,154826,578967,Zachary Sapsford,active,154826,154826,154826,,
154830,154830,578968,Oscar Priestman,active,154830,154830,154830,,
154851,100879,100879,Ding Shanjian,active,8543459,105713422720227,100879,,100879
154863,112868,112868,Alejandro Garnacho,active,154863,52891180227823,112868,,112868
154866,154866,578969,Kanta Doi,active,154866,105703977147634,154866,,
154868,648538,648538,Jesús López,active,154868,154868,648538,,648538
154874,154874,578970,Federico Agazzi,active,154874,154874,154874,,
154875,154875,578971,Ali Ahmed,active,154875,154875,154875,,
154879,154879,578972,Miguel Ángel Brau,active,154879,154879,154879,,
154882,154882,578973,Mario Dominguez,active,154882,154882,154882,,
154883,154883,578974,Yellu Santiago,active,154883,154883,154883,,
154884,154884,578975,Santiago Mera,active,154884,154884,154884,,
154886,154886,578976,Yuliwes Bellache,active,154886,154886,154886,,
154889,116308,116308,Leny Yoro,active,154889,105783970913545,116308,,116308
154897,154897,578977,Alvin Okoro,active,154897,154897,154897,,
154899,524368,524368,Djeidi Gassama,active,154899,154899,524368,,524368
154904,154904,578978,Adrián Martínez,active,154904,154904,154904,,
154920,154920,578979,Yannis Nahounou,active,154920,154920,154920,,
154922,154922,578980,Miliano Jonathans,active,154922,154922,154922,,
154925,154925,578981,Tunahan Taşçı,active,154925,154925,154925,,
154946,154946,578982,Wallisson,active,154946,154946,154946,,
154963,154963,578983,Yiğit Demir,active,154963,154963,154963,,
154966,154966,578984,Jo Jin-Ho,active,154966,105832289295702,154966,,
154969,154969,578985,İsak Vural,active,154969,154969,154969,,
154973,154973,578986,Kotaro Uchino,active,154973,154973,154973,,
154982,154982,578987,Elías Torres,active,154982,154982,154982,,
154986,121213,121213,Álvaro Carreras,active,154986,52897891114346,121213,,121213
154990,154990,578988,Eugenio Raggio,active,154990,154990,154990,,
154995,154995,578989,Furkan Malak,active,154995,154995,154995,,
154996,35244,35244,Malick Fofana,active,154996,105819404393844,35244,,35244
155019,155019,578990,Bernardo Fontes,active,155019,155019,155019,,
155037,155037,578991,Sergio Ortuño,active,155037,155037,155037,,
155038,155038,578992,Junior Mwanga,active,155038,105818330652062,155038,,
155040,155040,578993,Wesley,active,155040,105703171841440,155040,,
155041,524372,524372,Tyler Dibling,active,155041,105767864786337,524372,,524372
155053,155053,578994,Ibrahim Cissoko,active,155053,155053,155053,,
155054,155054,578995,Tristan van Gilst,active,155054,155054,155054,,
155056,155056,578996,Danilo Cardoso,active,155056,155056,155056,,
155060,9175,9175,Buddy Walton,active,8543668,8543668,9175,,9175
155070,155070,578997,Caíque Gonçalves,active,155070,155070,155070,,
155137,155137,578998,Benjamin Bouchouari,active,155137,155137,155137,,
155140,155140,578999,Dailon Livramento,active,155140,155140,155140,,
155159,155159,579000,Jonathan Dubasin,active,155159,155159,155159,,
155162,155162,579001,Enol Rodríguez,active,155162,155162,155162,,
155165,155165,579002,Billy van Duijl,active,155165,155165,155165,,
155199,155199,579003,Bruno Iribarne,active,155199,155199,155199,,
155202,155202,579004,Marvel,active,155202,155202,155202,,
155203,155203,579005,Álvaro Carrillo,active,155203,155203,155203,,
155207,155207,579006,Carlos Dotor,active,155207,155207,155207,,
155208,103683,103683,Gonzalo García,active,155208,52887690567240,103683,,103683
155210,155210,579007,Mario Martín,active,155210,105821015006794,155210,,
155211,155211,579008,Manuel Ángel,active,155211,155211,155211,,
155214,155214,579009,Nico Paz,active,155214,55068997082702,155214,,
155215,155215,579010,Javi Villar,active,155215,155215,155215,,
155219,155219,579011,Álvaro Rodríguez,active,155219,155219,155219,,
155250,155250,579012,Andreas Lausen,active,155250,155250,155250,,
155261,121461,121461,Giovanni Daffara,active,155261,155261,121461,,121461
155265,155265,579013,Tommaso Barbieri,active,155265,155265,155265,,
155269,118700,118700,Riccardo Turicchia,active,155269,155269,118700,,118700
155271,155271,579014,Giuseppe Leone,active,155271,155271,155271,,
155274,155274,579015,Nikola Sekulov,active,155274,155274,155274,,
155282,155282,579016,Pol Tristán,active,155282,155282,155282,,
155289,155289,579017,Álvaro Leiva,active,155289,155289,155289,,
155290,155290,579018,Miguel Narváez,active,155290,155290,155290,,
155299,155299,579019,Teo Quintero,active,155299,155299,155299,,
155300,524377,524377,Sergi Altimira,active,155300,52852525522596,524377,,524377
155308,155308,579020,Javi Rueda,active,155308,155308,155308,,
155327,155327,579021,Iñigo Piña,active,155327,155327,155327,,
155336,155336,579022,Matteo Baldi,active,155336,155336,155336,,
155361,155361,579023,Víctor Valverde,active,155361,155361,155361,,
155379,155379,579024,Jesús Álvarez,active,155379,155379,155379,,
155389,155389,579025,Pablo Sáenz,active,155389,155389,155389,,
155391,155391,579026,Carlos Vicente,active,155391,105807324798719,155391,,
155409,155409,579027,Ogün Bayrak,active,155409,155409,155409,,
155420,155420,579028,Ibrahim Olawoyin,active,155420,105751490223900,155420,,
155433,155433,579029,Lamine Diack,active,155433,155433,155433,,
155450,1664,1664,Ander Astralaga,active,155450,155450,1664,,1664
155455,155455,579030,Pelayo Fernández,active,155455,155455,155455,,
155456,155456,579031,Igor Gomes,active,16932672,16932672,155456,,
155457,155457,579032,Moussa N'Diaye,active,155457,105727062597441,155457,,
155460,155460,579033,Marc Casadó,active,155460,52882053422916,155460,,
155462,155462,579034,Aleix Garrido,active,155462,155462,155462,,
155471,155471,579035,Philip Brittijn,active,155471,155471,155471,,
155472,155472,579036,Camiel Neghli,active,155472,155472,155472,,
155530,155530,579037,Daniel dos Santos,active,155530,155530,155530,,
155552,155552,579038,Anun Yodsangwal,active,155552,105812961943456,155552,,
155606,155606,579039,Valérien Gretry,active,8544214,8544214,155606,,
155610,105307,105307,Illya Mirmasoumi,active,8544218,8544218,105307,,105307
155612,155612,579040,Anas Ghanim,active,8544220,105868041543644,155612,,
155616,155616,579041,Imad Hilal,active,8544224,8544224,155616,,
155617,155617,579042,Imad Yahya,active,8544225,8544225,155617,,
155639,540799,540799,Sultan Adil,active,16932855,16932855,540799,,540799
155652,155652,579043,Simone Pafundi,active,155652,155652,155652,,
155653,155653,579044,Dylan Lobban,active,155653,155653,155653,,
155662,155662,579045,Adrian Blake,active,155662,155662,155662,,
155663,155663,579046,Tiago Çukur,active,155663,155663,155663,,
155664,155664,579047,Jack Grieves,active,155664,155664,155664,,
155669,155669,579048,Ümit Akdağ,active,155669,155669,155669,,
155673,155673,579049,Myron van Brederode,active,155673,155673,155673,,
155674,155674,579050,Álex Primo,active,155674,155674,155674,,
155679,155679,579051,Harumi Minamino,active,155679,105686528843807,155679,,
155685,124945,124945,Ross McCausland,active,155685,155685,124945,,124945
155698,155698,579052,Selmin Hodža,active,155698,155698,155698,,
155699,155699,579053,Miguel Reichmuth,active,155699,155699,155699,,
155722,155722,579054,Şamil Öztürk,active,155722,155722,155722,,
155729,155729,579055,D. Degli Innocenti,active,155729,155729,155729,,
155731,155731,579056,Vicente Vega,active,155731,155731,155731,,
155739,155739,579057,Damián Rodríguez,active,155739,155739,155739,,
155740,155740,579058,Luca Koleosho,active,155740,105785313091676,155740,,
155752,155752,579059,Orri Óskarsson,active,155752,155752,155752,,
155754,155754,579060,Tobias Slotsager,active,155754,155754,155754,,
155766,121171,121171,Esmir Bajraktarević,active,155766,155766,121171,,121171
155768,155768,579061,Jacen Russell-Rowe,active,155768,155768,155768,,
155772,155772,579062,Hayata Mizuno,active,155772,155772,155772,,
155782,155782,579063,Diego Sánchez,active,155782,155782,155782,,
156233,156233,579064,Kota Tawaratsumida,active,156233,106722689704521,156233,,
156235,156235,579065,Matías Hernández,active,156235,156235,156235,,
156251,156251,579066,Hayato Matsuoka,active,156251,156251,156251,,
156268,156268,579067,Waris Choolthong,active,156268,156268,156268,,
156269,156269,579068,Patrik Gustavsson,active,156269,156269,156269,,
156273,156273,579069,Fabricio Oviedo,active,156273,156273,156273,,
156283,156283,579070,Hayase Takashio,active,156283,156283,156283,,
156289,156289,579071,Elijah Dijkstra,active,156289,156289,156289,,
156312,156312,579072,Asnawi Mangkualam,active,156312,105645525328536,156312,,
156787,156787,579073,Miguel Chaiwa,active,156787,156787,156787,,
156790,156790,579074,Claudio Chandía,active,156790,156790,156790,,
156792,156792,579075,Yanis Massolin,active,156792,156792,156792,,
156800,156800,579076,Byron Navarro,active,156800,156800,156800,,
156801,156801,579077,Matías Alvarado,active,156801,156801,156801,,
156803,156803,579078,Yahir Salazar,active,156803,156803,156803,,
156807,156807,579079,Leny Meyer,active,156807,156807,156807,,
156808,113883,113883,Thijs Kraaijeveld,active,156808,156808,113883,,113883
156811,156811,579080,Mayckel Lahdo,active,156811,156811,156811,,
156816,156816,579081,Bela Dumrath,active,156816,156816,156816,,
156822,156822,579082,Shin Yamada,active,156822,53945594700950,156822,,
156823,540801,540801,Elian Irala,active,16934039,16934039,540801,,540801
156824,156824,579083,Ian Glavinovich,active,156824,156824,156824,,
156825,524448,524448,Bojan Miovski,active,156825,156825,524448,,524448
156830,156830,579084,M. Gutiérrez,active,156830,156830,156830,,
156832,156832,579085,William Agada,active,156832,156832,156832,,
156835,156835,579086,Jonah Ayunga,active,156835,156835,156835,,
156837,156837,579087,Valentín Vidal,active,156837,156837,156837,,
156838,116359,116359,Tommy Setford,active,156838,156838,116359,,116359
156839,120971,120971,Tijn Smolenaars,active,156839,156839,120971,,120971
156850,156850,579088,Ricardo Solbes,active,156850,156850,156850,,
156851,156851,579089,Ulises Ortegoza,active,156851,156851,156851,,
156906,156906,579090,Cheick Condé,active,156906,156906,156906,,
156912,156912,579091,James Abankwah,active,156912,156912,156912,,
156916,112696,112696,Lewis Miller,active,156916,156916,112696,,112696
156918,156918,579092,Anthony Valencia,active,156918,156918,156918,,
156933,126883,126883,Carl Rushworth,active,156933,156933,126883,,126883
156939,156939,579093,Danilo Veiga,active,156939,55069802390795,156939,,
156963,156963,579094,Luke McNally,active,156963,156963,156963,,
156969,156969,579095,Agustín Álvarez,active,156969,156969,156969,,
156971,156971,579096,Khalil Fayad,active,156971,156971,156971,,
156975,156975,579097,Bryang Kayo,active,156975,156975,156975,,
156976,60372,60372,Patrick Wimmer,active,156976,105730820695344,60372,,60372
156982,156982,579098,Olivier Aertssen,active,156982,156982,156982,,
156983,156983,579099,Tristan Gooijer,active,156983,156983,156983,,
156984,156984,579100,Julian Brandes,active,156984,156984,156984,,
156988,156988,579101,Jaydon Banel,active,156988,156988,156988,,
156993,156993,579102,Williot Swedberg,active,156993,105780212819265,156993,,
156997,156997,579103,Xander Martle,active,156997,156997,156997,,
156998,156998,579104,Nilson Angulo,active,156998,56164213744966,156998,,
156999,156999,579105,Ibe Hautekiet,active,156999,156999,156999,,
157002,157002,579106,David Douděra,active,157002,157002,157002,,
157009,157009,579107,Dylan Salgado,active,157009,157009,157009,,
157014,157014,579108,Tamás Szücs,active,157014,157014,157014,,
157015,129087,129087,Ousmane Diomande,active,157015,52845814637911,129087,,129087
157017,157017,579109,Valdemar Byskov,active,157017,157017,157017,,
157030,117525,117525,Kassoum Ouattara,active,157030,157030,117525,,117525
157031,157031,579110,Ibrahim Fofana,active,157031,157031,157031,,
157041,157041,579111,Novatus Miroshi,active,157041,105758737982833,157041,,
157042,157042,579112,Mamadou Sangaré,active,157042,157042,157042,,
157046,157046,579113,Jovan Manev,active,157046,157046,157046,,
157056,157056,579114,Darko Gyabi,active,157056,157056,157056,,
157063,157063,579115,Kelvin Flórez,active,157063,157063,157063,,
157069,157069,579116,Juan Rengifo,active,157069,157069,157069,,
157070,157070,579117,Fabián Chalares,active,157070,157070,157070,,
157074,157074,579118,K. Van Den Kerkhof,active,157074,157074,157074,,
157077,157077,579119,Esteban Gallego,active,157077,157077,157077,,
157088,157088,579120,Pablo Ibáñez,active,157088,157088,157088,,
157094,157094,579121,Tjaš Begić,active,157094,157094,157094,,
157100,157100,579122,Agustín Arce,active,157100,157100,157100,,
157107,157107,579123,Tom Vandenberghe,active,157107,157107,157107,,
157120,157120,579124,Tom Pouilly,active,157120,157120,157120,,
157122,157122,579125,Nicolas Wasbauer,active,157122,157122,157122,,
157124,157124,579126,Martin Delavalée,active,157124,157124,157124,,
157131,157131,579127,Joël Schingtienne,active,157131,157131,157131,,
157136,157136,579128,Ryoga Kida,active,157136,157136,157136,,
157149,126556,126556,Metehan Baltacı,active,157149,157149,126556,,126556
157165,524451,524451,Stefan Bajčetić,active,157165,52783269176813,524451,,524451
157166,157166,579129,Luke Chambers,active,157166,157166,157166,,
157167,157167,579130,Bobby Clark,active,157167,157167,157167,,
157174,118866,118866,Davide Bartesaghi,active,157174,105813767251446,118866,,118866
157179,114466,114466,Valentín Carboni,active,157179,52887153698299,114466,,114466
157187,128030,128030,Lautaro Di Lollo,active,157187,105826920588803,128030,,128030
157198,157198,579131,Callum Wright,active,157198,157198,157198,,
157202,157202,579132,Facundo González,active,157202,157202,157202,,
157203,118099,118099,Fran Pérez,active,157203,157203,118099,,118099
157204,157204,579133,Amine Sbaï,active,157204,157204,157204,,
157217,157217,579134,Adrián Palacios,active,157217,157217,157217,,
157219,157219,579135,Héctor Arango,active,157219,157219,157219,,
157227,157227,579136,Malamine Efekele,active,157227,157227,157227,,
157232,157232,579137,Willum Willumsson,active,157232,157232,157232,,
157234,157234,579138,Enzo Larrosa,active,157234,157234,157234,,
157245,524538,524538,Mannou Berger,active,157245,157245,524538,,524538
157246,157246,579139,Tom de Graaff,active,157246,157246,157246,,
157251,157251,579140,Robin Risser,active,157251,105837926442563,157251,,
157256,16720,16720,Jake O'Brien,active,157256,157256,16720,,16720
157258,157258,579141,Kaden Rodney,active,157258,157258,157258,,
157260,157260,579142,David Ozoh,active,157260,157260,157260,,
157261,157261,579143,Killian Phillips,active,157261,157261,157261,,
157276,157276,579144,Samba Diba,active,157276,157276,157276,,
157277,157277,579145,Danel Dongmo,active,157277,157277,157277,,
157279,126111,126111,Wilson Odobert,active,157279,105707466810975,126111,,126111
157290,157290,579146,Oscar Schwartau,active,157290,157290,157290,,
157291,157291,579147,Bosun Lawal,active,157291,157291,157291,,
157292,157292,579148,Rocco Vata,active,157292,157292,157292,,
157298,157298,579149,Noah Solheid,active,157298,157298,157298,,
157302,157302,579150,James Pradic,active,157302,157302,157302,,
157309,157309,579151,Dylan Demuynck,active,157309,157309,157309,,
157313,157313,579152,Niels Devalckeneer,active,157313,157313,157313,,
157314,157314,579153,Arthur Vermeeren,active,157314,105728136341122,157314,,
157317,157317,579164,Simone Giordano,active,157317,157317,157317,,
157319,157319,579165,Facundo Zabala,active,157319,157319,157319,,
157327,157327,579166,Joe Hodge,active,157327,157327,157327,,
157334,157334,579167,George Onaiwu,active,157334,105845442635414,157334,,
157339,41186,41186,Warren Zaïre-Emery,active,157339,52899501729435,41186,,41186
157341,157341,579168,Lucas Sasha,active,157341,105731357566621,157341,,
157344,120975,120975,Alberto Costa,active,157344,157344,120975,,120975
157345,157345,579169,Gonçalo Nogueira,active,157345,157345,157345,,
157350,157350,579170,A. Dellavalle,active,157350,157350,157350,,
157352,157352,579171,Gabriele Guarino,active,157352,157352,157352,,
157353,123914,123914,Oliver Edvardsen,active,157353,157353,123914,,123914
157354,157354,579172,Miguel Terceros,active,157354,105841684539050,157354,,
157358,157358,579173,Marco Nasti,active,157358,157358,157358,,
157360,157360,579174,Nando Toggenburger,active,157360,157360,157360,,
157362,157362,579175,Massimo Decoene,active,157362,157362,157362,,
157369,157369,579176,Sardar Furkan,active,8545977,105868041545401,157369,,
157370,118266,118266,Quilindschy Hartman,active,157370,105663711831738,118266,,118266
157373,157373,579177,Abde Rebbach,active,157373,157373,157373,,
157374,123600,123600,Reda Belahyane,active,157374,157374,123600,,123600
157377,121971,121971,Ryan Flamingo,active,157377,52884469343937,121971,,121971
157378,157378,579178,Ibrahim Salah,active,157378,157378,157378,,
157379,157379,579179,Jan Muharrem,active,8545987,8545987,157379,,
157391,127646,127646,Rico Lewis,active,157391,52868900087503,127646,,127646
157392,157392,579180,Richie Sagrado,active,157392,157392,157392,,
157394,157394,579181,Takuto Kimura,active,157394,157394,157394,,
157396,157396,579182,Keisuke Goto,active,157396,105855643182804,157396,,
157398,157398,579183,Yasin Özcan,active,157398,157398,157398,,
157400,157400,579184,Ryota Takada,active,157400,157400,157400,,
157407,157407,579185,Mark Ugboh,active,157407,157407,157407,,
157410,157410,579186,Patrick Verhon,active,157410,157410,157410,,
157413,157413,579187,Simon Ebonog,active,157413,157413,157413,,
157415,157415,579188,Steve Ngoura,active,157415,157415,157415,,
157419,157419,579189,Mehdi Baaloudj,active,157419,157419,157419,,
157421,157421,579190,Elia Tantalocchi,active,157421,157421,157421,,
157441,157441,579191,Jordan Amissah,active,157441,157441,157441,,
157442,157442,579192,Juan Ludueña,active,157442,157442,157442,,
157443,157443,579193,Junior Marabel,active,157443,157443,157443,,
157450,157450,579194,Urko Izeta,active,157450,157450,157450,,
157452,157452,579195,Joseph N'Duquidi,active,157452,157452,157452,,
157456,157456,579196,Diego Méndez,active,157456,157456,157456,,
157470,157470,579197,Charlie McNeill,active,157470,157470,157470,,
157472,61502,61502,Endrick,active,157472,52897354245920,61502,,61502
157486,157486,579198,Oleh Ocheretko,active,157486,157486,157486,,
157492,157492,579199,Matte Smets,active,157492,157492,157492,,
157493,157493,579200,Max Ejdum,active,157493,157493,157493,,
157496,157496,579201,Suksan Bunta,active,157496,157496,157496,,
157500,157500,579202,Kike Linares,active,157500,157500,157500,,
157516,157516,579203,Néné Dorgeles,active,157516,53980222875468,157516,,
157533,540344,540344,Fadrique Doron,active,8546141,105637673592669,540344,,540344
157572,157572,579204,Marc Vidal,active,157572,157572,157572,,
157584,157584,579205,Gabriele Bracaglia,active,157584,157584,157584,,
157590,157590,579206,Karl Etta Eyong,active,157590,157590,157590,,
157592,117595,117595,Antoine Hainaut,active,157592,157592,117595,,117595
157593,157593,579207,Alexis Steimbach,active,157593,157593,157593,,
157596,157596,579208,Arbnor Muja,active,157596,53970827634588,157596,,
157601,157601,579209,Melvin Zinga,active,157601,157601,157601,,
157603,157603,579210,Tiago Santos,active,157603,157603,157603,,
157618,128552,128552,Ibrahim Sulemana,active,157618,105759006418866,128552,,128552
157621,157621,579211,Matteo Prati,active,157621,157621,157621,,
157627,157627,579212,Basil Tuma,active,157627,157627,157627,,
157633,101789,101789,Eliesse Ben Seghir,active,157633,52884469344193,101789,,101789
157635,157635,579213,Ousmane Camara,active,157635,157635,157635,,
157636,157636,579214,Idjessi Metsoko,active,157636,157636,157636,,
157643,524584,524584,Mateus Fernandes,active,157643,105807056365515,524584,,524584
157644,112589,112589,Youssef Chermiti,active,157644,157644,112589,,112589
157646,157646,579215,Joel Silva,active,157646,157646,157646,,
157651,157651,579216,Daouda Weidmann,active,157651,157651,157651,,
157667,157667,579217,Luca D'Andrea,active,157667,157667,157667,,
157668,157668,579218,Patrick Nuamah,active,157668,157668,157668,,
157670,157670,579219,Isak Jansson,active,157670,157670,157670,,
157673,157673,579220,Lewis Schouten,active,157673,157673,157673,,
157676,157676,579221,Tobias Lauritsen,active,157676,157676,157676,,
157677,157677,579222,Guéla Doué,active,157677,105822441072621,157677,,
157680,157680,579223,Roméo Monticelli,active,157680,157680,157680,,
157688,157688,579224,Niina Tominaga,active,157688,157688,157688,,
157694,157694,579225,Medon Berisha,active,157694,157694,157694,,
157701,157701,579226,Matt Lendfers,active,157701,157701,157701,,
157707,157707,579227,Aske Adelgaard,active,157707,157707,157707,,
157708,157708,579228,Thawatchai Inprakhon,active,157708,157708,157708,,
157709,157709,579229,Pongsakron H.,active,157709,157709,157709,,
157710,157710,579230,Seksan Ratree,active,157710,106761881282574,157710,,
157717,101280,101280,Brandon Aguilera,active,157717,157717,101280,,101280
157720,157720,579231,Fadeyka Šusak,active,8546328,8546328,157720,,
157724,157724,579232,Carlos Romero,active,157724,52880711247900,157724,,
157731,157731,579233,Darcy Novais,active,8546339,8546339,157731,,
157741,157741,579234,Werik Popó,active,157741,157741,157741,,
157743,157743,579235,Yuto Matsunagane,active,157743,105836315830319,157743,,
157744,157744,579236,Yuto Ozeki,active,157744,105781286561840,157744,,
157750,118651,118651,Givairo Read,active,157750,157750,118651,,118651
157762,157762,579237,Luca Lipani,active,157762,157762,157762,,
157763,157763,579238,Seydou Fini,active,157763,157763,157763,,
157772,157772,579239,Álex Padilla,active,157772,157772,157772,,
157773,157773,579240,Adu Ares,active,157773,157773,157773,,
157782,157782,579241,Lalo Aguilar,active,157782,157782,157782,,
157787,157787,579242,Kadir Seven,active,157787,157787,157787,,
157793,157793,579243,Kaio César,active,157793,157793,157793,,
157797,157797,579244,Lovro Štubljar,active,157797,157797,157797,,
157798,157798,579245,Gabriele Indragoli,active,157798,157798,157798,,
157803,157803,579246,Gaby Jean,active,157803,157803,157803,,
157806,157806,579247,Gustavo Sá,active,157806,157806,157806,,
157813,157813,579248,Johan Torres,active,157813,157813,157813,,
157817,157817,579249,Jasper Hartog,active,157817,157817,157817,,
157824,157824,579250,Álvaro Aceves,active,157824,157824,157824,,
157825,157825,579251,David Torres,active,157825,157825,157825,,
157826,157826,579252,Roberto Arroyo,active,157826,157826,157826,,
157827,157827,579253,Marcos Luna,active,157827,157827,157827,,
157828,157828,579254,Khanaphod Kadee,active,157828,157828,157828,,
157836,46233,46233,Luke Drysdale,active,8546444,8546444,46233,,46233
157840,157840,579255,Alan Rodríguez,active,157840,157840,157840,,
157846,157846,579256,Brodie Spencer,active,157846,157846,157846,,
157849,157849,579257,Mario Dorgeles,active,157849,157849,157849,,
157863,157863,579258,Joaquín Sosa,active,157863,157863,157863,,
157878,157878,579259,Lucas Molina,active,157878,157878,157878,,
157891,157891,579260,Lucas Laso,active,157891,157891,157891,,
157893,157893,579261,Abel Bretones,active,157893,157893,157893,,
157898,157898,579262,Jan Ishtiaq,active,8546506,8546506,157898,,
157904,157904,579263,Dembo Sylla,active,157904,157904,157904,,
157905,157905,579264,Motoki Nagakura,active,157905,106776108361937,157905,,
157917,157917,579265,Joel Ordóñez,active,157917,105767864789213,157917,,
157919,157919,579266,Yota Horiuchi,active,157919,157919,157919,,
157920,157920,579267,Hiroto Uemura,active,157920,105814572558560,157920,,
157928,157928,579268,Abdulfarus Sama-ae,active,157928,157928,157928,,
157937,157937,579269,Lennon Miller,active,157937,157937,157937,,
157943,44025,44025,Isak Hien,active,157943,52892790843639,44025,,44025
157946,111875,111875,Divin Mubama,active,157946,157946,111875,,111875
157947,157947,579270,Žan Žužek,active,157947,157947,157947,,
157951,157951,579271,Shimon Teranuma,active,157951,157951,157951,,
157956,157956,579272,Martial Godo,active,157956,157956,157956,,
157958,157958,579273,Brooke Norton-Cuffy,active,157958,157958,157958,,
157966,157966,579274,Teo Allix,active,157966,157966,157966,,
157971,524846,524846,Telasco Segovia,active,157971,157971,524846,,524846
157977,157977,579275,Diego Mina,active,157977,157977,157977,,
157978,157978,579276,Zach Abbott,active,157978,157978,157978,,
157984,123023,123023,Yankuba Minteh,active,157984,52899233294624,123023,,123023
158447,158447,579277,Grégoire Świderski,active,158447,158447,158447,,
158456,158456,579278,Taisei Kambayashi,active,158456,158456,158456,,
158457,158457,579279,Taiju Yoshida,active,158457,158457,158457,,
158461,158461,579280,Luca Ross,active,158461,158461,158461,,
158469,158469,579281,Alexis Mirbach,active,158469,158469,158469,,
158470,158470,579282,Matai Akinmboni,active,158470,158470,158470,,
158475,158475,579283,Junior Diaz,active,158475,158475,158475,,
158478,158478,579284,Zé Carlos,active,158478,158478,158478,,
158486,158486,579285,Ruan,active,158486,158486,158486,,
158492,158492,579286,Johan Martínez,active,158492,158492,158492,,
158494,158494,579287,Axel Gueguin,active,158494,158494,158494,,
158498,158498,579288,Yaya Fofana,active,158498,158498,158498,,
158499,158499,579289,Rémy Labeau Lascary,active,158499,158499,158499,,
158501,158501,579290,B. Thomas-Asante,active,158501,158501,158501,,
158502,158502,579291,Juan Larios,active,158502,158502,158502,,
158506,158506,579292,Hiiro Komori,active,158506,53978075392810,158506,,
158508,158508,579293,Kevin Yakob,active,158508,105868041546540,158508,,
158531,158531,579294,Carlos Eduardo,active,158531,158531,158531,,
158533,116404,116404,Tyler Fredricson,active,158533,158533,116404,,116404
158556,158556,579295,Sebastian Otoa,active,158556,158556,158556,,
158559,158559,579296,David Sotelo,active,158559,158559,158559,,
158565,158565,579297,Andre Brooks,active,158565,158565,158565,,
158566,118209,118209,Sergio Mestre,active,158566,158566,118209,,118209
158567,158567,579298,Radek Vítek,active,158567,158567,158567,,
158568,114714,114714,Ethan Nwaneri,active,158568,52897354247016,114714,,114714
158571,158571,579299,Cheick Keita,active,158571,158571,158571,,
158572,158572,579300,F. Soelle Soelle,active,158572,158572,158572,,
158576,158576,579301,Ismaëlo Ganiou,active,158576,158576,158576,,
158577,119924,119924,Christian Mawissa,active,158577,105826652154737,119924,,119924
158584,158584,579302,Gora Diouf,active,158584,158584,158584,,
158590,158590,579303,Joaquín Panichelli,active,158590,158590,158590,,
158605,158605,579304,Diego Murillo,active,158605,158605,158605,,
158628,524961,524961,Aleksandar Stanković,active,158628,52894938327972,524961,,524961
158635,158635,579305,Pablo Arriaza,active,158635,158635,158635,,
158648,158648,579306,Pablo Durán,active,158648,158648,158648,,
158649,118334,118334,Lucas Rosa,active,158649,158649,118334,,118334
158650,158650,579307,Jorne Spileers,active,158650,158650,158650,,
158651,158651,579308,Samuel Lucero,active,158651,158651,158651,,
158652,158652,579309,Thom van Bergen,active,158652,158652,158652,,
158665,158665,579310,Lucas Ronier,active,158665,158665,158665,,
158692,158692,579311,Sota Koshimichi,active,158692,105763301387236,158692,,
158697,158697,579312,Francesco Raffaelli,active,158697,158697,158697,,
158701,115927,115927,Oliver Scarles,active,158701,158701,115927,,115927
158705,158705,579313,Germán García,active,158705,158705,158705,,
158711,158711,579314,Lukáš Ambros,active,158711,158711,158711,,
158713,158713,579315,Kyriani Sabbe,active,158713,158713,158713,,
158731,158731,579316,Claudio Cassano,active,158731,158731,158731,,
158738,158738,579317,Kağan Arıcan,active,158738,158738,158738,,
158739,158739,579318,Jacopo Seghetti,active,158739,158739,158739,,
158740,109553,109553,Kobbie Mainoo,active,158740,106760002235412,109553,,109553
158746,525099,525099,Miguel Vázquez,active,158746,158746,525099,,525099
158754,158754,579319,Benjamin Tahirovic,active,158754,158754,158754,,
158762,158762,579320,Lucas Palavecino,active,158762,158762,158762,,
158764,158764,579321,Gabriele Calvani,active,158764,158764,158764,,
158771,158771,579322,Chico Lamba,active,158771,158771,158771,,
158772,158772,579323,Diogo Travassos,active,158772,158772,158772,,
158777,158777,579324,Leonardo Colombo,active,158777,158777,158777,,
158783,158783,579325,Jules Mouton,active,158783,158783,158783,,
158791,158791,579326,Jorg Schreuders,active,158791,158791,158791,,
158802,158802,579327,Soki Yatagai,active,158802,158802,158802,,
158812,158812,579328,Sebastián Salas,active,158812,158812,158812,,
158815,158815,579329,Ryota Izumori,active,158815,105834436783199,158815,,
158818,158818,579330,Takumi Yamaguchi,active,158818,158818,158818,,
158822,158822,579331,Italo Cabelinho,active,158822,158822,158822,,
158834,158834,579332,Jan Ángulo,active,158834,158834,158834,,
158880,158880,579333,Martín Río,active,158880,158880,158880,,
158885,158885,579334,João Costa,active,158885,158885,158885,,
158907,158907,579335,Julián Angulo,active,158907,158907,158907,,
158911,158911,579336,Eduar Esteban,active,158911,158911,158911,,
158951,158951,579337,Santiago Solari,active,158951,158951,158951,,
158955,158955,579338,Ryo Watanabe,active,158955,158955,158955,,
158956,158956,579339,Keigo Enomoto,active,158956,105654316592364,158956,,
158957,158957,579340,Tomoyuki Doi,active,158957,158957,158957,,
158959,158959,579341,Tojiro Kubo,active,158959,53975927909615,158959,,
158966,158966,579342,Nicolás Palma,active,158966,158966,158966,,
158970,158970,579343,Kyosuke Kamiyama,active,158970,158970,158970,,
159005,159005,579344,Haruto Usui,active,159005,159005,159005,,
159046,159046,579345,Jhomier Guerrero,active,159046,159046,159046,,
159061,159061,579346,Alberto Higgins,active,159061,159061,159061,,
159067,159067,579347,Gregorio Rodríguez,active,159067,159067,159067,,
159077,159077,579348,Franco Watson,active,159077,159077,159077,,
159084,159084,579349,Seigo Takei,active,159084,159084,159084,,
159102,159102,579350,Leandro Angulo,active,159102,159102,159102,,
159107,159107,579351,Felipe Cifuentes,active,159107,159107,159107,,
159113,159113,579352,Hiroto Iwabuchi,active,159113,105834436783497,159113,,
159114,159114,579353,Yuto Yamashita,active,159114,105748269002122,159114,,
159116,159116,579354,Shota Suzuki,active,159116,159116,159116,,
159119,159119,579355,Kaina Tanimura,active,159119,53981565054351,159119,,
159121,159121,579356,Masaru Hidaka,active,159121,159121,159121,,
159122,159122,579357,Rei Ieizumi,active,159122,159122,159122,,
159128,159128,579358,Eiji Miyamoto,active,159128,105845442637208,159128,,
159129,159129,579359,Ryoma Ito,active,159129,159129,159129,,
159156,159156,579360,Mayer Gil,active,159156,159156,159156,,
159160,159160,579361,Luigi Cherubini,active,159160,159160,159160,,
159163,159163,579362,Pape Diop,active,159163,159163,159163,,
159174,159174,579363,Enrique Fernández,active,159174,159174,159174,,
159196,159196,579364,Andrés Aedo,active,159196,159196,159196,,
159204,123580,123580,Mika Godts,active,159204,52900843908580,123580,,123580
159206,57423,57423,Yegor Yarmolyuk,active,159206,105816988478950,57423,,57423
159214,159214,579365,Michael Forbes,active,159214,159214,159214,,
159216,113576,113576,Lewis Orford,active,159216,159216,113576,,113576
159217,103264,103264,Mateo Joseph,active,159217,159217,103264,,103264
159225,159225,579366,Dani Pérez,active,159225,159225,159225,,
159238,159238,579367,Marcus McCoy,active,159238,159238,159238,,
159241,159241,579368,Adrián Pica,active,159241,159241,159241,,
159248,159248,579369,Rodrigo Mendoza,active,159248,159248,159248,,
159250,159250,579370,Moussa Diakité,active,159250,159250,159250,,
159256,117821,117821,James Debayo,active,159256,159256,117821,,117821
159261,159261,579371,Andrés Castrín,active,159261,159261,159261,,
159266,159266,579372,Joaquín,active,159266,159266,159266,,
159277,159277,579373,Mario Climent,active,159277,159277,159277,,
159281,115245,115245,Ishé Samuels-Smith,active,159281,159281,115245,,115245
159282,159282,579374,Thomas Cannon,active,159282,159282,159282,,
159301,159301,579375,Kevin Rodríguez,active,159301,159301,159301,,
159304,159304,579376,Michał Skóraś,active,159304,159304,159304,,
159310,60306,60306,Alvaro Zamora,active,159310,159310,60306,,60306
159320,159320,579377,João Neves,active,159320,52883127168600,159320,,
159321,121253,121253,Hugo Félix,active,159321,159321,121253,,121253
159325,159325,579378,Rayan Lutin,active,159325,159325,159325,,
159386,41550,41550,Maximillian Oyedele,active,159386,159386,41550,,41550
159387,159387,579379,Noam Emeran,active,159387,159387,159387,,
159390,525271,525271,Silas Andersen,active,159390,159390,525271,,525271
159396,159396,579380,Favian Loyola,active,159396,159396,159396,,
159397,141972,141972,Álex González,active,159397,159397,141972,,141972
159401,118201,118201,Jorrel Hato,active,159401,52881516555945,118201,,118201
159404,159404,579381,Kristi Montgomery,active,159404,159404,159404,,
159407,159407,579382,Arif Boşluk,active,159407,159407,159407,,
159416,159416,579383,Alfie Gilchrist,active,159416,159416,159416,,
159417,159417,579384,Bashir Humphreys,active,159417,159417,159417,,
159422,159422,579385,Thiago Borbas,active,159422,159422,159422,,
159426,159426,579386,Carlos López,active,159426,159426,159426,,
159429,525640,525640,Mamadou Sarr,active,159429,159429,525640,,525640
159436,159436,579387,N. Butler-Oyedeji,active,159436,159436,159436,,
159437,38820,38820,Myles Lewis-Skelly,active,159437,52878832201421,38820,,38820
159441,159441,579388,Leo Sauer,active,159441,159441,159441,,
159444,159444,579389,Yago Santiago,active,159444,159444,159444,,
159451,159451,579390,Adam Bakoune,active,159451,159451,159451,,
159453,159453,579391,Mychajlo Blaškić,active,8548061,8548061,159453,,
159454,159454,579392,Findlay Marshall,active,159454,159454,159454,,
159457,159457,579393,Noah Lahmadi,active,159457,159457,159457,,
159458,159458,579394,Rayan Touzghar,active,159458,159458,159458,,
159468,159468,579395,Ilias Kostis,active,159468,159468,159468,,
159470,159470,579396,Álex Calatrava,active,159470,159470,159470,,
159472,540803,540803,Younes El Hannach,active,16936688,16936688,540803,,540803
159473,159473,579397,Vimoj Muntu Wa Mungu,active,159473,159473,159473,,
159474,159474,579398,Ethan Mbappé,active,159474,105844637331186,159474,,
159475,159475,579399,Ilyes Housni,active,159475,159475,159475,,
159480,525952,525952,Jérémy Jacquet,active,159480,159480,525952,,525952
159492,159492,579400,Franco Lorenzón,active,159492,159492,159492,,
159499,159499,579401,Romain Esse,active,159499,159499,159499,,
159502,115693,115693,Andrés García,active,159502,159502,115693,,115693
159503,159503,579402,Francisco da Costa,active,159503,159503,159503,,
159504,159504,579403,Warren Kamanzi,active,159504,159504,159504,,
159509,159509,579426,Ngal'ayel Mukau,active,159509,52878026895125,159509,,
159516,119790,119790,Mateus Cocão,active,159516,159516,119790,,119790
159525,159525,579432,Deniz Ertaş,active,159525,159525,159525,,
159531,159531,579433,Stipe Biuk,active,159531,159531,159531,,
159532,159532,579434,Axl De Corte,active,159532,159532,159532,,
159538,159538,579435,Stênio Júnior,active,159538,159538,159538,,
159540,159540,579438,Kanayo Megwa,active,159540,159540,159540,,
159542,159542,579440,Alan Matturro,active,159542,159542,159542,,
159548,159548,579441,Manu Bueno,active,159548,159548,159548,,
159549,159549,579442,Diego Hormigo,active,159549,159549,159549,,
159556,122075,122075,Gvidas Gineitis,active,159556,159556,122075,,122075
159557,128757,128757,Ali Dembélé,active,159557,159557,128757,,128757
159560,159560,579443,Nobel Mendy,active,159560,159560,159560,,
159563,159563,579444,Emmanuel Biumla,active,159563,159563,159563,,
159565,526777,526777,Arthur Atta,active,159565,159565,526777,,526777
159567,159567,579445,Tom Saettel,active,159567,159567,159567,,
159570,159570,579446,Michael Kayode,active,159570,105847053250386,159570,,
159571,526794,526794,Lorenzo Amatucci,active,159571,159571,526794,,526794
159579,102368,102368,David Datro Fofana,active,159579,159579,102368,,102368
159580,159580,579447,Ola Solbakken,active,159580,159580,159580,,
159586,159586,579448,Dean Huijsen,active,159586,52895206764386,159586,,
159587,118690,118690,Jonas Rouhi,active,159587,159587,118690,,118690
159592,129359,129359,Jack Hinshelwood,active,159592,52886348394344,129359,,129359
159601,159601,579449,Jork Becerra,active,159601,159601,159601,,
159602,159602,579450,Casper Terho,active,159602,159602,159602,,
159603,159603,579451,Judas McBrain,active,8548211,8548211,159603,,
159623,159623,579452,Ota Yamamoto,active,159623,105787460579207,159623,,
159624,159624,579453,Facundo Mallo,active,159624,159624,159624,,
159626,159626,579454,Santiago Salle,active,159626,159626,159626,,
159637,526806,526806,Raúl Zúñiga,active,159637,53945863139221,526806,,526806
159641,159641,579455,Manuel Brondo,active,159641,159641,159641,,
159647,159647,579456,Kotaro Hayashi,active,159647,105760080162719,159647,,
159649,159649,579457,Yuto Shimizu,active,159649,159649,159649,,
159650,159650,579458,Koshiro Uda,active,159650,159650,159650,,
159652,159652,579459,Shingo Omori,active,159652,159652,159652,,
159655,159655,579463,Murray Campbell,active,159655,159655,159655,,
159669,159669,579464,Evertton,active,159669,53983712538549,159669,,
159677,159677,579465,Bilal Bafdili,active,159677,159677,159677,,
159678,159678,579473,Bill Antonio,active,159678,159678,159678,,
159684,159684,579509,R.Jayden Owusu Oduro,active,159684,159684,159684,,
159690,159690,579517,Tom Watson,active,159690,52886348394442,159690,,
159693,159693,579522,Paulinho,active,159693,159693,159693,,
159695,115081,115081,Harry Amass,active,159695,159695,115081,,115081
159696,159696,579527,Ryan Andrews,active,159696,159696,159696,,
159702,159702,579532,Keigo Sakakibara,active,159702,159702,159702,,
159704,159704,579533,Keisuke Tsukui,active,159704,105786655272920,159704,,
159705,159705,579534,Shu Morooka,active,159705,105738068455385,159705,,
159706,159706,579535,Agustín Sant'Anna,active,159706,159706,159706,,
159725,639467,639467,Wendel,active,159725,159725,639467,,639467
159730,159730,579536,M. Dacosta Gonzalez,active,159730,159730,159730,,
159732,159732,579537,Gustavinho,active,159732,53983712538612,159732,,
159735,159735,579538,Reiya Sakata,active,159735,159735,159735,,
159738,159738,579539,Yuto Tsunashima,active,159738,105817525350394,159738,,
159739,159739,579540,Kosuke Sagawa,active,159739,159739,159739,,
159740,159740,579541,Gouki Yamada,active,159740,159740,159740,,
159744,159744,579542,Kobe Corbanie,active,159744,159744,159744,,
159748,159748,579543,Antoine Joujou,active,159748,159748,159748,,
159762,159762,579544,Hinata Ogura,active,159762,105834436784146,159762,,
159763,159763,579545,Taiju Ichinose,active,159763,159763,159763,,
159764,159764,579546,Shion Inoue,active,159764,105642253774868,159764,,
159765,159765,579547,Ryota Inoue,active,159765,159765,159765,,
159766,159766,579548,Hikaru Endo,active,159766,159766,159766,,
159779,159779,579549,Newton,active,159779,159779,159779,,
159783,159783,579550,Janderson,active,159783,53977806958631,159783,,
159788,526874,526874,Stefanos Tzimas,active,159788,105826920591404,526874,,526874
159789,159789,579551,Lilian Raolisoa,active,159789,159789,159789,,
159792,159792,579552,Joshua Mancha,active,159792,159792,159792,,
159793,159793,579553,Fernando Ovelar,active,159793,159793,159793,,
159803,159803,579554,Santiago Córdoba,active,159803,159803,159803,,
159808,159808,579555,Mizuki Uchida,active,159808,159808,159808,,
159819,159819,579556,Tom Hülsmann,active,159819,159819,159819,,
159822,159822,579557,Yusuf Kabadayı,active,159822,159822,159822,,
159829,127326,127326,Lyncon,active,159829,159829,127326,,127326
159840,159840,579558,Rin Mito,active,159840,105814572560480,159840,,
159843,159843,579559,Juzo Ura,active,159843,159843,159843,,
159846,159846,579560,Renzo Orihuela,active,159846,159846,159846,,
159849,159849,579561,Jeh,active,159849,159849,159849,,
159852,159852,579562,Hiroto Morooka,active,159852,159852,159852,,
159853,159853,579563,Samuel Ntamack,active,159853,159853,159853,,
159854,159854,579564,Andrea Giorgini,active,159854,159854,159854,,
159902,159902,579565,Velizar Iliev,active,159902,159902,159902,,
159910,159910,579566,Santiago Quirós,active,159910,159910,159910,,
159914,159914,579567,Martín Araya,active,159914,159914,159914,,
159915,159915,579568,Iván Román,active,159915,159915,159915,,
159921,159921,579569,Emanuele Rao,active,159921,159921,159921,,
159927,159927,579570,Thiago Vecino,active,159927,159927,159927,,
159930,159930,579571,Ángel Alarcón,active,159930,159930,159930,,
159938,159938,579572,Ayumu Toyoda,active,159938,159938,159938,,
159940,47872,47872,K. Karetsas,active,159940,159940,47872,,47872
159949,159949,579573,Rafa Rodríguez,active,159949,159949,159949,,
159953,159953,579574,Banphakit Phrmmanee,active,159953,159953,159953,,
159958,159958,579575,Ignacio Vázquez,active,159958,159958,159958,,
159959,159959,579576,Ronaldo Martínez,active,159959,159959,159959,,
159960,159960,579577,Romelle Donovan,active,159960,159960,159960,,
159966,159966,579578,Isaac,active,159966,159966,159966,,
159978,159978,579579,Towa Nishisaka,active,159978,159978,159978,,
159985,159985,579580,Rithisak Kalaya,active,159985,159985,159985,,
159986,159986,579581,Kakana Khamyok,active,159986,105739158974706,159986,,
159989,527488,527488,Cauan Barros,active,159989,159989,527488,,527488
159991,159991,579582,Rayan,active,159991,55069533958391,159991,,
159994,103703,103703,Niall Shergold,active,8548602,8548602,103703,,103703
159999,159999,579583,Yusuke Matsuo,active,159999,159999,159999,,
160012,160012,579584,Calixte Ligue,active,160012,160012,160012,,
160024,126691,126691,Arda Ünyay,active,160024,160024,126691,,126691
160027,160027,579585,Thanawat Panthong,active,160027,160027,160027,,
160034,160034,579586,Siraphop Wandee,active,160034,160034,160034,,
160044,160044,579587,Alex Valdés,active,160044,160044,160044,,
160048,160048,579588,Dani van den Heuvel,active,160048,160048,160048,,
160072,160072,579592,Soumaïla Sylla,active,160072,160072,160072,,
160078,160078,579593,Beni Mukendi,active,160078,160078,160078,,
160079,160079,579594,Jonas Adjetey,active,160079,160079,160079,,
160086,140262,140262,Mario García,active,160086,160086,140262,,140262
160092,160092,579595,Wallace Yan,active,160092,160092,160092,,
160097,160097,579596,Alexi Pitu,active,160097,160097,160097,,
160099,160099,579597,Josh Griffiths,active,160099,160099,160099,,
160104,160104,579598,Japa,active,160104,160104,160104,,
160122,160122,579599,Renato Huerta,active,160122,160122,160122,,
160123,160123,579600,Royner Benítez,active,160123,160123,160123,,
160125,160125,579601,Amorim,active,160125,160125,160125,,
160132,160132,579602,Bernt Klaverboer,active,160132,160132,160132,,
160133,160133,579603,Wouter Goes,active,160133,160133,160133,,
160137,160137,579604,Diego Barrera,active,160137,160137,160137,,
160139,160139,579605,Santiago Montiel,active,160139,160139,160139,,
160150,160150,579606,Cauly,active,160150,55068191781270,160150,,
160151,160151,579607,Tomás Avilés,active,160151,160151,160151,,
160152,160152,579608,Alan Sosa,active,160152,160152,160152,,
160154,160154,579609,Juan Bisanz,active,160154,160154,160154,,
160160,103640,103640,Felipe Loyola,active,160160,105831215559072,103640,,103640
160171,160171,579610,Naoki Kase,active,160171,160171,160171,,
160174,160174,579611,Yusuke Ishida,active,160174,160174,160174,,
160177,160177,579612,Enock Agyei,active,160177,160177,160177,,
160181,63080,63080,Christos Zafeiris,active,160181,160181,63080,,63080
160183,160183,579613,Francesco Gelli,active,160183,160183,160183,,
160192,160192,579614,Nikola Štulić,active,160192,160192,160192,,
160195,100732,100732,Emam Ashour,active,160195,56161797829059,100732,,100732
160210,160210,579615,Gabriel Pereira,active,160210,160210,160210,,
160213,160213,579616,A. Ciammaglichella,active,160213,160213,160213,,
160233,160233,579617,Charlys,active,160233,160233,160233,,
160235,160235,579618,Kauan Rodrigues,active,160235,160235,160235,,
160241,160241,579619,Kai Chidi Kitamura,active,160241,105834436784625,160241,,
160250,44516,44516,Yasin Ayari,active,160250,56161529393658,44516,,44516
160271,102460,102460,Osame Sahraoui,active,160271,52880979685903,102460,,102460
160284,160284,579620,Moise Bombito,active,160284,160284,160284,,
160289,160289,579621,Jonas Lietaert,active,160289,160289,160289,,
160293,160293,579622,Arnaud Dobbels,active,160293,160293,160293,,
160300,160300,579623,Cheick Konaté,active,160300,160300,160300,,
160306,160306,579624,Iker Muñoz,active,160306,160306,160306,,
160308,160308,579625,Raphael Lipinski,active,160308,160308,160308,,
160310,160310,579626,Abner,active,160310,105796050514486,160310,,
160311,160311,579627,Zé Henrique,active,160311,160311,160311,,
160313,160313,579628,Fodé Sylla,active,160313,160313,160313,,
160318,113591,113591,Lewis Miley,active,160318,105818599092798,113591,,113591
160321,540812,540812,Breno Cascardo,active,16937537,16937537,540812,,540812
160330,160330,579629,Santiago Fernández,active,160330,160330,160330,,
160333,160333,579630,Nathan Lowe,active,160333,160333,160333,,
160336,160336,579631,Patrick Agyemang,active,160336,160336,160336,,
160354,160354,579632,Rubens,active,160354,160354,160354,,
160362,527510,527510,Israel Boatwright,active,160362,160362,527510,,527510
160365,527560,527560,Benja Cremaschi,active,160365,106749264818797,527560,,527560
160367,160367,579633,Mihailo Ivanović,active,160367,160367,160367,,
160370,160370,579634,Yuma Tsujioka,active,160370,106775571493490,160370,,
160381,160381,579635,Diego Mastrángelo,active,160381,160381,160381,,
160383,160383,579636,Hodei Arrillaga,active,160383,160383,160383,,
160397,540345,540345,Lluis Flaño,active,8549005,105624251822733,540345,,540345
160423,160423,579637,Giovani Versini,active,160423,160423,160423,,
160424,160424,579638,Felipinho,active,160424,160424,160424,,
160430,160430,579639,Yamato Okada,active,160430,160430,160430,,
160434,121103,121103,Ibrahim Osman,active,160434,160434,121103,,121103
160435,125644,125644,Bailey Rice,active,160435,160435,125644,,125644
160453,160453,579640,Ignacio Vásquez,active,160453,160453,160453,,
160454,160454,579641,Oliver Ramis,active,160454,160454,160454,,
160458,160458,579642,Benjamín Astudillo,active,160458,160458,160458,,
160459,160459,579643,Diego Monreal,active,160459,160459,160459,,
160465,160465,579644,Juan Rossel,active,160465,160465,160465,,
160466,160466,579645,Diego Corral,active,160466,160466,160466,,
160468,122345,122345,Davide Renzetti,active,160468,160468,122345,,122345
160471,160471,579646,Gijs Besselink,active,160471,160471,160471,,
160476,160476,579647,Christian Mansilla,active,160476,160476,160476,,
160480,160480,579648,Kevin Cortés,active,160480,160480,160480,,
160492,160492,579649,Juan Figueroa,active,160492,160492,160492,,
160495,160495,579650,Shea Charles,active,160495,52900038603503,160495,,
160498,160498,579651,Max Arfsten,active,160498,160498,160498,,
160506,160506,579652,Landerson,active,160506,160506,160506,,
160534,160534,579653,Hinata Yamauchi,active,160534,53974048862998,160534,,
160535,160535,579654,Kota Yui,active,160535,160535,160535,,
160536,160536,579655,Shota Uchiyama,active,160536,160536,160536,,
160537,160537,579688,Aozora Ishiyama,active,160537,160537,160537,,
160543,160543,579689,Gerard Vandeplas,active,160543,160543,160543,,
160545,527563,527563,Alphadjo Cissè,active,160545,160545,527563,,527563
160546,540351,540351,Mario Viloca,active,8549154,160546,540351,,540351
160551,160551,579690,Hisatsugu Ishii,active,160551,160551,160551,,
160552,160552,579691,Naoya Takahashi,active,160552,160552,160552,,
160563,160563,579692,Ryuma Nakano,active,160563,160563,160563,,
160569,160569,579693,Lucas Høgsberg,active,160569,160569,160569,,
160572,160572,579694,José Ribeiro,active,160572,160572,160572,,
160584,160584,579695,Thérence Koudou,active,160584,160584,160584,,
160585,160585,579696,Martín Hiriart,active,160585,160585,160585,,
160588,160588,579697,Martín Contreras,active,160588,160588,160588,,
160599,160599,579698,José Guilherme,active,160599,160599,160599,,
160615,118267,118267,Niccolò Pisilli,active,160615,105856716927847,118267,,118267
160624,160624,579699,Vicente Espinoza,active,160624,160624,160624,,
160628,160628,579700,Juan Arizala,active,160628,160628,160628,,
160638,160638,579701,Italo,active,160638,160638,160638,,
160642,160642,579702,Chemsdine Talbi,active,160642,160642,160642,,
160654,160654,579703,Manato Yoshida,active,160654,105834436785038,160654,,
160670,160670,579704,Joel Bichsel,active,160670,160670,160670,,
160671,160671,579705,Stan Berkani,active,160671,160671,160671,,
160686,160686,579706,Jordán Barrera,active,160686,160686,160686,,
160722,160722,579707,Luka Radotić,active,160722,160722,160722,,
160723,160723,579708,Javier Mena,active,160723,160723,160723,,
160725,160725,579709,Sabil Hansen,active,160725,160725,160725,,
160734,160734,579710,Romeo Vermant,active,160734,160734,160734,,
160742,160742,579711,Hugo Lamy,active,160742,160742,160742,,
160745,160745,579712,Julien Lomboto,active,160745,160745,160745,,
160746,160746,579713,Rubén Martínez,active,160746,160746,160746,,
160747,160747,579714,Daniel Zabala,active,160747,160747,160747,,
160755,160755,579715,Joaquin Flores,active,160755,160755,160755,,
160778,160778,579716,Andreas Søndenbroe,active,160778,160778,160778,,
160779,160779,579717,Carl Kristoffersen,active,160779,160779,160779,,
160784,527604,527604,David Ruíz,active,160784,160784,527604,,527604
160785,160785,579718,Ichika Maeda,active,160785,160785,160785,,
160786,160786,579719,Álex Lozano,active,160786,160786,160786,,
160794,527608,527608,James Wright,active,160794,160794,527608,,527608
160798,527626,527626,Ángel Chávez,active,160798,160798,527626,,527626
160801,160801,579720,Jesse Randall,active,160801,160801,160801,,
160803,160803,579721,Digão Cesco,active,8549411,8549411,160803,,
160804,160804,579722,Isaac,active,160804,160804,160804,,
160816,160816,579723,Tobías Medina,active,160816,160816,160816,,
160820,160820,579724,Nahuel Arias,active,160820,160820,160820,,
160822,160822,579725,Josué Reinatti,active,160822,160822,160822,,
160823,160823,579726,Giovani Chiaverano,active,160823,160823,160823,,
160826,160826,579727,Jerónimo Russo,active,160826,160826,160826,,
160832,160832,579728,Julián Contrera,active,160832,160832,160832,,
160834,124866,124866,Santiago Beltrán,active,160834,160834,124866,,124866
160835,128011,128011,Ulises Giménez,active,160835,160835,128011,,128011
160836,120016,120016,Claudio Echeverri,active,160836,52887153701956,120016,,120016
160837,124881,124881,Lucas Lavagnino,active,160837,160837,124881,,124881
160838,160838,579729,Erick Pulga,active,160838,53975659476038,160838,,
160840,160840,579730,Lars Villiger,active,160840,160840,160840,,
160863,160863,579731,Lautaro Vargas,active,160863,160863,160863,,
160879,160879,579732,Lucas Gómez,active,160879,160879,160879,,
160884,160884,579733,Kevin Coronel,active,160884,160884,160884,,
160887,160887,579809,Justin Kalumba,active,160887,160887,160887,,
160889,160889,579810,Martín Maturana,active,160889,160889,160889,,
160898,126961,126961,Afonso Moreira,active,160898,52900575474818,126961,,126961
160899,160899,579811,Santiago Londoño,active,160899,160899,160899,,
160916,160916,579812,Thiago Balieiro,active,160916,160916,160916,,
160919,160919,579813,Esquerdinha,active,160919,160919,160919,,
160923,160923,579814,Aloísio Roseno,active,8549531,53972438250651,160923,,
160930,160930,579815,Gilberto,active,160930,160930,160930,,
160931,540813,540813,Kauan Santos,active,16938147,16938147,540813,,540813
160933,160933,579816,David Kauã,active,160933,160933,160933,,
160934,127653,127653,Benedetti,active,160934,160934,127653,,127653
160935,115723,115723,Luis Guilherme,active,160935,105809472287911,115723,,115723
160937,160937,579817,Patrick Silva,active,160937,160937,160937,,
160938,128312,128312,Vitor Reis,active,160938,55070339265706,128312,,128312
160939,160939,579818,Riquelme,active,160939,160939,160939,,
160941,160941,579819,Thalys,active,160941,160941,160941,,
160942,160942,579820,Alisson Santana,active,160942,160942,160942,,
160943,160943,579821,Caio Maia,active,160943,160943,160943,,
160945,160945,579822,Renan,active,160945,160945,160945,,
160948,160948,579823,Chiqueti,active,160948,160948,160948,,
160950,160950,579824,Matheus Soares,active,160950,160950,160950,,
160952,160952,579825,João Cruz,active,160952,160952,160952,,
160954,160954,579826,Dudu,active,160954,160954,160954,,
160955,160955,579827,Diogo Bezerra,active,160955,160955,160955,,
160958,160958,579828,Fernando Costa,active,160958,160958,160958,,
160959,160959,579829,Ignacio Laquintana,active,160959,160959,160959,,
160961,160961,579830,Masato Shigemi,active,160961,105763301389505,160961,,
160972,160972,579831,Gonzalo Escudero,active,160972,160972,160972,,
160973,160973,579832,Gonzalo Sosa,active,160973,160973,160973,,
160976,160976,579833,Santino Vera,active,160976,160976,160976,,
160977,160977,579932,Éli Junior Kroupi,active,160977,105847053251793,160977,,
160979,527687,527687,Nesta Elphege,active,160979,160979,527687,,527687
160986,160986,579933,Kauã Diniz,active,160986,160986,160986,,
160993,160993,579934,Kaito Matsuzawa,active,160993,105748269004001,160993,,
160996,160996,579935,J.Miguel Betancourth,active,160996,160996,160996,,
160998,160998,579936,Yeimar Mosquera,active,160998,160998,160998,,
161015,161015,579937,Rodrigo Borzone,active,161015,161015,161015,,
161018,527810,527810,Miguel Ramírez,active,161018,161018,527810,,527810
161021,540357,540357,Frederico Vivo,active,8549629,161021,540357,,540357
161027,161027,579938,Tokumo Kawai,active,161027,161027,161027,,
161029,161029,579939,Taylan Aydın,active,161029,161029,161029,,
161035,161035,579940,Allex,active,161035,161035,161035,,
161045,161045,579941,Kauan Jesus,active,161045,161045,161045,,
161057,161057,579942,Felipe Negrucci,active,161057,161057,161057,,
161067,161067,579943,Shivatafari Nagasawa,active,161067,161067,161067,,
161082,161082,579944,Shuma Kido,active,161082,161082,161082,,
161096,161096,579945,Rafael Lobato,active,161096,161096,161096,,
161109,161109,579946,João Pedro,active,161109,161109,161109,,
161120,161120,579947,Gabriel Villamíl,active,161120,161120,161120,,
161121,161121,579948,Diego Medina,active,161121,161121,161121,,
161132,527961,527961,Nikola Krstović,active,161132,161132,527961,,527961
161133,161133,579949,Driton Camaj,active,161133,161133,161133,,
161134,161134,579950,José Córdoba,active,161134,161134,161134,,
161142,161142,579951,Jalal Hafeez,active,8549750,8549750,161142,,
161145,161145,579952,Vafa Jabal,active,8549753,8549753,161145,,
161149,161149,579953,Talat Fakhir,active,8549757,8549757,161149,,
161151,58682,58682,Viktor Popov,active,161151,161151,58682,,58682
161153,161153,579954,Georgi Rusev,active,161153,161153,161153,,
161156,161156,579955,André Gustave Delerm,active,8549764,8549764,161156,,
161158,161158,579956,Grigori Beilstein,active,8549766,8549766,161158,,
161160,161160,579982,Yakov Zatuliveter,active,8549768,8549768,161160,,
161168,161168,579983,Andrias Edmundsson,active,161168,161168,161168,,
161173,161173,579984,Talat Hossam,active,8549781,8549781,161173,,
161180,161180,579985,Tai Baribo,active,161180,161180,161180,,
161181,161181,579986,Omri Glazer,active,161181,161181,161181,,
161189,65252,65252,Horaţiu Moldovan,active,161189,161189,65252,,65252
161193,161193,579987,Barnabás Varga,active,161193,161193,161193,,
161201,161201,579988,Amadou Danté,active,161201,84047281,161201,,
161202,43751,43751,Anssi Suhonen,active,161202,161202,43751,,43751
161203,161203,579989,Tuomas Ollila,active,161203,161203,161203,,
161209,44278,44278,Egil Selvik,active,161209,161209,44278,,44278
161210,161210,579990,Hugo Vetlesen,active,161210,161210,161210,,
161217,161217,579991,Benjy Jenkinson,active,8549825,8549825,161217,,
161221,60586,60586,David Brekalo,active,161221,161221,60586,,60586
161222,40230,40230,Žan Vipotnik,active,161222,105839268623814,40230,,40230
161229,161229,579992,Rashid Nawaf,active,8549837,8549837,161229,,
161232,161232,579993,Diego Gómez,active,161232,105765448873424,161232,,
161234,110051,110051,Josimar Alcócer,active,161234,161234,110051,,110051
161235,161235,579994,Kevin Chamorro,active,161235,161235,161235,,
161255,161255,579995,Joaquín Ríos,active,161255,161255,161255,,
161260,161260,579996,Tony Strata,active,161260,161260,161260,,
161264,161264,579997,Tom Louchet,active,161264,161264,161264,,
161266,161266,579998,Tom Negrel,active,161266,161266,161266,,
161267,116314,116314,Lamine Camara,active,161267,105799003305459,116314,,116314
161277,161277,579999,Sen Takagi,active,161277,53974048863741,161277,,
161287,126216,126216,Francisco Silva,active,161287,161287,126216,,126216
161295,161295,580000,Phattharaphon J.,active,161295,161295,161295,,
161312,161312,580001,Willy Vogt,active,161312,161312,161312,,
161323,161323,580002,Alex Souza,active,161323,161323,161323,,
161343,161343,580003,Israel Suero,active,161343,161343,161343,,
161363,161363,580004,Levi Smans,active,161363,161363,161363,,
161368,161368,580005,Wattanachai S.,active,161368,161368,161368,,
161372,161372,580006,Chaiyaphon Otton,active,161372,161372,161372,,
161375,161375,580007,Athit Berg,active,161375,161375,161375,,
161376,161376,580008,Nattanan Biesamrit,active,161376,161376,161376,,
161408,161408,580009,Tuğbey Akgün,active,161408,161408,161408,,
161411,161411,580010,Anthony Dennis,active,161411,161411,161411,,
161429,161429,580011,Ziyad Larkeche,active,161429,161429,161429,,
161444,161444,580012,Panos Katseris,active,161444,161444,161444,,
161457,161457,580013,Matteo Dagasso,active,161457,161457,161457,,
161461,161461,580014,Filippo Pellacani,active,161461,161461,161461,,
161463,161463,580015,Mario de Luis,active,161463,161463,161463,,
161464,161464,580016,Fran González,active,161464,161464,161464,,
161465,116639,116639,David Jiménez,active,161465,161465,116639,,116639
161466,121181,121181,Álex Jiménez,active,161466,161466,121181,,121181
161478,161478,580017,Francesco Folino,active,161478,161478,161478,,
161493,161493,580018,Geoffrey Kondo,active,161493,161493,161493,,
161496,161496,580019,Freddy Mbemba,active,161496,161496,161496,,
161536,35279,35279,Finn Azaz,active,161536,161536,35279,,35279
161541,161541,580020,Ben Waine,active,161541,161541,161541,,
161548,558,558,Fermín López,active,161548,52896548943628,558,,558
161551,161551,580021,Álex Sancris,active,161551,161551,161551,,
161552,161552,580022,Rafa Fernández,active,161552,161552,161552,,
161554,161554,580023,Jon de Luis,active,161554,161554,161554,,
161560,161560,580024,Xabi Huarte,active,161560,161560,161560,,
161562,161562,580025,Asier Osambela,active,161562,161562,161562,,
161566,161566,580026,Adama Boiro,active,161566,161566,161566,,
161574,161574,580027,Merwan Ifnaoui,active,161574,161574,161574,,
161590,161590,580028,Carlos Puga,active,161590,161590,161590,,
161591,161591,580029,Youssouf Diarra,active,161591,161591,161591,,
161593,161593,580030,Antonio Casas,active,161593,161593,161593,,
161600,161600,580031,Javi Rodríguez,active,161600,161600,161600,,
161602,161602,580032,Fer López,active,161602,105769206970178,161602,,
161641,161641,580033,Lorenzo Sgarbi,active,161641,161641,161641,,
161649,161649,580034,Zachary Athekame,active,161649,161649,161649,,
161658,161658,580035,Franck Surdez,active,161658,161658,161658,,
161676,161676,580036,Juanpa,active,161676,161676,161676,,
161692,161692,580037,Christian Corradi,active,161692,161692,161692,,
161700,161700,580038,Rahim Alhassane,active,161700,161700,161700,,
161704,161704,580039,Alejandro Mestanza,active,161704,161704,161704,,
161722,161722,580040,Taha Şahin,active,161722,161722,161722,,
161756,161756,580041,Jon Gorrotxategi,active,161756,161756,161756,,
161760,161760,580042,Eder García,active,161760,161760,161760,,
161761,161761,580043,Alex Lebarbier,active,161761,161761,161761,,
161788,527972,527972,Rachid Kouda,active,161788,161788,527972,,527972
161810,161810,580044,Evans Maurin,active,161810,161810,161810,,
161828,528000,528000,Thierno Barry,active,161828,105861280331812,528000,,528000
161857,161857,580045,Zakaria Fdaouch,active,161857,161857,161857,,
161858,161858,580046,Amine Hemia,active,161858,161858,161858,,
161861,161861,580047,Yanis Zouaoui,active,161861,161861,161861,,
161872,161872,580048,Stije Resink,active,161872,161872,161872,,
161879,161879,580049,Stefano Di Mario,active,161879,161879,161879,,
161884,30196,30196,Diego Kochen,active,161884,161884,30196,,30196
161893,161893,580050,Lucas Román,active,161893,161893,161893,,
161894,161894,580051,Dimitrios Stamatakis,active,161894,161894,161894,,
161910,161910,580052,Guilherme Fernandes,active,161910,161910,161910,,
161915,161915,580053,Kialonda Gaspar,active,161915,105712030218363,161915,,
161956,161956,580054,Gustav Wagner,active,161956,161956,161956,,
161958,161958,580055,Anders Bergholt,active,161958,161958,161958,,
161960,161960,580056,Sefer Emini,active,161960,161960,161960,,
161973,161973,580057,Duke Verduin,active,161973,161973,161973,,
161984,161984,580058,Jack Thomson,active,161984,161984,161984,,
162017,162017,580059,Tobias Lauritsen,active,162017,162017,162017,,
162018,162018,580060,Ryan Kessler,active,162018,162018,162018,,
162039,162039,580061,Nökkvi Thórisson,active,162039,162039,162039,,
162068,162068,580062,Lucien Dähler,active,162068,162068,162068,,
162071,162071,580063,Valmir Matoshi,active,162071,162071,162071,,
162072,162072,580064,Pierce Charles,active,162072,162072,162072,,
162078,162078,580065,Sean Fusire,active,162078,162078,162078,,
162080,162080,580066,Rio Shipston,active,162080,162080,162080,,
162101,162101,580067,Kaishin Sekiguchi,active,162101,162101,162101,,
162104,162104,580068,José de la Rosa,active,162104,162104,162104,,
162112,162112,580069,Villads Westh,active,162112,162112,162112,,
162113,162113,580070,Laurits Pedersen,active,162113,162113,162113,,
162114,162114,580071,Lamine Yamal,active,162114,123236838963522,162114,,
162132,40910,40910,Matti Peltola,active,162132,162132,40910,,40910
162137,162137,580072,Mohamed Touré,active,162137,162137,162137,,
162147,162147,580073,Diego Aznar,active,162147,162147,162147,,
162159,162159,580074,Jeinner Fuentes,active,162159,162159,162159,,
162163,37502,37502,Aleksandar Pavlović,active,162163,52881248123251,37502,,37502
162164,162164,580075,David Odogu,active,162164,162164,162164,,
162170,162170,580076,Pape Diallo,active,162170,162170,162170,,
162171,162171,580077,Malick Mbaye,active,162171,162171,162171,,
162183,528014,528014,Marcos Navarro,active,162183,162183,528014,,528014
162190,162190,580078,Dominik Pech,active,162190,162190,162190,,
162193,162193,580079,Ryota Kuboniwa,active,162193,162193,162193,,
162197,162197,580080,Leonardo Mendicino,active,162197,162197,162197,,
162206,162206,580081,Mohammad Abu Al Nadi,active,162206,162206,162206,,
162209,162209,580082,Unai Gómez,active,162209,162209,162209,,
162217,162217,580083,Jorge Karse,active,162217,162217,162217,,
162218,162218,580084,Ante Vuković,active,162218,162218,162218,,
162236,162236,580085,Marc Vilaplana,active,162236,162236,162236,,
162241,162241,580086,Izan González,active,162241,162241,162241,,
162270,162270,580087,Marco Ruggero,active,162270,162270,162270,,
162276,162276,580088,Matteo Casarotto,active,162276,162276,162276,,
162302,162302,580089,Mike Themsen,active,162302,162302,162302,,
162314,528029,528029,Ruben van Bommel,active,162314,162314,528029,,528029
162323,162323,580090,Clément Akpa,active,162323,162323,162323,,
162332,162332,580091,Esteban Lepaul,active,162332,105816720046620,162332,,
162351,162351,580092,Aimé Omgba,active,162351,162351,162351,,
162431,162431,580093,A. Marcandalli,active,162431,162431,162431,,
162536,162536,580094,Maas Willemsen,active,162536,162536,162536,,
162581,34488,34488,Gladys Ridley,active,8551189,8551189,34488,,34488
162585,162585,580095,Ricardo Santos,active,162585,162585,162585,,
162589,162589,580096,Jack Iredale,active,162589,162589,162589,,
162594,162594,580097,Bernat Guiu,active,162594,162594,162594,,
162601,162601,580098,Víctor Parada,active,162601,162601,162601,,
162604,162604,580099,Espigares,active,162604,162604,162604,,
162605,162605,580100,Jon Aramburu,active,162605,105765448874797,162605,,
162613,162613,580101,Ephron Mason-Clark,active,162613,162613,162613,,
162622,124977,124977,Giovanni Leoni,active,162622,105799271742270,124977,,124977
162623,162623,580102,Enrico Piovanello,active,162623,162623,162623,,
162645,162645,580103,Eyþór Björgólfsson,active,162645,162645,162645,,
162647,162647,580104,Marcos Peña,active,162647,162647,162647,,
162670,116584,116584,Mamadou Coulibaly,active,162670,162670,116584,,116584
162671,120339,120339,Trevan Sanusi,active,162671,162671,120339,,120339
162685,162685,580105,Hayato Okuda,active,162685,105753369279357,162685,,
162696,162696,580106,Roméo Beney,active,162696,162696,162696,,
162700,162700,580107,Nathan Fernandes,active,162700,105766791052172,162700,,
162706,162706,580108,Mathis Touho,active,162706,162706,162706,,
162707,162707,580109,Ebenezer Akinsanmiro,active,162707,162707,162707,,
162711,162711,580110,Ruben Fernandes,active,162711,162711,162711,,
162717,116955,116955,Tygo Land,active,162717,162717,116955,,116955
162727,162727,580111,Markus Jensen,active,162727,162727,162727,,
162730,162730,580112,Francesco Coppola,active,162730,162730,162730,,
162735,162735,580113,Lassine Diarra,active,162735,162735,162735,,
162738,162738,580114,Jordan Mendes,active,162738,162738,162738,,
162752,115236,115236,Amanpour Xayyam,active,8551360,50494400,115236,,115236
162808,162808,580115,Park Seung-Wook,active,162808,105652705983480,162808,,
162906,540814,540814,Mersad Seifi,active,16940122,16940122,540814,,540814
162931,162931,580116,Jalil Eijaz,active,8551539,8551539,162931,,
162937,162937,580117,Saif Osama,active,8551545,8551545,162937,,
162940,162940,580118,Faqir Djamel,active,8551548,8551548,162940,,
162942,162942,580119,Mansur Nizam Aldin,active,8551550,50494590,162942,,
162957,162957,580120,Mojtaba Yusuf,active,8551565,8551565,162957,,
162958,162958,580121,Yusef Murad,active,8551566,8551566,162958,,
162963,540818,540818,Ahmad Abu Rasen,active,16940179,16940179,540818,,540818
162967,540820,540820,Abdullah Zaid,active,16940183,16940183,540820,,540820
162972,162972,580122,Madi Monamay,active,162972,162972,162972,,
162974,127290,127290,Tomás Pérez,active,162974,162974,127290,,127290
162975,162975,580123,Inglis Remington,active,8551583,8551583,162975,,
162979,116732,116732,Rodrigo Abajas,active,162979,162979,116732,,116732
162980,162980,580124,Samuel Amo-Ameyaw,active,162980,162980,162980,,
162985,162985,580125,Stijn Petiet,active,162985,162985,162985,,
162988,162988,580126,Mamadou Diakhon,active,162988,162988,162988,,
162999,162999,580127,Alex Daho,active,162999,162999,162999,,
163006,121051,121051,Nico O'Reilly,active,163006,52898427993278,121051,,121051
163008,163008,580128,Justin Homma,active,163008,163008,163008,,
163013,163013,580129,Riccardo Pagano,active,163013,163013,163013,,
163017,163017,580130,Richard,active,163017,163017,163017,,
163021,163021,580131,Hayato Inamura,active,163021,105763301391565,163021,,
163022,163022,580132,Cheikh Fall,active,163022,163022,163022,,
163026,163026,580133,Jonathan Jesus,active,163026,163026,163026,,
163032,163032,580134,Tenshiro Takasaki,active,163032,163032,163032,,
163038,163038,580135,Joaquin Seys,active,163038,105855106317534,163038,,
163046,163046,580136,Dani Rodríguez,active,163046,163046,163046,,
163047,7038,7038,Héctor Fort,active,163047,123236838964455,7038,,7038
163048,102571,102571,Marc Guiu,active,163048,105707466816744,102571,,102571
163053,125383,125383,Matías Moreno,active,163053,163053,125383,,125383
163057,163057,580137,Matteo D'Antona,active,163057,163057,163057,,
163061,163061,580138,Salim El Jebari,active,163061,163061,163061,,
163064,163064,580139,Noah Lassen,active,163064,163064,163064,,
163068,163068,580140,Cleber,active,163068,163068,163068,,
163069,163069,580141,Henrique Silva,active,163069,163069,163069,,
163072,163072,580142,Luis Fernando,active,163072,163072,163072,,
163221,163221,580143,Mujtaba Samer,active,8551829,8551829,163221,,
163235,540824,540824,Nawaf Boushal,active,16940451,8551843,540824,,540824
163272,163272,580144,Heydar Nader,active,8551880,8551880,163272,,
163430,163430,580145,Javad Saqib,active,8552038,8552038,163430,,
163541,163541,580146,Nalawich Intacharoen,active,163541,163541,163541,,
163543,117294,117294,Aaron Anselmino,active,163543,163543,117294,,117294
163544,163544,580147,Rikuto Ishio,active,163544,163544,163544,,
163550,163550,580148,Hayato Aoki,active,163550,163550,163550,,
163554,163554,580149,Robert Silva,active,163554,163554,163554,,
163557,163557,580150,Salih Malkoçoğlu,active,163557,163557,163557,,
163562,163562,580151,Ryosuke Shirai,active,163562,163562,163562,,
163563,163563,580152,Joi Yamamoto,active,163563,163563,163563,,
163573,163573,580153,Łukasz Łakomy,active,163573,163573,163573,,
163575,163575,580154,Dylan Aquino,active,163575,163575,163575,,
163578,44241,44241,David Møller Wolfe,active,163578,105708540559098,44241,,44241
163580,163580,580155,Henok Teklab,active,163580,163580,163580,,
163583,163583,580156,Joël Mall,active,163583,163583,163583,,
163585,163585,580182,Daichi Suzuki,active,163585,105844100464385,163585,,
163587,163587,580183,R. Jan Vanwesemael,active,163587,163587,163587,,
163589,163589,580184,Martim Marques,active,163589,163589,163589,,
163594,163594,580185,Yotsakon Burapha,active,163594,163594,163594,,
163628,163628,580186,Aaron Bibout,active,163628,163628,163628,,
163629,163629,580187,Hayata Ishii,active,163629,163629,163629,,
163642,528285,528285,Viery,active,163642,105842221416250,528285,,528285
163643,163643,580188,Loïc Lüthi,active,163643,163643,163643,,
163644,163644,580189,Lion Lauberbach,active,163644,163644,163644,,
163647,528327,528327,Tyler Hall,active,163647,163647,528327,,528327
163655,163655,580190,Tiemoko Ouattara,active,163655,163655,163655,,
163656,163656,580191,Abdoulaye Diaby,active,163656,163656,163656,,
163658,163658,580192,Finn van Breemen,active,163658,163658,163658,,
164269,164269,580193,Nectarios Triantis,active,164269,164269,164269,,
164270,164270,580194,Juan Cuesta,active,164270,164270,164270,,
164272,114024,114024,Vanja Vlahović,active,164272,164272,114024,,114024
164273,164273,580195,Rafik Belghali,active,164273,105860558913969,164273,,
164285,164285,580196,Enzo Crombez,active,164285,164285,164285,,
164286,164286,580197,Oumar Diakité,active,164286,164286,164286,,
164291,164291,580198,Amine Cherni,active,164291,53981028188611,164291,,
164292,528361,528361,Diego Campillo,active,164292,164292,528361,,528361
164301,164301,580199,Franculino Djú,active,164301,164301,164301,,
164304,164304,580200,Alberto Reina,active,164304,164304,164304,,
164305,164305,580201,Tim Jabol-Folcarelli,active,164305,53982638801361,164305,,
164306,113020,113020,Mathis Amougou,active,164306,164306,113020,,113020
164318,540363,540363,Joseba Fajardo,active,8552926,164318,540363,,540363
164324,164324,580202,Edoardo Saporiti,active,164324,164324,164324,,
164335,164335,580203,Mirko Topić,active,164335,164335,164335,,
164337,164337,580204,Adama Camara,active,164337,164337,164337,,
164356,164356,580205,Andrés Ferrari,active,164356,164356,164356,,
164357,164357,580206,Marius Courcoul,active,164357,164357,164357,,
164363,164363,580232,Gustavo,active,164363,164363,164363,,
164373,164373,580233,Abdulsamet Burak,active,164373,55069265527317,164373,,
164382,164382,580234,Denil Castillo,active,164382,164382,164382,,
164384,164384,580235,Matias Gomez,active,164384,164384,164384,,
164446,164446,580236,Belmin Dizdarević,active,164446,164446,164446,,
164451,164451,580237,Mojmír Chytil,active,164451,164451,164451,,
164455,164455,580238,Adam Nhaili,active,164455,164455,164455,,
164458,164458,580239,Onuralp Çevikkan,active,164458,164458,164458,,
164463,105094,105094,Jacob Ondrejka,active,164463,164463,105094,,105094
164468,164468,580240,C. Bonsu Baah,active,164468,164468,164468,,
164470,164470,580241,Cheick Doumbia,active,164470,164470,164470,,
164471,528440,528440,Gjivai Zechiël,active,164471,164471,528440,,528440
164474,164474,580242,Brian Cipenga,active,164474,164474,164474,,
164493,164493,580243,Yotaro Nakajima,active,164493,105834436788877,164493,,
164495,164495,580244,Giorgi Kvernadze,active,164495,164495,164495,,
164509,125296,125296,Loide Augusto,active,164509,164509,125296,,125296
164514,164514,580245,Yuta Arai,active,164514,105769743844002,164514,,
164520,164520,580246,Pedro Morisco,active,164520,164520,164520,,
164521,164521,580247,Josh Key,active,164521,164521,164521,,
164527,164527,580248,Oualid Agougil,active,164527,164527,164527,,
164534,164534,580249,Raz Shlomo,active,164534,164534,164534,,
164539,44434,44434,Petar Sučić,active,164539,56164750623419,44434,,44434
164542,164542,580250,Mikel Amondarain,active,164542,164542,164542,,
164544,164544,580251,George Earthy,active,164544,164544,164544,,
164545,164545,580252,Joyce Ríos,active,164545,164545,164545,,
164548,164548,580253,Victor Campos,active,164548,164548,164548,,
164550,164550,580254,Francisco Marchant,active,164550,164550,164550,,
164557,164557,580255,Wattanapong Withunat,active,164557,164557,164557,,
164558,164558,580256,Emrecan Bulut,active,164558,164558,164558,,
164562,164562,580257,Javier Vallejos,active,164562,164562,164562,,
164563,164563,580258,Thyago Ayala,active,164563,164563,164563,,
164565,164565,580259,Jakub Kałuziński,active,164565,53969485464277,164565,,
164567,528481,528481,Patricio Salas,active,164567,164567,528481,,528481
164572,117646,117646,Toby Collyer,active,164572,164572,117646,,117646
164573,164573,580260,Omari Forson,active,164573,164573,164573,,
164574,164574,580261,Noah Nartey,active,164574,164574,164574,,
164575,164575,580262,August Priske,active,164575,164575,164575,,
164589,164589,580263,Ethan Sutherland,active,164589,164589,164589,,
164591,164591,580264,Santiago Mouriño,active,164591,164591,164591,,
164594,164594,580265,Sota Iwanaga,active,164594,164594,164594,,
164598,164598,580266,Facinet Conte,active,164598,164598,164598,,
164600,164600,580267,Ythallo,active,164600,164600,164600,,
164602,164602,580268,Rion Ichihara,active,164602,105760885474042,164602,,
164608,164608,580269,Nazareno Durán,active,164608,164608,164608,,
164610,164610,580270,John Montaño,active,164610,164610,164610,,
164615,528700,528700,Essien Bassey,active,164615,164615,528700,,528700
164616,164616,580271,Supazin Hnupichai,active,164616,164616,164616,,
164619,164619,580272,Ronie Carrillo,active,164619,164619,164619,,
164621,164621,580273,Diego Sanhueza,active,164621,164621,164621,,
164622,164622,580274,Alan Minda,active,164622,164622,164622,,
164643,164643,580275,Andreas Verstraeten,active,164643,164643,164643,,
164648,164648,580276,Ibrahima Bangoura,active,164648,164648,164648,,
164649,164649,580277,N. Adedeji-Sternberg,active,164649,164649,164649,,
164656,164656,580278,Tristan De Greef,active,164656,164656,164656,,
164657,164657,580279,Luca Monticelli,active,164657,164657,164657,,
164667,164667,580280,Gustavo Charrupí,active,164667,164667,164667,,
164675,164675,580281,Wagner Pina,active,164675,105848126997315,164675,,
164682,540364,540364,Peter MacGregor,active,8553290,164682,540364,,540364
164689,164689,580307,Isaac,active,164689,164689,164689,,
164691,540826,540826,Mathieu Patouillet,active,16941907,16941907,540826,,540826
164694,164694,580308,Pathé Mboup,active,164694,164694,164694,,
164700,164700,580309,Samuel Amissah,active,164700,164700,164700,,
164703,119754,119754,James McConnell,active,164703,164703,119754,,119754
164705,528787,528787,Lewis Koumas,active,164705,164705,528787,,528787
164709,528810,528810,Olwethu Makhanya,active,164709,164709,528810,,528810
164717,164717,580310,Gustavo Nunes,active,164717,164717,164717,,
164721,164721,580311,Rodrigo Ribeiro,active,164721,164721,164721,,
164728,126993,126993,Clinton Nsiala,active,164728,164728,126993,,126993
164734,164734,580312,Hugo Cuenca,active,164734,164734,164734,,
164736,164736,580313,Kevin Zeroli,active,164736,105724915123072,164736,,
164742,164742,580314,Zachariah Marsh,active,164742,164742,164742,,
164747,164747,580315,Alex Murphy,active,164747,164747,164747,,
164752,164752,580316,B. Baker-Boaitey,active,164752,164752,164752,,
164767,164767,580317,C. Charalampous,active,164767,164767,164767,,
164792,164792,580318,Seydou Traore,active,164792,164792,164792,,
164795,164795,580319,Gilberto Batista,active,164795,164795,164795,,
164798,164798,580320,Anouar El Azzouzi,active,164798,164798,164798,,
164799,164799,580321,Nick Fichtinger,active,164799,164799,164799,,
164804,164804,580322,Jannes Wieckhoff,active,164804,164804,164804,,
164816,164816,580323,Gastón Martirena,active,164816,164816,164816,,
164819,164819,580324,Marcos Mina,active,164819,164819,164819,,
164824,164824,580325,Aaron Bott,active,164824,164824,164824,,
164827,164827,580326,Rudi Molotnikov,active,164827,164827,164827,,
164828,164828,580327,Jacob MacIntyre,active,164828,164828,164828,,
164830,164830,580328,Alouis Diriken,active,164830,164830,164830,,
164834,164834,580329,Dire Mebude,active,164834,164834,164834,,
164835,528829,528829,Matija Frigan,active,164835,164835,528829,,528829
164843,164843,580330,M. Fernández-Pardo,active,164843,164843,164843,,
164845,164845,580331,Chima Okoroji,active,164845,164845,164845,,
164847,164847,580332,Gabriel Sigua,active,164847,164847,164847,,
164852,164852,580333,Willy Kambwala,active,164852,164852,164852,,
164856,164856,580334,Sohaib Nair,active,164856,164856,164856,,
164864,164864,580335,Tidjany Touré,active,164864,164864,164864,,
164870,164870,580336,Djibril Soumaré,active,164870,164870,164870,,
164876,128210,128210,Abdukodir Khusanov,active,164876,106746899235852,128210,,128210
164878,164878,580337,Ibou Sané,active,164878,164878,164878,,
164879,164879,580338,Harrie Kuster,active,164879,164879,164879,,
164882,124854,124854,Yang Hyun-Jun,active,164882,52882053432338,124854,,124854
164893,57447,57447,Kenan Yıldız,active,164893,55069802398749,57447,,57447
164901,164901,580339,Mateo Ponte,active,164901,53974854173733,164901,,
164903,529035,529035,Mariano Troilo,active,164903,52898427995175,529035,,529035
164906,164906,580340,Cristopher Fiermarin,active,164906,164906,164906,,
164909,164909,580341,Bassco Soyer,active,164909,164909,164909,,
164915,164915,580342,Justin Obikwu,active,164915,164915,164915,,
164920,164920,580343,Alfie Marriott,active,164920,164920,164920,,
164926,43788,43788,Patrick Dorgu,active,164926,52901649220670,43788,,43788
164931,164931,580344,Gonzalo Pérez,active,164931,164931,164931,,
164932,164932,580345,Noah Marec,active,164932,164932,164932,,
164933,164933,580346,Slobodan Rubežić,active,164933,164933,164933,,
164937,164937,580347,Carlos Forbs,active,164937,52893864592457,164937,,
164938,164938,580348,Jakov Medić,active,164938,164938,164938,,
164941,164941,580349,Mathis Lambourde,active,164941,164941,164941,,
164943,164943,580350,Rodrigo Pinheiro,active,164943,164943,164943,,
164944,164944,580351,Joachim Sanda,active,164944,164944,164944,,
164948,164948,580352,Luca Gunter,active,164948,164948,164948,,
164950,164950,580353,Kellen Fisher,active,164950,164950,164950,,
164956,164956,580354,Franco Rami,active,164956,164956,164956,,
164958,164958,580355,Emirhan Yiğit,active,164958,164958,164958,,
164962,164962,580356,Ousmane Touré,active,164962,164962,164962,,
164963,164963,580382,Sidiki Chérif,active,164963,164963,164963,,
164964,164964,580383,Mouhamed Diop,active,164964,164964,164964,,
164968,164968,580384,Josué Kongolo,active,164968,164968,164968,,
164971,164971,580385,Jon Martín,active,164971,164971,164971,,
164975,164975,580386,Thanakrit C.,active,164975,164975,164975,,
164981,164981,580387,Luís Asué,active,164981,164981,164981,,
164987,127567,127567,Zanos Savva,active,164987,164987,127567,,127567
164988,127687,127687,Alieu Njie,active,164988,164988,127687,,127687
164998,529089,529089,Luca Marianucci,active,164998,164998,529089,,529089
165001,165001,580388,Adama Bojang,active,165001,165001,165001,,
165006,165006,580389,Kevin Miranda,active,165006,165006,165006,,
165008,165008,580390,L. Mincarelli Davin,active,165008,165008,165008,,
165009,165009,580391,Akor Adams,active,165009,165009,165009,,
165014,124831,124831,Luis Hasa,active,165014,165014,124831,,124831
165023,60862,60862,Kenneth Vargas,active,165023,165023,60862,,60862
165024,165024,580392,Sarayut Yoosuebchuea,active,165024,165024,165024,,
165026,165026,580393,Payanat Thodsanid,active,165026,165026,165026,,
165029,165029,580394,Noah Edjouma,active,165029,165029,165029,,
165032,165032,580395,Ander Madariaga,active,165032,165032,165032,,
165033,165033,580396,Oliver Braude,active,165033,165033,165033,,
165035,121043,121043,Tai Abed,active,165035,165035,121043,,121043
165041,165041,580397,Javi Hernández,active,165041,165041,165041,,
165042,165042,580398,Iván Garriel,active,165042,165042,165042,,
165044,165044,580399,Marcos Cuenca,active,165044,165044,165044,,
165047,165047,580400,Jorge Benito,active,165047,165047,165047,,
165054,165054,580401,David Pejičić,active,165054,165054,165054,,
165055,165055,580402,Siren Diao,active,165055,165055,165055,,
165056,165056,580403,Nicola Patanè,active,165056,165056,165056,,
165057,529170,529170,Daniele Ghilardi,active,165057,165057,529170,,529170
165060,529208,529208,Pio Esposito,active,165060,52898159559876,529208,,529208
165065,165065,580404,Wout Asselman,active,165065,165065,165065,,
165067,165067,580405,Hemsley Akpa-Chukwu,active,165067,165067,165067,,
165069,165069,580406,Mats Egbring,active,165069,165069,165069,,
165077,165077,580407,Finley Cartwright,active,165077,165077,165077,,
165084,165084,580408,Pichitchai S.,active,165084,165084,165084,,
165088,165088,580409,Athirat Jantrapho,active,165088,165088,165088,,
165090,165090,580410,Rayan Kolli,active,165090,165090,165090,,
165105,165105,580411,Abdellah Baallal,active,165105,165105,165105,,
165107,165107,580412,Matys Donavin,active,165107,165107,165107,,
165108,165108,580413,Mohamed Bouchenna,active,165108,165108,165108,,
165116,165116,580414,Mory Gbane,active,165116,165116,165116,,
165118,165118,580415,Piri,active,165118,165118,165118,,
165120,165120,580416,Iñaki González,active,165120,165120,165120,,
165121,165121,580417,Juanma Herzog,active,165121,165121,165121,,
165123,165123,580418,Lorenzo Lucchesi,active,165123,165123,165123,,
165126,111019,111019,Levi Buggins,active,8553734,8553734,111019,,111019
165128,165128,580419,Jeremy Arévalo,active,165128,165128,165128,,
165132,165132,580420,Ange Loïc N'Gatta,active,165132,165132,165132,,
165176,165176,580421,Patrick Beach,active,165176,56161529398584,165176,,
165180,165180,580422,Sebastian Esposito,active,165180,165180,165180,,
165221,540829,540829,Anas Abweny,active,16942437,16942437,540829,,540829
165225,165225,580423,Adrian Lickūnas,active,165225,165225,165225,,
165233,165233,580424,Samson Lawal,active,165233,165233,165233,,
165235,165235,580425,Rita Mori,active,165235,165235,165235,,
165243,529210,529210,Mohamadou Kanté,active,165243,165243,529210,,529210
165248,121121,121121,Nick Verschuren,active,165248,165248,121121,,121121
165249,165249,580426,Dave Kwakman,active,165249,165249,165249,,
165252,113652,113652,Samu Aghehowa,active,165252,105852958836100,113652,,113652
165254,165254,580427,Antoniu Roca,active,165254,165254,165254,,
165255,165255,580428,Mathias de Amorim,active,165255,165255,165255,,
165256,165256,580429,Bartosz Żelazowski,active,165256,165256,165256,,
165262,165262,580430,Lorenzo Da Pozzo,active,165262,165262,165262,,
165266,165266,580431,C. Ikwuemesi,active,165266,165266,165266,,
165269,165269,580432,Omri Gandelman,active,165269,165269,165269,,
165271,165271,580433,Jonatan Lindekilde,active,165271,165271,165271,,
165278,165278,580434,Lucas Bernabéu,active,165278,165278,165278,,
165281,165281,580435,Francisco Pozzo,active,165281,165281,165281,,
165283,165283,580436,Kingstone Mutandwa,active,165283,165283,165283,,
165284,165284,580437,Coli Saco,active,165284,165284,165284,,
165287,125208,125208,Pietro Comuzzo,active,165287,105727062607271,125208,,125208
165289,165289,580438,Unai Egiluz,active,165289,165289,165289,,
165290,165290,580439,Josen Escobar,active,165290,165290,165290,,
165637,165637,580440,Pau Navarro,active,165637,165637,165637,,
165641,165641,580441,Leandro Lescano,active,165641,165641,165641,,
165642,165642,580442,Jamie Roche,active,165642,165642,165642,,
165643,139905,139905,Kevyn,active,165643,165643,139905,,139905
165645,165645,580443,Mateus Lusuardi,active,165645,165645,165645,,
165656,165656,580444,Mohamad Sylla,active,165656,165656,165656,,
165664,165664,580445,Daniel Peretz,active,165664,52877221594912,165664,,
165672,165672,580446,Altin Zeqiri,active,165672,165672,165672,,
165674,165674,580447,Attila Mocsi,active,165674,165674,165674,,
165677,165677,580448,Oumar Diouf,active,165677,165677,165677,,
165679,165679,580449,Dal Varešanović,active,165679,53976196351791,165679,,
165683,165683,580450,Mohamed Jaouab,active,165683,165683,165683,,
165690,165690,580451,Ryan Carr,active,165690,165690,165690,,
165692,165692,580452,Mikel Gogorza,active,165692,165692,165692,,
165696,4412,4412,Pau Cubarsí,active,165696,55070339270464,4412,,4412
165705,165705,580453,Mustafa Hekimoğlu,active,165705,53976196351817,165705,,
165706,165706,580454,Emir Yaşar,active,165706,165706,165706,,
165709,165709,580455,Dani Martínez,active,165709,165709,165709,,
165712,529237,529237,Edoardo Motta,active,165712,165712,529237,,529237
165715,165715,580456,Natan Girma,active,165715,165715,165715,,
165717,165717,580457,Bradley Mayo,active,165717,165717,165717,,
165718,165718,580458,Junior Tchamadeu,active,165718,165718,165718,,
165720,113914,113914,Bae Jun-Ho,active,165720,105753637717848,113914,,113914
165721,165721,580459,Pablo Ruan,active,165721,165721,165721,,
165733,165733,580460,Sebastián Boselli,active,165733,165733,165733,,
165734,100971,100971,Christos Mandas,active,165734,165734,100971,,100971
165738,165738,580461,Andrés Dávila,active,165738,165738,165738,,
165739,165739,580462,Matías Abaldo,active,165739,165739,165739,,
165748,165748,580463,Yuri Rocchetti,active,165748,165748,165748,,
165751,165751,580464,Enso González,active,165751,165751,165751,,
165756,165756,580465,Parfait Guiagon,active,165756,165756,165756,,
165758,113895,113895,Lee Han-Beom,active,165758,165758,113895,,113895
165761,165761,580466,Souleymane Basse,active,165761,165761,165761,,
165766,165766,580467,Tom Atcheson,active,165766,165766,165766,,
165782,165782,580468,Ahmadou Ndiaye,active,165782,165782,165782,,
165783,165783,580469,Lasse Flø,active,165783,165783,165783,,
165789,165789,580470,Jozo Stanić,active,165789,165789,165789,,
165800,165800,580471,Ilay Camara,active,165800,165800,165800,,
165801,165801,580472,Juan Sebastián,active,165801,165801,165801,,
165802,165802,580473,Alamara Djabi,active,165802,165802,165802,,
165805,165805,580474,Stanley Iheanacho,active,165805,165805,165805,,
165809,165809,580475,Ren Asakura,active,165809,165809,165809,,
165818,165818,580476,Magnus Andersen,active,165818,165818,165818,,
165829,165829,580477,Alex Matos,active,165829,165829,165829,,
165834,587687,587687,David López,active,165834,165834,587687,,587687
165842,165842,580478,Neiser Villareal,active,165842,165842,165842,,
165848,165848,580479,Chuki,active,165848,165848,165848,,
165849,165849,580480,Mahamadou Nagida,active,165849,165849,165849,,
165850,165850,580481,A. Vanden Driessche,active,165850,165850,165850,,
165856,165856,580502,Yvann Titi,active,165856,165856,165856,,
165857,165857,580503,Bryan Correa,active,165857,165857,165857,,
165858,165858,580504,Javier Mena,active,165858,165858,165858,,
165859,165859,580505,Mario Ramos,active,165859,165859,165859,,
165865,118366,118366,Eyüp Aydın,active,165865,165865,118366,,118366
165866,165866,580506,Assane Diao,active,165866,52899501737962,165866,,
165867,165867,580507,Pablo Busto,active,165867,165867,165867,,
165868,165868,580508,Alexander Priesborg,active,165868,165868,165868,,
165869,165869,580509,Ramzi Safouri,active,165869,165869,165869,,
165874,165874,580510,Kendry Páez,active,165874,165874,165874,,
165875,46382,46382,Arttu Hoskonen,active,165875,165875,46382,,46382
165876,109115,109115,Luis Vega,active,165876,165876,109115,,109115
165895,165895,580511,Faqir Jabr,active,8554503,50497543,165895,,
165905,540830,540830,Turki Al Ghamil,active,16943121,16943121,540830,,540830
165906,540843,540843,Mohammed Al Zaid,active,16943122,16943122,540843,,540843
165919,165919,580512,Ismail Ghazi,active,8554527,8554527,165919,,
165939,165939,580513,Imad Reza,active,8554547,16943155,165939,,
166080,166080,580514,Faqir Labib,active,8554688,8554688,166080,,
166085,166085,580515,Daniel Ting,active,166085,166085,166085,,
166091,166091,580516,Mojtaba Imran,active,8554699,8554699,166091,,
166094,166094,580517,Amin Al Hamawi,active,166094,166094,166094,,
166098,166098,580518,Jalil Saifullah,active,8554706,105868041554130,166098,,
166135,529357,529357,Aidan Harris,active,166135,166135,529357,,529357
166136,118386,118386,Gökdeniz Gürpüz,active,166136,166136,118386,,118386
166137,529514,529514,Santiago Morales,active,166137,166137,529514,,529514
166138,166138,580519,Luca Raffin,active,166138,166138,166138,,
166143,166143,580520,Mattia Mannini,active,166143,166143,166143,,
166148,166148,580521,Max de Ligt,active,166148,166148,166148,,
166149,166149,580522,Jan Tufail,active,8554757,8554757,166149,,
166158,166158,580523,Álvaro Killane,active,166158,166158,166158,,
166167,166167,580524,Juho Lähteenmäki,active,166167,166167,166167,,
166169,166169,580525,Noah Markmann,active,166169,166169,166169,,
166173,166173,580526,Marco Esteban,active,166173,166173,166173,,
166186,119145,119145,Yarek Gąsiorowski,active,166186,52896817383722,119145,,119145
166188,166188,580527,Edney,active,166188,166188,166188,,
166190,166190,580528,Yanis Issoufou,active,166190,166190,166190,,
166193,166193,580529,Siaka Bakayoko,active,166193,166193,166193,,
166194,166194,580530,Paco Sanz,active,166194,166194,166194,,
166196,529519,529519,Victor Froholdt,active,166196,166196,529519,,529519
166200,166200,580531,Deniz Dönmezer,active,166200,166200,166200,,
166203,166203,580532,Rubén Montero,active,166203,166203,166203,,
166205,166205,580533,Harry Enright,active,8554813,8554813,166205,,
166210,166210,580534,Micah Hamilton,active,166210,166210,166210,,
166211,166211,580535,Law McCabe,active,166211,166211,166211,,
166218,166218,580536,Adrián Niño,active,166218,105751758670154,166218,,
166219,166219,580537,Antonin Cartillier,active,166219,166219,166219,,
166234,166234,580538,Kitt Nelson,active,166234,166234,166234,,
166235,166235,580539,Jaden Dixon,active,166235,166235,166235,,
166236,166236,580540,Leonardo Sepúlveda,active,166236,166236,166236,,
166254,166254,580541,Ayyoub Bouaddi,active,166254,106788724836718,166254,,
166255,166255,580542,Jarell Simo,active,166255,166255,166255,,
166257,63279,63279,Yusuf Akçiçek,active,166257,105847858563441,63279,,63279
166259,166259,580543,Javier Boñar,active,166259,166259,166259,,
166287,166287,580544,Marko Tući,active,166287,166287,166287,,
166296,166296,580545,Lee Gi-Hyuk,active,166296,166296,166296,,
166319,166319,580546,Lee Tae-Seok,active,166319,105867773118895,166319,,
166385,114786,114786,Eom Ji-Sung,active,166385,50498033,114786,,114786
166393,166393,580547,Vic Head,active,8555001,8555001,166393,,
166411,166411,580548,Ko Myeong-Seok,active,166411,166411,166411,,
166423,166423,580549,Ruan Índio,active,166423,166423,166423,,
166450,166450,580550,Josué Souza,active,166450,166450,166450,,
166468,128169,128169,Martim Fernandes,active,166468,105845711080004,128169,,128169
166475,540367,540367,Mikel Astarloa,active,8555083,166475,540367,,540367
166482,166482,580551,Peter Amoran,active,166482,166482,166482,,
166486,166486,580577,Sam Parker,active,166486,166486,166486,,
166489,166489,580578,Jordi Martín,active,166489,166489,166489,,
166492,166492,580579,David Sellés,active,166492,166492,166492,,
166499,166499,580580,Lewis Thomas,active,166499,166499,166499,,
166500,166500,580581,Josh Duffus,active,166500,166500,166500,,
166501,166501,580582,Lilian Baret,active,166501,166501,166501,,
166512,166512,580583,Leo Castledine,active,166512,166512,166512,,
166513,529524,529524,Armando González,active,166513,166513,529524,,529524
166515,166515,580584,Joselu Pérez,active,166515,166515,166515,,
166516,166516,580585,Hamza Abdallah,active,166516,166516,166516,,
166520,166520,580586,Carlos Ballestero,active,166520,166520,166520,,
166524,166524,580587,Ali Houary,active,166524,166524,166524,,
166526,166526,580588,Adam Boayar,active,166526,166526,166526,,
166530,529527,529527,Dagoberto Espinoza,active,166530,166530,529527,,529527
166545,529538,529538,Ibrahima Ba,active,166545,166545,529538,,529538
166546,166546,580589,Manga Foe Ondoa,active,166546,166546,166546,,
166547,166547,580591,Harry Whitwell,active,166547,166547,166547,,
166549,166549,580592,Mustafa Baydan,active,166549,166549,166549,,
166551,166551,580593,Hugo Rincón,active,166551,166551,166551,,
166553,166553,580594,Hugo Solozábal,active,166553,166553,166553,,
166558,166558,580595,Sander Ravn,active,166558,166558,166558,,
166564,166564,580596,Capi,active,166564,166564,166564,,
166567,529554,529554,Diego Mascardi,active,166567,166567,529554,,529554
166580,166580,580597,Yuta Fukazawa,active,166580,105748269009588,166580,,
166605,166605,580598,Gonzalo Alassia,active,166605,166605,166605,,
166635,166635,580599,Francisco Petrasso,active,166635,166635,166635,,
166637,166637,580601,Matías Reali,active,166637,166637,166637,,
166653,166653,580602,Jefry Zapata,active,166653,166653,166653,,
166676,166676,580603,Fernando Dinamarca,active,166676,166676,166676,,
166695,166695,580604,Yeiner Londoño,active,166695,166695,166695,,
166703,166703,581288,Gastón Arturia,active,166703,166703,166703,,
166716,166716,581299,Marcelo Eggel,active,166716,166716,166716,,
166779,166779,581305,Sebastián Urrea,active,166779,166779,166779,,
166780,166780,581313,Mateo Zuleta,active,166780,166780,166780,,
166787,166787,581319,Leyner Palacios,active,166787,166787,166787,,
166797,166797,581320,Nicolás Retamar,active,166797,166797,166797,,
166803,166803,581326,Walter Núñez,active,166803,166803,166803,,
166851,166851,581328,Cho Wi-Je,active,166851,166851,166851,,
166878,114268,114268,Pak Min-Gyu,active,166878,166878,114268,,114268
166934,166934,581386,Park Ho-Min,active,166934,166934,166934,,
166965,166965,581387,Gleyson,active,166965,106725910940725,166965,,
167059,167059,581388,Tommy Simkin,active,167059,167059,167059,,
167060,108405,108405,Trey Nyoni,active,167060,167060,108405,,108405
167062,167062,581389,Leandro Hernández,active,167062,167062,167062,,
167064,167064,581391,Othmane Maamma,active,167064,167064,167064,,
167066,167066,581400,Francesco Conti,active,167066,167066,167066,,
167072,167072,581411,Eran Tuypens,active,167072,167072,167072,,
167081,167081,581416,William,active,167081,53971632950441,167081,,
167082,167082,581417,Simón García,active,167082,167082,167082,,
167093,529593,529593,Alexis González,active,167093,167093,529593,,529593
167095,116967,116967,S. Gomez Van Hoogen,active,167095,167095,116967,,116967
167096,167096,581420,Jordy Bawuah,active,167096,167096,167096,,
167106,167106,581421,Diego Menéndez,active,167106,167106,167106,,
167107,167107,581458,Manuel Tucker,active,167107,167107,167107,,
167113,167113,581467,Killian Prouchet,active,167113,167113,167113,,
167119,167119,581471,Arsène Kouassi,active,167119,167119,167119,,
167122,167122,581473,Darling Bladi,active,167122,167122,167122,,
167127,108244,108244,Francesco Camarda,active,167127,167127,108244,,108244
167129,167129,581487,Sascha Meyer,active,167129,167129,167129,,
167136,167136,581488,Alpha Diallo,active,167136,167136,167136,,
167143,122094,122094,Buba Sangaré,active,167143,167143,122094,,122094
167151,167151,581493,Arthur Saintorens,active,167151,167151,167151,,
167155,167155,581494,Oumar Pona,active,167155,167155,167155,,
167167,110767,110767,Estêvão,active,167167,52887690579199,110767,,110767
167177,167177,581495,Justin Hubner,active,167177,106758173527305,167177,,
167182,167182,581496,Juan Arango,active,167182,167182,167182,,
167187,167187,581500,Mitchel Frame,active,167187,167187,167187,,
167191,167191,581501,Hugo Zárate,active,167191,167191,167191,,
167194,167194,581502,Luck Zogbé,active,167194,167194,167194,,
167198,167198,581513,Diego Espinosa,active,167198,167198,167198,,
167200,167200,581528,Levin Winkler,active,167200,167200,167200,,
167207,167207,581535,Sydie Peck,active,167207,167207,167207,,
167211,167211,581537,Cameron Bragg,active,167211,167211,167211,,
167213,167213,581538,Yojan Garcés,active,167213,167213,167213,,
167217,167217,581540,Olly Whyte,active,167217,167217,167217,,
167221,167221,581541,Mikel Jauregizar,active,167221,105782091877685,167221,,
167225,118622,118622,David Otorbi,active,167225,167225,118622,,118622
167228,167228,581542,Oso,active,167228,167228,167228,,
167233,167233,581543,Alex Almansa,active,167233,167233,167233,,
167234,167234,581544,Juan Arango,active,167234,167234,167234,,
167235,118005,118005,Sam Proctor,active,167235,167235,118005,,118005
167236,167236,581545,Adam Harrison,active,167236,167236,167236,,
167238,167238,581546,Leon Frokaj,active,167238,167238,167238,,
167258,128389,128389,Max Alleyne,active,167258,167258,128389,,128389
167259,167259,581547,True Grant,active,167259,167259,167259,,
167271,112531,112531,Saïmon Bouabré,active,16944487,16944487,112531,,112531
167299,167299,581555,Allan Ackra,active,167299,167299,167299,,
167300,106268,106268,Robinio Vaz,active,167300,167300,106268,,106268
167305,167305,581559,Dalangunypole Gomis,active,167305,167305,167305,,
167401,167401,581560,Egoitz Muñoz,active,167401,167401,167401,,
167404,167404,581567,Lovro Golič,active,167404,167404,167404,,
167412,167412,581572,Samir El Mourabet,active,167412,167412,167412,,
167414,105329,105329,Damián Bobadilla,active,167414,105797124263414,105329,,105329
167434,167434,581575,Yengi Kusini,active,167434,167434,167434,,
167435,118228,118228,Nishan Velupillay,active,167435,167435,118228,,118228
167436,115539,115539,Paul Izzo,active,167436,167436,115539,,115539
167484,167484,581592,Mahdi Nazmi,active,8556092,8556092,167484,,
167490,167490,581597,Heydar Faroqh,active,8556098,105868041555522,167490,,
167491,167491,581600,Anas Bilel,active,8556099,105868041555523,167491,,
167497,167497,581618,Talat Nader,active,8556105,50499145,167497,,
167537,167537,581619,Safi Tayfur,active,8556145,8556145,167537,,
167559,167559,581628,Yaghub Masoud,active,8556167,8556167,167559,,
167560,167560,581632,Faqir Boulus,active,8556168,8556168,167560,,
167563,167563,581635,Mojtaba Taqi,active,8556171,8556171,167563,,
167605,167605,581636,Jalal Cemal,active,8556213,8556213,167605,,
167637,167637,581638,Michael Golding,active,167637,167637,167637,,
167641,167641,581640,Evann Senaya,active,167641,167641,167641,,
167645,167645,581641,Andrea Sodero,active,167645,167645,167645,,
167646,167646,581664,Guilherme Siqueira,active,167646,167646,167646,,
167648,167648,581681,Rodrigo Pérez,active,167648,167648,167648,,
167650,167650,581682,Arthur Tchaptchet,active,167650,167650,167650,,
167651,167651,581683,Nhoa Sangui,active,167651,167651,167651,,
167653,167653,581690,Farès Ghedjemis,active,167653,167653,167653,,
167654,167654,581693,Tete Yengi,active,167654,105843563597542,167654,,
167655,167655,581695,Théo Chennahi,active,167655,167655,167655,,
167656,167656,581698,Mactar Tine,active,167656,167656,167656,,
167661,167661,581699,Coleen Louis,active,167661,167661,167661,,
167662,167662,581701,Franco Fagúndez,active,167662,167662,167662,,
167666,167666,581709,Arthur Avom,active,167666,167666,167666,,
167667,167667,581711,Royce Openda,active,167667,167667,167667,,
167672,58523,58523,Adam Aznou,active,167672,167672,58523,,58523
167674,167674,581714,Kees Smit,active,167674,105856985370362,167674,,
167684,167684,581715,Kaïl Boudache,active,167684,167684,167684,,
167691,167691,581716,Renato Marin,active,167691,167691,167691,,
167695,167695,581719,Alan Medina,active,167695,167695,167695,,
167700,167700,581721,Bas Evers,active,167700,167700,167700,,
167701,167701,581726,Gessime Yassine,active,167701,167701,167701,,
167702,128500,128500,Adrian Bajrami,active,167702,167702,128500,,128500
167706,167706,581727,Kevin Mfuamba,active,167706,167706,167706,,
167707,167707,581729,Jacob Wright,active,167707,167707,167707,,
167709,167709,581735,Adam Murphy,active,167709,167709,167709,,
167710,167710,581737,Matteo Salamon,active,167710,167710,167710,,
167715,167715,581818,Tamble Monteiro,active,167715,167715,167715,,
167716,167716,581849,Mikey Booth,active,167716,167716,167716,,
167718,167718,581883,Mohamed Bechikh,active,167718,167718,167718,,
167727,167727,581886,Kerem Yandal,active,167727,167727,167727,,
167730,167730,581895,Gorca Robledo,active,8556338,105796050521906,167730,,
167732,167732,582000,Stanley Ashbee,active,167732,167732,167732,,
167734,167734,582132,Tobias Bach,active,167734,167734,167734,,
167737,116677,116677,Senny Mayulu,active,167737,52901112352569,116677,,116677
167738,167738,582172,Hugo Boutsingkham,active,167738,167738,167738,,
167742,167742,582174,Jannenson Sarmiento,active,167742,167742,167742,,
167747,167747,582176,Viktor Đukanović,active,167747,167747,167747,,
167749,47553,47553,Miro Tenho,active,167749,167749,47553,,47553
167757,167757,582178,Héctor Cuéllar,active,167757,167757,167757,,
167761,167761,582179,Ban Jaegu,active,8556369,8556369,167761,,
167762,167762,582180,Mun Haeeon,active,8556370,8556370,167762,,
167763,167763,582181,Byeon Inwon,active,8556371,8556371,167763,,
167765,167765,582182,Rang Manseok,active,8556373,8556373,167765,,
167766,167766,582183,Ong Mintae,active,8556374,8556374,167766,,
167768,167768,582184,Muk Hyunwoo,active,8556376,8556376,167768,,
167769,167769,582185,Dam Sangu,active,8556377,8556377,167769,,
167770,167770,582186,Du Umin,active,8556378,8556378,167770,,
167772,167772,582187,Geun Taehong,active,8556380,8556380,167772,,
167779,167779,582188,Faris Ayaan,active,8556387,8556387,167779,,
167781,167781,582189,Edgardo Fariña,active,167781,167781,167781,,
167782,167782,582190,César Samudio,active,167782,167782,167782,,
167785,167785,582191,Edgar Stephen,active,8556393,8556393,167785,,
167787,108711,108711,Alejandro Bran,active,167787,167787,108711,,108711
167789,103972,103972,Haxzel Quirós,active,167789,167789,103972,,103972
167790,167790,582192,Hesam Nusrat,active,8556398,8556398,167790,,
167791,167791,582193,Sattar Abdus Salam,active,8556399,84053871,167791,,
167792,41084,41084,Aleksandar Kolev,active,167792,167792,41084,,41084
167795,45328,45328,Andrian Kraev,active,167795,167795,45328,,45328
167797,100810,100810,Ivan Dyulgerov,active,167797,167797,100810,,100810
167798,167798,582194,Hákon Valdimarsson,active,167798,167798,167798,,
167800,167800,582195,Bradley Cross,active,167800,167800,167800,,
167802,100753,100753,Khuliso Mudau,active,167802,167802,100753,,100753
167806,47598,47598,Oswin Appollis,active,167806,105822441082750,47598,,47598
167808,167808,582196,Kostas Pileas,active,167808,167808,167808,,
167810,167810,582197,Dujuan Richards,active,167810,167810,167810,,
167816,167816,582198,Ruan Pablo,active,167816,167816,167816,,
167822,167822,582199,Wendel Silva,active,167822,167822,167822,,
167838,167838,582200,Mateo Chávez,active,167838,167838,167838,,
167839,167839,582201,James Beadle,active,167839,167839,167839,,
167856,167856,582202,Thiago Beltrame,active,167856,167856,167856,,
167869,632890,632890,Juan Pérez,active,167869,167869,632890,,632890
167874,167874,582203,Sergio Aguayo,active,167874,167874,167874,,
167875,529774,529774,Adrián Fernández,active,167875,167875,529774,,529774
167898,167898,582204,Anthony Bermont,active,167898,167898,167898,,
167934,645567,645567,João Vitor,active,167934,167934,645567,,645567
167941,167941,582205,Yang Min-Hyeok,active,167941,167941,167941,,
167947,167947,582206,Dylan Ruward,active,167947,167947,167947,,
167970,529806,529806,Allan Vitor,active,167970,167970,529806,,529806
167972,167972,582207,Pablo,active,167972,167972,167972,,
167983,167983,582208,Saba Goglichidze,active,167983,167983,167983,,
167984,167984,582209,Nicolás Johansen,active,167984,167984,167984,,
167985,167985,582210,Rodrigo Falcão,active,167985,167985,167985,,
167987,167987,582211,Carbone,active,167987,167987,167987,,
167992,167992,582212,Rafael Pinna,active,167992,167992,167992,,
167994,167994,582213,Sam Culbert,active,167994,167994,167994,,
167997,125617,125617,Franco Mastantuono,active,167997,105803298279485,125617,,125617
167998,111857,111857,Agustín Ruberto,active,167998,167998,111857,,111857
167999,125722,125722,Ian Subiabre,active,167999,167999,125722,,125722
168001,121163,121163,Diogo Prioste,active,168001,168001,121163,,121163
168003,168003,582214,Mihajlo Ilić,active,168003,168003,168003,,
168008,168008,582215,Jesper Löfgren,active,168008,168008,168008,,
168012,168012,582216,Shavy Babicka,active,168012,168012,168012,,
168015,168015,582217,Nicolas Rengifo,active,168015,168015,168015,,
168016,168016,582218,Juan Castaño,active,168016,168016,168016,,
168024,168024,582219,Aitor Mañas,active,168024,168024,168024,,
168031,168031,582220,Abdoul Ouattara,active,168031,168031,168031,,
168032,168032,582221,Abdoul Ayinde,active,168032,168032,168032,,
168035,168035,582222,Tibe De Vlieger,active,168035,168035,168035,,
168039,168039,582223,Mootaz Nourani,active,168039,168039,168039,,
168040,168040,582224,Burhan Ersoy,active,168040,168040,168040,,
168043,168043,582225,Marco Iacobellis,active,168043,168043,168043,,
168058,168058,582226,Mats Seiler,active,168058,168058,168058,,
168060,168060,582227,Alejandro Rojo,active,168060,168060,168060,,
168065,168065,582228,Fabrice Browning,active,8556673,8556673,168065,,
168069,168069,582229,Nathan Tinsdale,active,168069,168069,168069,,
168072,168072,582230,Dehmaine Tabibou,active,168072,168072,168072,,
168073,168073,582231,Enzo Mongo,active,168073,168073,168073,,
168076,168076,582232,Daniel Kelly,active,168076,168076,168076,,
168091,168091,582233,Leandrinho,active,168091,168091,168091,,
168097,168097,582234,Luiz Gustavo,active,168097,168097,168097,,
168098,168098,582235,Kervin Andrade,active,168098,168098,168098,,
168099,168099,582236,Matheus Dias,active,168099,168099,168099,,
168100,168100,582237,Benassi,active,168100,168100,168100,,
168104,168104,582238,Franco Minerva,active,168104,168104,168104,,
168106,168106,582239,Juan Saborido,active,168106,168106,168106,,
168107,529964,529964,Côme Bianay Balcot,active,168107,168107,529964,,529964
168108,168108,582240,Finley Munroe,active,168108,168108,168108,,
168109,168109,582241,Travis Hernes,active,168109,168109,168109,,
168111,168111,582242,Max Merrick,active,168111,168111,168111,,
168116,168116,582243,L. Vennegoor of H.,active,168116,168116,168116,,
168125,168125,582244,Dircssi Ngonzo,active,168125,168125,168125,,
168129,530066,530066,Yannick Bright,active,168129,168129,530066,,530066
168133,168133,582245,Soma Kanda,active,168133,168133,168133,,
168134,168134,582246,Koki Kumasaka,active,168134,105769743847622,168134,,
168135,168135,582247,Jin Okumura,active,168135,105792560861383,168135,,
168136,168136,582250,Soma Meshino,active,168136,168136,168136,,
168137,168137,582251,Keisuke Nakamura,active,168137,168137,168137,,
168141,168141,582252,Santiago Burgos,active,168141,168141,168141,,
168142,168142,582253,Tomás Parmo,active,168142,168142,168142,,
168146,168146,582254,Nathaniel Adjei,active,168146,168146,168146,,
168147,168147,582255,Mohamed Bamba,active,168147,168147,168147,,
168154,168154,582256,Malcolmtsuyoshi Moyo,active,168154,168154,168154,,
168159,168159,582257,Juan Cortazzo,active,168159,168159,168159,,
168160,168160,582258,Julián Kadijevic,active,168160,168160,168160,,
168165,168165,582259,H. Heroki Mochizuki,active,168165,105833379827941,168165,,
168171,168171,582260,Ryunosuke Ota,active,168171,168171,168171,,
168172,168172,582261,Yota Fujii,active,168172,168172,168172,,
168175,168175,582262,Yusuke Onishi,active,168175,168175,168175,,
168178,168178,582263,Franz Stolz,active,168178,168178,168178,,
168182,168182,582264,Minto Nishimaru,active,168182,168182,168182,,
168184,168184,582265,Filippo Reale,active,168184,168184,168184,,
168189,168189,582266,Valentín Fascendini,active,168189,168189,168189,,
168200,168200,582267,Connor O'Riordan,active,168200,168200,168200,,
168203,168203,582268,Kiichi Yamazaki,active,168203,168203,168203,,
168210,168210,582269,Rennosuke Kawana,active,168210,168210,168210,,
168221,168221,582270,Parkin Harape,active,168221,168221,168221,,
168223,168223,582271,Aolin Zhang,active,168223,168223,168223,,
168224,168224,582272,Kimito Nono,active,168224,53969753903392,168224,,
168225,168225,582273,Homare Tokuda,active,168225,105786386845985,168225,,
168227,168227,582274,A.Kouto Horio Pisano,active,168227,105834436792611,168227,,
168228,168228,582275,Shioki Takayama,active,168228,168228,168228,,
168232,530399,530399,Maher Carrizo,active,168232,168232,530399,,530399
168233,168233,582276,Álvaro Montoro,active,168233,168233,168233,,
168234,530547,530547,Tobías Ramírez,active,168234,168234,530547,,530547
168235,168235,582277,Callan Elliot,active,168235,168235,168235,,
168240,168240,582278,Hamza Güreler,active,168240,168240,168240,,
168245,168245,582279,Kengo Hayashi,active,168245,168245,168245,,
168249,168249,582280,Yukito Murakami,active,168249,168249,168249,,
168254,168254,582281,Katsuyuki Tanaka,active,168254,168254,168254,,
168264,168264,582282,Jittiphat Wasungnoen,active,168264,168264,168264,,
168266,168266,582283,Chitsanuphong P.,active,168266,168266,168266,,
168268,168268,582284,Corsin Konietzke,active,168268,168268,168268,,
168271,116848,116848,Guilherme Estrella,active,168271,168271,116848,,116848
168276,168276,582285,Yuki Aida,active,168276,168276,168276,,
168283,168283,582286,Francisco Chissumba,active,168283,168283,168283,,
168284,168284,582287,Silko Thomas,active,168284,168284,168284,,
168285,168285,582288,Kein Sato,active,168285,53975122612573,168285,,
168293,168293,582289,Josh King,active,168293,105832557744485,168293,,
168301,168301,582290,Leozinho,active,168301,168301,168301,,
168304,168304,582291,Jan Lucumí,active,168304,168304,168304,,
168305,111820,111820,Luighi Hanri,active,168305,168305,111820,,111820
168308,168308,582292,Yu Hashimoto,active,168308,105836315840884,168308,,
168310,168310,582293,Juan Fedorco,active,168310,168310,168310,,
168311,168311,582294,Junior Ndiaye,active,168311,168311,168311,,
168315,168315,582295,Yu Takada,active,168315,168315,168315,,
168316,168316,582298,Pedro Lima,active,168316,168316,168316,,
168319,168319,582299,Munashe Garananga,active,168319,168319,168319,,
168321,168321,582300,Supanut Sudathip,active,168321,168321,168321,,
168324,168324,582301,Federico Medina,active,168324,168324,168324,,
168328,168328,582302,Cezary Miszta,active,168328,168328,168328,,
168332,168332,582303,Tiago Gabriel,active,168332,168332,168332,,
168337,45826,45826,Mansel Easdale,active,8556945,8556945,45826,,45826
168339,168339,582304,Tammer Bany,active,168339,168339,168339,,
168340,120555,120555,Anis Hadj Moussa,active,168340,105839805501844,120555,,120555
168346,540368,540368,Xabi Hayon,active,8556954,168346,540368,,540368
168347,168347,582305,Adam Mayor,active,168347,168347,168347,,
168348,168348,582306,Momodou Sonko,active,168348,168348,168348,,
168352,168352,582307,Noah Eile,active,168352,168352,168352,,
168359,168359,582308,Chihiro Konagaya,active,168359,106749801697703,168359,,
168361,168361,582309,Keitaro Nakajima,active,168361,168361,168361,,
168365,168365,582310,Taiga Kimoto,active,168365,168365,168365,,
168366,168366,582311,Kim Hyun-Woo,active,168366,168366,168366,,
168367,168367,582312,Aleksandar Čavrić,active,168367,168367,168367,,
168374,168374,582313,Vitinho,active,168374,168374,168374,,
168377,569914,569914,Edenilson,active,168377,168377,569914,,569914
168380,168380,582314,Jucélio,active,168380,168380,168380,,
168381,168381,582315,Keisuke Sakaiya,active,168381,105748269011389,168381,,
168385,168385,582316,Thomas Claes,active,168385,168385,168385,,
168388,168388,582317,Gustav Knudsen,active,168388,168388,168388,,
168391,168391,582318,Pontus Rödin,active,168391,168391,168391,,
168401,168401,582319,Amin Nabizada,active,168401,168401,168401,,
168403,168403,582320,Mackenzie Maltby,active,168403,168403,168403,,
168405,530551,530551,Souza,active,168405,168405,530551,,530551
168412,168412,582321,Thiraphat Nuntagowat,active,168412,168412,168412,,
168418,168418,582322,Hugo Barrachina,active,168418,168418,168418,,
168421,540373,540373,Marcelino Guridi,active,8557029,168421,540373,,540373
168429,168429,582323,Jeremías Vallejos,active,168429,168429,168429,,
168430,168430,582324,Kosuke Hara,active,168430,168430,168430,,
168431,530814,530814,Stanis Idumbo,active,168431,168431,530814,,530814
168433,168433,582325,Viljar Myhra,active,168433,168433,168433,,
168434,168434,582326,David Martínez,active,168434,168434,168434,,
168442,168442,582327,Jhonny Jordán,active,168442,168442,168442,,
168444,168444,582328,Maestro,active,168444,168444,168444,,
168453,168453,582329,Ernest Muçi,active,168453,53972169822725,168453,,
168454,168454,582330,Axel Encinas,active,168454,168454,168454,,
168456,168456,582331,Arthur Dias,active,168456,168456,168456,,
168457,627561,627561,Walace,active,168457,168457,627561,,627561
168465,530881,530881,Carlos Espí,active,168465,168465,530881,,530881
168468,168468,582332,Nicolás Cárcamo,active,168468,168468,168468,,
168469,168469,582333,Sebastián Mella,active,168469,168469,168469,,
168473,168473,582334,Taisei Inoue,active,168473,105836315841049,168473,,
168478,168478,582335,Jason Parente,active,168478,168478,168478,,
168484,168484,582336,Cristóbal Dorador,active,168484,168484,168484,,
168492,168492,582337,Ignacio Pérez,active,168492,168492,168492,,
168495,168495,582338,Riquelme Freitas,active,168495,168495,168495,,
168499,168499,582339,Oscar Buur,active,168499,168499,168499,,
168500,168500,582340,Francisco Montes,active,168500,168500,168500,,
168502,168502,582341,Ian Garguez,active,168502,168502,168502,,
168511,168511,582342,Felipe Preis,active,168511,168511,168511,,
168516,168516,582343,Esteban Calderón,active,168516,168516,168516,,
168517,168517,582346,Joaquín Tapía,active,168517,168517,168517,,
168518,168518,582347,Gabriel Pinto,active,168518,168518,168518,,
168524,168524,582348,Ollie Harrison,active,168524,168524,168524,,
168531,168531,582349,Diogo Riquelme,active,168531,168531,168531,,
168537,106653,106653,Stéphano Carrillo,active,168537,168537,106653,,106653
168539,168539,582350,Samy Merheg,active,168539,168539,168539,,
168543,168543,582351,Djaoui Cissé,active,168543,168543,168543,,
168552,168552,582352,Cheveyo Tsawa,active,168552,168552,168552,,
168561,116617,116617,Ayden Heaven,active,168561,52900575482481,116617,,116617
168584,168584,582353,Milán Roki,active,168584,168584,168584,,
168586,168586,582354,Daniel Saavedra,active,168586,168586,168586,,
168593,168593,582355,Cristóbal Piña,active,168593,168593,168593,,
168595,168595,582356,Paul Argney,active,168595,168595,168595,,
168596,168596,582357,Nicolás L'Huillier,active,168596,168596,168596,,
168597,168597,582358,Joan Orellana,active,168597,168597,168597,,
168598,168598,582359,Vasco León,active,168598,168598,168598,,
168606,168606,582360,Lucas Terrer,active,168606,168606,168606,,
168607,168607,582361,Sota Yokoyama,active,168607,168607,168607,,
168609,168609,582362,Dovydas Sasnauskas,active,168609,168609,168609,,
168618,168618,582363,Kento Shiogai,active,168618,105855374758570,168618,,
168619,168619,582364,Shuto Udo,active,168619,168619,168619,,
168620,168620,582365,Hiroto Kono,active,168620,168620,168620,,
168630,168630,582366,Motoki Nishihara,active,168630,168630,168630,,
168631,168631,582367,Nevio Di Giusto,active,168631,168631,168631,,
168632,168632,582368,Íñigo Arguibide,active,168632,168632,168632,,
168647,530945,530945,Luis Rey,active,168647,168647,530945,,530945
168648,117801,117801,Amara Nallo,active,168648,168648,117801,,117801
168650,168650,582369,M. Said Sepúlveda,active,168650,168650,168650,,
168651,168651,582370,Yair Guzmán,active,168651,168651,168651,,
168652,168652,582371,Axel Fuentes,active,168652,168652,168652,,
168659,168659,582372,Michael Maturana,active,168659,168659,168659,,
168662,168662,582373,Francisco Valdés,active,168662,168662,168662,,
168676,168676,582374,Román Gómez,active,168676,168676,168676,,
168685,120448,120448,Jorthy Mokio,active,168685,168685,120448,,120448
168686,168686,582375,Jorge Cabello,active,168686,168686,168686,,
168688,168688,582376,Christian Bravo,active,168688,168688,168688,,
168689,168689,582377,Lucas Velásquez,active,168689,168689,168689,,
168691,168691,582378,Benjamín Ampuero,active,168691,168691,168691,,
168699,168699,582379,Daniel Budesca,active,168699,168699,168699,,
168722,168722,582380,Kevyn Monteiro,active,168722,168722,168722,,
168723,168723,582381,Yuri Leles,active,168723,168723,168723,,
168741,168741,582382,Miguel Palacios,active,168741,168741,168741,,
168744,168744,582383,Joaquín Pereyra,active,168744,168744,168744,,
168764,168764,582384,Nicholas Michalski,active,168764,168764,168764,,
168766,168766,582385,Manato Kimoto,active,168766,168766,168766,,
168771,168771,582386,Tomoki Horiuchi,active,168771,168771,168771,,
168773,168773,582387,Pablo Baianinho,active,168773,168773,168773,,
168788,168788,582388,Fabian Chaverra,active,168788,168788,168788,,
168803,168803,582389,Kayke,active,168803,168803,168803,,
168813,113577,113577,Josh Acheampong,active,168813,52890374935405,113577,,113577
168822,168822,582390,Juan Giménez,active,168822,168822,168822,,
168823,168823,582391,Kevin Gutiérrez,active,168823,168823,168823,,
168834,168834,582394,Danny Imray,active,168834,168834,168834,,
168835,168835,582395,Kosei Suwama,active,168835,168835,168835,,
168845,168845,582396,Araphat Mohammed,active,168845,168845,168845,,
168849,168849,582397,Albert Eames,active,168849,168849,168849,,
168851,168851,582398,Dixon Pereira,active,168851,168851,168851,,
168857,168857,582399,Issiaka Touré,active,168857,168857,168857,,
168859,168859,582400,Mohamed Dao,active,168859,168859,168859,,
168863,168863,582401,Rayane Belaid,active,168863,168863,168863,,
168865,168865,582402,Llorenç Serred,active,168865,168865,168865,,
168866,168866,582403,Adrián Liso,active,168866,168866,168866,,
168868,168868,582404,Sena Igarashi,active,168868,168868,168868,,
168872,168872,582405,Amine Boukamir,active,168872,168872,168872,,
168881,168881,582406,Christian Akpan,active,168881,168881,168881,,
168887,40825,40825,Alexander Prass,active,168887,105690286953399,40825,,40825
168890,168890,582407,B. Willumsson,active,168890,168890,168890,,
168892,530981,530981,Oscar Gloukh,active,168892,52894401467324,530981,,530981
168919,168919,582408,Fabricio Tirado,active,168919,168919,168919,,
168922,168922,582409,Juan Morales,active,168922,168922,168922,,
168923,168923,582410,David Guerrero,active,168923,168923,168923,,
168955,168955,582411,Alejo Cordoba,active,168955,168955,168955,,
168958,168958,582412,Daniel Herrera,active,168958,168958,168958,,
168959,168959,582413,Santiago Sosa,active,168959,168959,168959,,
168961,168961,582414,Lautaro Montenegro,active,168961,168961,168961,,
168963,168963,582415,Tomás Nasif,active,168963,168963,168963,,
168964,531024,531024,Lautaro Rivero,active,168964,168964,531024,,531024
168965,168965,582416,Matías Magdaleno,active,168965,168965,168965,,
168969,168969,582419,Valente Pierani,active,168969,168969,168969,,
168971,168971,582420,Fabricio Pérez,active,168971,168971,168971,,
168972,168972,582421,Franco Basualdo,active,168972,168972,168972,,
168973,168973,582422,Joaquín Tobio Burgos,active,168973,168973,168973,,
168974,168974,582423,Lucas Cornejo,active,168974,168974,168974,,
168975,168975,582424,Faustino Messina,active,168975,168975,168975,,
168976,127634,127634,Dylan Gorosito,active,168976,168976,127634,,127634
168977,128051,128051,Mateo Mendía,active,168977,168977,128051,,128051
168980,118123,118123,Santiago Dalmasso,active,168980,168980,118123,,118123
168981,126457,126457,Iker Zufiaurre,active,168981,168981,126457,,126457
168983,126508,126508,Milton Delgado,active,168983,168983,126508,,126508
168984,118572,118572,Juan Payal,active,168984,168984,118572,,118572
168985,168985,582425,Charlie Crew,active,168985,168985,168985,,
168998,168998,582426,Benjamín Mellado,active,168998,168998,168998,,
169003,169003,582427,Martín Mundaca,active,169003,169003,169003,,
169008,169008,582428,Benjamin Ramirez,active,169008,169008,169008,,
169012,169012,582429,Anibal Gajardo,active,169012,169012,169012,,
169013,169013,582430,Vicente Torres,active,169013,169013,169013,,
169048,169048,582431,Ivan M'Bahia,active,169048,169048,169048,,
169060,531152,531152,Alysson,active,169060,106755707278436,531152,,531152
169066,627353,627353,Wallace,active,169066,169066,627353,,627353
169067,169067,582432,Aranha,active,169067,169067,169067,,
169068,169068,582433,Wendell Sacramento,active,169068,169068,169068,,
169070,169070,582434,Allan,active,169070,169070,169070,,
169071,531318,531318,Arthur Gabriel,active,169071,169071,531318,,531318
169074,169074,582435,Maksym Voronov,active,169074,169074,169074,,
169075,169075,582436,Sorriso,active,169075,169075,169075,,
169076,169076,582437,Guilherme Back,active,169076,169076,169076,,
169081,169081,582438,Íker Venteo,active,169081,169081,169081,,
169084,169084,582439,Roshaun Mathurin,active,169084,169084,169084,,
169115,169115,582440,Sebastián Viveros,active,169115,169115,169115,,
169117,169117,582441,Christ Souanga,active,169117,169117,169117,,
169122,169122,582444,Yuri Casermeiro,active,169122,169122,169122,,
169142,169142,582445,Diego Porcel,active,169142,169142,169142,,
169146,169146,582446,Tomás Salteño,active,169146,169146,169146,,
169147,169147,582447,Giovanni Cantizano,active,169147,169147,169147,,
169149,169149,582448,Gaspar Duarte,active,169149,169149,169149,,
169150,169150,582449,Ignacio Moreno,active,169150,169150,169150,,
169153,169153,582450,Santiago Segovia,active,169153,169153,169153,,
169154,169154,582451,Thiago Ponce,active,169154,169154,169154,,
169159,169159,582452,Evaristo Dieguiz,active,169159,169159,169159,,
169160,169160,582453,Thiago Balbuena,active,169160,169160,169160,,
169161,169161,582454,Luciano Romero,active,169161,169161,169161,,
169162,169162,582455,Agustín Medina,active,169162,169162,169162,,
169164,169164,582456,Benjamín Acosta,active,169164,169164,169164,,
169165,169165,582457,Jeremías Chavero,active,169165,169165,169165,,
169166,169166,582458,Facundo Sánchez,active,169166,169166,169166,,
169167,169167,582459,Thiago Laplace,active,169167,169167,169167,,
169168,169168,582460,Mariano Gerez,active,169168,169168,169168,,
169169,169169,582461,Óctavio Ontívero,active,169169,169169,169169,,
169176,169176,582462,Thiago De Bellis,active,169176,169176,169176,,
169185,169185,582463,Benjamín Sagues,active,169185,169185,169185,,
169195,169195,582464,Kerem Kayaarası,active,169195,169195,169195,,
169223,169223,582465,Demir Xhemalija,active,169223,169223,169223,,
169232,169232,582466,Robert Conceição,active,169232,169232,169232,,
169234,169234,582469,Lucas Louback,active,169234,169234,169234,,
169235,169235,582470,Robert,active,169235,169235,169235,,
169239,169239,582471,Mateus Iseppe,active,169239,169239,169239,,
169243,169243,582472,Soichiro Mori,active,169243,105845442647323,169243,,
169244,169244,582473,Shungo Sugiura,active,169244,169244,169244,,
169253,169253,582474,Paulinho,active,169253,169253,169253,,
169254,169254,582475,Ryan Francisco,active,169254,169254,169254,,
169257,169257,582476,Marcelo,active,169257,169257,169257,,
169260,169260,582477,Kaique Kenji,active,169260,169260,169260,,
169266,169266,582478,Tevis Gabriel,active,169266,169266,169266,,
169267,169267,582479,Rhuan Gabriel,active,169267,169267,169267,,
169268,169268,582480,Murilo Rhikman,active,169268,169268,169268,,
169286,169286,582481,Luis Escorcia,active,169286,169286,169286,,
169288,169288,582482,Santino Barbi,active,169288,169288,169288,,
169294,169294,582483,Jeremías Florentín,active,169294,169294,169294,,
169312,169312,582484,Luka Callø,active,169312,169312,169312,,
169320,169320,582485,Rafel Bauzà,active,169320,169320,169320,,
169321,169321,582486,Alberto Risco,active,169321,169321,169321,,
169323,169323,582487,Igor Tyjon,active,169323,169323,169323,,
169345,169345,582488,Kanji Kuwayama,active,169345,169345,169345,,
169348,169348,582489,Juan Quiceno,active,169348,169348,169348,,
169349,169349,582490,Max Albæk,active,169349,169349,169349,,
169355,169355,582491,Julius Nielsen,active,169355,169355,169355,,
169358,169358,582494,Enzo Monteiro,active,169358,169358,169358,,
169360,169360,582495,Peixoto,active,169360,169360,169360,,
169362,169362,582496,Yassin Tallal,active,169362,169362,169362,,
169363,169363,582497,Pierre Mbemba,active,169363,169363,169363,,
169366,169366,582498,Koshiro Sumi,active,169366,105834436793750,169366,,
169367,169367,582499,Kaito Yamada,active,169367,169367,169367,,
169375,119805,119805,Tyrique George,active,169375,52883932485023,119805,,119805
169376,169376,582500,Vinicinho,active,169376,105759811736992,169376,,
169377,169377,582501,Ken Isibor,active,169377,169377,169377,,
169379,169379,582502,Gakuto Kawamura,active,169379,169379,169379,,
169392,169392,582503,Rafik Messali,active,169392,169392,169392,,
169403,169403,582504,Ramazan Bayram,active,169403,169403,169403,,
169408,169408,582505,Iker Vidal,active,169408,169408,169408,,
169410,120043,120043,Callum Olusesi,active,169410,169410,120043,,120043
169417,169417,582506,Álvaro García,active,169417,169417,169417,,
169420,123159,123159,Darryl Bakola,active,169420,169420,123159,,123159
169428,169428,582507,Kantaro Maeda,active,169428,169428,169428,,
169430,169430,582508,Emmanuel Kakou,active,169430,169430,169430,,
169435,169435,582509,Zak Sturge,active,169435,169435,169435,,
169445,169445,582510,Diego Sia,active,169445,169445,169445,,
169446,121981,121981,Lorenzo Torriani,active,169446,105724915127782,121981,,121981
169448,169448,582511,Freddie Owens,active,169448,169448,169448,,
169459,169459,582512,Keigo Watanabe,active,169459,169459,169459,,
169461,531326,531326,Niccolò Fortini,active,169461,169461,531326,,531326
169473,118459,118459,Vicent Abril,active,169473,169473,118459,,118459
169564,169564,582513,A. Debenedetti,active,169564,169564,169564,,
169581,169581,582514,Rodion Maslakov,active,8558189,8558189,169581,,
169583,169583,582515,Francesco D'Amore,active,169583,169583,169583,,
169600,169600,582516,Tom Lowery,active,169600,169600,169600,,
169611,169611,582517,Emile Doucouré,active,169611,169611,169611,,
169631,169631,582518,Somkaet Kunmee,active,169631,169631,169631,,
169632,169632,582519,Woraphob Thaweesuk,active,169632,169632,169632,,
169636,169636,582520,Narongsak Phetnok,active,169636,169636,169636,,
169639,169639,582521,Rattasat Bangsungno.,active,169639,169639,169639,,
169645,169645,582522,Lautaro Gómez,active,169645,169645,169645,,
169647,169647,582523,Fellipe Jack,active,169647,169647,169647,,
169648,169648,582524,Lass Kourouma,active,169648,169648,169648,,
169663,169663,582525,Agustín Seyral,active,169663,169663,169663,,
169667,169667,582526,Ibrahim Traoré,active,169667,169667,169667,,
169677,169677,582527,João Pedro,active,169677,169677,169677,,
169682,121267,121267,João Rego,active,169682,169682,121267,,121267
169683,169683,582528,Shummei Horikane,active,169683,169683,169683,,
169687,169687,582529,Davis Opoku,active,169687,169687,169687,,
169691,169691,582530,Sergio Rodelas,active,169691,169691,169691,,
169703,169703,582531,Muhammed Emin Özkul,active,169703,169703,169703,,
169714,169714,582532,William Martin,active,169714,169714,169714,,
169719,169719,582533,Amine Chabane,active,169719,169719,169719,,
169723,169723,582534,Patrick Ouotro,active,169723,169723,169723,,
169725,169725,582535,Matteo Palma,active,169725,169725,169725,,
169727,169727,582536,Keisuke Kasai,active,169727,169727,169727,,
169728,169728,582537,Jop Tijink,active,169728,169728,169728,,
169731,169731,582538,Hayata Yamamoto,active,169731,169731,169731,,
169733,169733,582539,Frederik Emmery,active,169733,169733,169733,,
169735,169735,582542,Mateo Aguiar,active,169735,169735,169735,,
169737,169737,582543,Pau Cabanes,active,169737,169737,169737,,
169738,169738,582544,Alejandro Alcira,active,169738,169738,169738,,
169745,169745,582545,Lautaro Millán,active,169745,169745,169745,,
169754,120977,120977,Rio Kyerematen,active,169754,169754,120977,,120977
169764,169764,582546,Enes Gökçek,active,169764,169764,169764,,
169769,169769,582547,Cruz Allen,active,169769,169769,169769,,
169777,169777,582548,Olti Hyseni,active,169777,169777,169777,,
169780,169780,582549,Simon Wæver,active,169780,169780,169780,,
169799,169799,582550,Sergi Torner,active,169799,169799,169799,,
169804,169804,582551,Rúnar Sigurgeirsson,active,169804,169804,169804,,
169807,169807,582552,Francisco Gonçalves,active,169807,169807,169807,,
169811,169811,582553,Gustavo Silva,active,169811,169811,169811,,
169812,169812,582554,Martim Watts,active,169812,169812,169812,,
169813,169813,582555,Nils Eggens,active,169813,169813,169813,,
169814,169814,582556,Sven Bouland,active,169814,169814,169814,,
169815,169815,582557,Wouter Prins,active,169815,169815,169815,,
169829,531600,531600,Eric Puerto,active,169829,169829,531600,,531600
169831,122779,122779,David Mella,active,169831,169831,122779,,122779
169837,169837,582558,Ege Yıldırım,active,169837,169837,169837,,
169854,169854,582559,Aarón Martin,active,169854,169854,169854,,
169855,169855,582560,Paco Cortés,active,169855,169855,169855,,
169864,169864,582561,Mattia Della Rocca,active,169864,169864,169864,,
169868,169868,582562,William Feola,active,169868,169868,169868,,
169877,169877,582563,Carlos Vivas,active,169877,169877,169877,,
169884,169884,582564,Yomar Rocha,active,169884,169884,169884,,
169886,169886,582567,Lucas Chávez,active,169886,169886,169886,,
169894,38452,38452,Pavel Šulc,active,169894,169894,38452,,38452
169895,43113,43113,Robin Hranáč,active,169895,169895,43113,,43113
169897,57183,57183,Siever Bakewell,active,8558505,8558505,57183,,57183
169906,169906,582568,Juan Rodríguez,active,169906,169906,169906,,
169912,169912,582569,Jeronimo Manen,active,8558520,8558520,169912,,
169914,169914,582570,Mauro Silveira,active,169914,169914,169914,,
169915,59158,59158,Tobias Lawal,active,169915,169915,59158,,59158
169920,169920,582571,Thierno Ballo,active,169920,169920,169920,,
169921,531615,531615,Petar Ratkov,active,169921,169921,531615,,531615
169925,169925,582572,Daniel Bîrligea,active,169925,169925,169925,,
169926,44614,44614,Adrian Șut,active,169926,169926,44614,,44614
169927,100153,100153,Ștefan Târnovanu,active,169927,169927,100153,,100153
169930,47823,47823,Kevin Csoboth,active,169930,52871584454602,47823,,47823
169931,65051,65051,Marco Pašalić,active,169931,105855911630795,65051,,65051
169932,169932,582573,Simon Simoni,active,169932,169932,169932,,
169933,169933,582574,Richard King,active,169933,169933,169933,,
169935,169935,582575,Karoy Anderson,active,169935,169935,169935,,
169936,169936,582576,Kaheim Dixon,active,169936,169936,169936,,
169937,169937,582577,Ken Oconnor,active,8558545,8558545,169937,,
169938,44192,44192,Adrian Zeljković,active,169938,169938,44192,,44192
169940,47925,47925,Can Uzun,active,169940,105855106324436,47925,,47925
169944,111126,111126,Andy Rojas,active,169944,169944,111126,,111126
169946,108772,108772,Jeyland Mitchell,active,169946,169946,108772,,108772
169949,169949,582578,Carlos Mora,active,169949,169949,169949,,
169952,61137,61137,Warren Madrigal,active,169952,169952,61137,,61137
169956,110368,110368,Alexandre Lezcano,active,169956,169956,110368,,110368
169972,169972,582579,Brandon Márquez,active,169972,169972,169972,,
169975,169975,582580,Joel Godoy,active,169975,169975,169975,,
169982,169982,582581,Shuto Nagano,active,169982,105842489858046,169982,,
169983,169983,582582,Divine Chinedu Otani,active,169983,169983,169983,,
169991,169991,582583,Collins Sichenje,active,169991,169991,169991,,
170031,170031,582584,Ilhan Fandi,active,170031,170031,170031,,
170034,170034,582585,Jordan Emaviwe,active,170034,170034,170034,,
170062,170062,582586,Clayton Sampaio,active,170062,170062,170062,,
170131,170131,582587,Phoutthavong S.,active,170131,170131,170131,,
170156,44427,44427,Justus Balcon,active,8558764,8558764,44427,,44427
170164,170164,582588,Julius Berthel Askou,active,170164,170164,170164,,
170165,170165,582589,Kanshiro Suemune,active,170165,170165,170165,,
170167,170167,582590,Makan Aiko,active,170167,170167,170167,,
170168,170168,582591,Ryusei Yoshimura,active,170168,170168,170168,,
170172,170172,582592,Alex Paulsen,active,170172,170172,170172,,
170174,170174,582593,Kotatsu Kumakura,active,170174,170174,170174,,
170185,170185,582594,Robson Matheus,active,170185,170185,170185,,
170194,170194,582595,Giovanny Ávalos,active,170194,170194,170194,,
170195,170195,582596,John Koutroumbis,active,170195,170195,170195,,
170199,170199,582597,Martín Valdes,active,170199,170199,170199,,
170201,170201,582598,Matías Zepeda,active,170201,170201,170201,,
170203,170203,582599,N. Juul-Sandberg,active,170203,170203,170203,,
170210,170210,582600,Rosen Bozhinov,active,170210,170210,170210,,
170211,170211,582601,Giannis Papanikolaou,active,170211,170211,170211,,
170214,170214,582602,Jayden Hibbert,active,170214,170214,170214,,
170229,170229,582603,Rafita,active,170229,170229,170229,,
170230,170230,582604,Izan Merino,active,170230,170230,170230,,
170231,170231,582605,Aarón Ochoa,active,170231,170231,170231,,
170232,170232,582606,Antoñito Cordero,active,170232,170232,170232,,
170235,170235,582607,Tissanu Khuptanavin,active,170235,170235,170235,,
170239,170239,582608,Nonthawat Bathong,active,170239,170239,170239,,
170251,117614,117614,Pablo García,active,170251,170251,117614,,117614
170260,170260,582609,David van der Werff,active,170260,170260,170260,,
170361,170361,582610,Thiago Helguera,active,170361,170361,170361,,
170362,170362,582611,Kieron Bowie,active,170362,170362,170362,,
170369,531617,531617,Nacho Ferri,active,170369,170369,531617,,531617
170370,531723,531723,Nestory Irankunda,active,170370,170370,531723,,531723
170374,170374,582612,Chrisantus Uche,active,170374,170374,170374,,
170376,170376,582613,Morgan Bokele,active,170376,170376,170376,,
170377,170377,582614,Miloš Luković,active,170377,170377,170377,,
170378,45130,45130,Lucas Bergvall,active,170378,52893059291530,45130,,45130
170382,170382,582615,Takuro Iwai,active,170382,170382,170382,,
170383,170383,582616,Mihiro Sato,active,170383,170383,170383,,
170390,170390,582617,Ardian Sedlar,active,8558998,8558998,170390,,
170399,531794,531794,Franco Rossano,active,170399,170399,531794,,531794
170401,170401,582618,Cláudio,active,170401,170401,170401,,
170404,170404,582619,Alama Bayo,active,170404,170404,170404,,
170411,170411,582620,Musa Touré,active,170411,170411,170411,,
170412,170412,582621,Levy Nene,active,170412,170412,170412,,
170413,170413,582622,Ousmane Diao,active,170413,170413,170413,,
170420,170420,582623,Denny Gropper,active,170420,170420,170420,,
170421,170421,582624,Roy Revivo,active,170421,170421,170421,,
170422,170422,582625,Logi Tómasson,active,170422,105848395438518,170422,,
170424,170424,582626,Rabi Butko,active,8559032,8559032,170424,,
170425,170425,582627,Agon Elezi,active,170425,170425,170425,,
170426,170426,582628,Nikola Serafimov,active,170426,170426,170426,,
170427,170427,582629,Dimitar Mitrovski,active,170427,170427,170427,,
170428,170428,582630,Bojan Dimoski,active,170428,170428,170428,,
170429,170429,582631,Marko Farji,active,170429,170429,170429,,
170431,170431,582632,Karim Nazmi,active,8559039,8559039,170431,,
170432,170432,582633,Marin Petkov,active,170432,170432,170432,,
170433,170433,582634,Danilo Špoljarić,active,170433,170433,170433,,
170434,170434,582635,Hesam Al Basir,active,8559042,8559042,170434,,
170436,170436,582636,Ja Gapsun,active,8559044,8559044,170436,,
170437,170437,582637,Nae Byeongmin,active,8559045,8559045,170437,,
170438,170438,582638,Bi Hosu,active,8559046,8559046,170438,,
170440,170440,582639,Konstantin Zyuganov,active,8559048,8559048,170440,,
170441,170441,582640,Marwan Attia,active,170441,105852237421001,170441,,
170444,170444,582641,Denis Huseinbašić,active,170444,170444,170444,,
170446,170446,582642,M. Schjønning-Larsen,active,170446,170446,170446,,
170454,170454,582643,Fraizer Blackford,active,8559062,8559062,170454,,
170456,47283,47283,Iqraam Rayners,active,170456,170456,47283,,47283
170467,170467,582644,Gavin Molloy,active,170467,170467,170467,,
170469,170469,582645,Olaf Kobacki,active,170469,170469,170469,,
170470,170470,582646,Jon Guruzeta,active,170470,170470,170470,,
170471,531795,531795,Issa Doumbia,active,170471,170471,531795,,531795
170472,540376,540376,Alex Garai,active,8559080,170472,540376,,540376
170476,170476,582647,Luca Polli,active,170476,170476,170476,,
170477,170477,582648,Aleksa Purić,active,170477,170477,170477,,
170480,170480,582649,Marco Cruz,active,170480,170480,170480,,
170482,170482,582650,Riyad Idrissi,active,170482,170482,170482,,
170483,170483,582651,Mamadou Doumbia,active,170483,170483,170483,,
170490,170490,582652,Mateus Xavier,active,170490,170490,170490,,
170500,531799,531799,Christ Inao Oulaï,active,170500,106768323746308,531799,,531799
170501,170501,582653,Jaydee Canvot,active,170501,170501,170501,,
170504,43666,43666,Torbjørn Heggem,active,170504,170504,43666,,43666
170508,170508,582654,Gabriël Reiziger,active,170508,170508,170508,,
170522,170522,582655,Vózinha,active,170522,106799462259226,170522,,
170525,170525,582656,E. da Silva Moreira,active,170525,170525,170525,,
170526,124661,124661,Filipe Bordon,active,170526,170526,124661,,124661
170531,170531,582657,David Stückler,active,170531,170531,170531,,
170536,170536,582658,Loni Laurent,active,170536,170536,170536,,
170541,170541,582684,Stephan Ambrosius,active,170541,170541,170541,,
170548,121028,121028,Dies Janse,active,170548,170548,121028,,121028
170549,106406,106406,Don-Angelo Konadu,active,170549,170549,106406,,106406
170552,531930,531930,Joël van den Berg,active,170552,170552,531930,,531930
170554,532024,532024,Fabian Merién,active,170554,170554,532024,,532024
170558,170558,582685,Jevon Simons,active,170558,170558,170558,,
170559,532069,532069,Noah Fernandez,active,170559,170559,532069,,532069
170563,170563,582686,Paulo Moreira,active,170563,170563,170563,,
170565,170565,582687,Lawrence Agyekum,active,170565,170565,170565,,
170572,170572,582688,Kyota Tokiwa,active,170572,105843563600460,170572,,
170581,170581,582689,Bastian Holm,active,170581,170581,170581,,
170582,170582,582690,Antoine Mille,active,170582,170582,170582,,
170601,170601,582691,Yosuke Uchida,active,170601,105843563600489,170601,,
170602,170602,582692,Kazuki Dohana,active,170602,170602,170602,,
170603,170603,582693,Eito Ishimoto,active,170603,170603,170603,,
170606,170606,582694,Thanawat Pimyotha,active,170606,170606,170606,,
170607,170607,582695,Thitikit Samerjai,active,170607,170607,170607,,
170608,170608,582696,Yacine Titraoui,active,170608,170608,170608,,
170610,170610,582697,Augustine Boakye,active,170610,170610,170610,,
170614,532102,532102,Malick Yalcouyé,active,170614,170614,532102,,532102
170615,170615,582698,Elyess Dao,active,170615,170615,170615,,
170616,170616,582699,Saad El Haddad,active,170616,170616,170616,,
170618,170618,582700,Peter Ambrose,active,170618,170618,170618,,
170620,170620,582701,Umeh Emmanuel,active,170620,170620,170620,,
170621,170621,582702,Alpha Touré,active,170621,170621,170621,,
170627,170627,582703,Norman Campbell,active,170627,170627,170627,,
170637,170637,582704,Gustavo Talles,active,170637,170637,170637,,
170643,170643,582705,Matheus Fornazari,active,170643,170643,170643,,
170651,170651,582706,Ben Old,active,170651,170651,170651,,
170659,170659,582707,Jay Mbalanda,active,170659,170659,170659,,
170660,170660,582733,Hugo Lambotte,active,170660,170660,170660,,
170664,170664,582734,Kenan Haroun,active,170664,170664,170664,,
170666,532166,532166,Luka Vušković,active,170666,105863159388842,532166,,532166
170669,170669,582735,Jirí Letáček,active,170669,170669,170669,,
170676,532168,532168,Jack Fletcher,active,170676,170676,532168,,532168
170678,170678,582743,Sam Mather,active,170678,170678,170678,,
170679,170679,582749,Macaulay Langstaff,active,170679,170679,170679,,
170680,170680,582751,Max Dean,active,170680,170680,170680,,
170681,170681,582752,Ovie Ejeheri,active,170681,170681,170681,,
170682,170682,582753,Lucien Mahovo,active,170682,170682,170682,,
170684,119642,119642,Paul Nsio,active,170684,170684,119642,,119642
170688,170688,582756,Lilian Njoh,active,170688,170688,170688,,
170696,170696,582758,Simone Ascione,active,170696,170696,170696,,
170698,532177,532177,Nosa Obaretin,active,170698,170698,532177,,532177
170701,170701,582777,Andrea Primasso,active,170701,170701,170701,,
170702,170702,582779,Lorenzo Tosi,active,170702,170702,170702,,
170706,120130,120130,Paul Reverson,active,170706,170706,120130,,120130
170708,170708,582780,Daniel Mikołajewski,active,170708,170708,170708,,
170711,121298,121298,Rodrigo Mora,active,170711,105782897187543,121298,,121298
170716,110277,110277,Findlay Curtis,active,170716,170716,110277,,110277
170720,170720,582781,Tim Hottiger,active,170720,170720,170720,,
170723,170723,582783,R. Dantas Fernandes,active,170723,170723,170723,,
170724,170724,582784,Bung Freimann,active,170724,170724,170724,,
170728,114742,114742,Vasilije Adžić,active,170728,52889032760040,114742,,114742
170729,170729,582789,Behar Neziri,active,170729,170729,170729,,
170765,532229,532229,Mateo Silvetti,active,170765,170765,532229,,532229
170767,170767,582791,J. De Irastorza,active,170767,170767,170767,,
170770,170770,582806,Fabricio Corbalán,active,170770,170770,170770,,
170771,170771,582808,Jeremías Merlo,active,170771,170771,170771,,
170772,170772,582810,Mathías de Ritis,active,170772,170772,170772,,
170774,170774,582811,Joel Canchimbo,active,170774,170774,170774,,
170776,170776,582813,Lautaro Godoy,active,170776,170776,170776,,
170780,170780,582815,Oliver Dovin,active,170780,170780,170780,,
170781,170781,582819,Matias Contreras,active,170781,170781,170781,,
170783,170783,582825,Moussa Baradji,active,170783,170783,170783,,
170790,170790,582832,Finn Surman,active,170790,170790,170790,,
170801,170801,582845,Marin Šotiček,active,170801,170801,170801,,
170802,170802,582867,Souleymane Ndiaye,active,170802,170802,170802,,
170803,170803,582875,Richmond Gyamfi,active,170803,170803,170803,,
170804,170804,582877,Caleb Yirenkyi,active,170804,105858864421684,170804,,
170814,170814,582882,Anto Sekongo,active,170814,170814,170814,,
170819,170819,582883,Ongsa Singthong,active,170819,170819,170819,,
170821,170821,582890,Mads Freundlich,active,170821,170821,170821,,
170822,170822,582898,Christoph Klarer,active,170822,170822,170822,,
170834,170834,582904,Gabriel Otegbayo,active,170834,170834,170834,,
170837,170837,582905,Niko Takahashi,active,170837,105758469561173,170837,,
170840,170840,582909,José Vanetta,active,170840,170840,170840,,
170841,170841,582912,Daniel Bennie,active,170841,170841,170841,,
170847,121188,121188,Aaron Bouwman,active,170847,170847,121188,,121188
170850,170850,582917,Conor McManus,active,170850,170850,170850,,
170851,170851,582920,Tony Yogane,active,170851,170851,170851,,
170852,170852,582921,Riley Owen,active,170852,170852,170852,,
170854,170854,582922,Thiago Silvero,active,170854,170854,170854,,
170855,170855,582924,Felipe Bussio,active,170855,170855,170855,,
170856,170856,582928,Maximiliano Porcel,active,170856,170856,170856,,
170857,170857,582929,Jano Gordon,active,170857,170857,170857,,
170863,170863,582933,Martín Barrios,active,170863,170863,170863,,
170868,59693,59693,Boris Enow,active,170868,170868,59693,,59693
170870,170870,582934,Massamba Sow,active,170870,170870,170870,,
170876,170876,582936,Iklas Sanron,active,170876,170876,170876,,
170880,170880,582940,Luka Tunjić,active,170880,170880,170880,,
170883,170883,582941,L. Kiaba-Brughmans,active,170883,170883,170883,,
170900,170900,582942,Tom Akpakoun,active,170900,170900,170900,,
170901,532247,532247,Sankhoun Diawara,active,170901,170901,532247,,532247
170906,170906,582946,Liam Selin,active,170906,170906,170906,,
170914,170914,582951,Roland Idowu,active,170914,170914,170914,,
170915,170915,582954,Lucas Alcázar,active,170915,170915,170915,,
170916,170916,582955,Pablo García,active,170916,170916,170916,,
170919,170919,582957,Taufik Seidu,active,170919,170919,170919,,
170921,170921,582959,Jano Monserrate,active,170921,170921,170921,,
170922,170922,582960,Omar Janneh,active,170922,170922,170922,,
170924,170924,582962,Carlos Iury,active,170924,170924,170924,,
170930,112916,112916,Josh Nichols,active,170930,170930,112916,,112916
170931,112923,112923,Jimi Gower,active,170931,170931,112923,,112923
170933,116472,116472,Alexei Rojas,active,170933,170933,116472,,116472
170935,532301,532301,Sebastián Liceaga,active,170935,170935,532301,,532301
170936,532364,532364,Hugo Camberos,active,170936,170936,532364,,532364
170937,170937,582963,Adin Ličina,active,170937,170937,170937,,
170942,170942,582964,Émerson Galego,active,170942,170942,170942,,
170946,170946,582968,Pape Fall,active,170946,170946,170946,,
170947,170947,582969,Pape Sy,active,170947,170947,170947,,
170948,170948,582970,Dayann Methalie,active,170948,170948,170948,,
170950,170950,582979,Diogo Fernandes,active,170950,170950,170950,,
170951,170951,582992,Stephen Mfuni,active,170951,170951,170951,,
170952,170952,582994,Reigan Heskey,active,170952,170952,170952,,
170953,170953,582995,Justin Oboavwoduo,active,170953,170953,170953,,
170955,170955,582997,Jadel Katongo,active,170955,170955,170955,,
170956,170956,583000,Joel Ndala,active,170956,170956,170956,,
170957,170957,583006,Jaden Heskey,active,170957,170957,170957,,
170961,170961,583009,Kento Hamasaki,active,170961,170961,170961,,
170963,170963,583016,Vernon Addo,active,170963,170963,170963,,
170964,532598,532598,Larson,active,170964,170964,532598,,532598
170966,110323,110323,Hamza Igamane,active,170966,170966,110323,,110323
170970,121263,121263,Samuel Dahl,active,170970,170970,121263,,121263
170973,126240,126240,Federico Nardin,active,170973,170973,126240,,126240
170975,170975,583018,Leonardo Graziani,active,170975,170975,170975,,
170976,119433,119433,Nicolò Savona,active,170976,52876416293856,119433,,119433
170983,114674,114674,Luka Topalović,active,170983,170983,114674,,114674
170988,119521,119521,Iker Córdoba,active,170988,170988,119521,,119521
170991,170991,583027,Milan Gigot,active,170991,170991,170991,,
171160,171160,583032,A. Stamatelopoulos,active,171160,171160,171160,,
171186,540860,540860,Saad Haqawi,active,16948402,16948402,540860,,540860
171187,540862,540862,Awad Aman,active,16948403,16948403,540862,,540862
171335,540865,540865,Abdulkarim Darisi,active,16948551,16948551,540865,,540865
171336,171336,583035,Rasul Jameel,active,8559944,8559944,171336,,
171344,171344,583044,Mahmud Sajjad,active,8559952,8559952,171344,,
171349,540866,540866,Mohammad Juma,active,16948565,16948565,540866,,540866
171367,171367,583047,Hossein Nassif,active,8559975,8559975,171367,,
171439,540869,540869,Yassine Boualam,active,16948655,16948655,540869,,540869
171448,171448,583049,Seia Kunori,active,171448,171448,171448,,
171452,171452,583052,Jared Gallagher,active,171452,171452,171452,,
171459,171459,583056,Reza Habibullah,active,8560067,8560067,171459,,
171460,171460,583059,Hajj Sidique,active,8560068,8560068,171460,,
171496,171496,583063,Mohamed Cherif,active,171496,171496,171496,,
171498,171498,583074,Vicko Ševelj,active,171498,171498,171498,,
171504,171504,583081,João Costa,active,171504,171504,171504,,
171505,171505,583083,Alysson Silva,active,171505,171505,171505,,
171510,171510,583087,Wichaya Ganthong,active,171510,105812961959414,171510,,
171515,171515,583094,Tommaso Di Marco,active,171515,171515,171515,,
171519,171519,583099,Koby Mottoh,active,171519,171519,171519,,
171529,171529,583100,Anurak Mungdee,active,171529,171529,171529,,
171534,117736,117736,Santiago Lencina,active,171534,171534,117736,,117736
171537,532862,532862,Finlay Herrick,active,171537,171537,532862,,532862
171552,171552,583101,Muhamed Buljubašić,active,171552,171552,171552,,
171553,171553,583106,Egemen Aydın,active,171553,171553,171553,,
171554,171554,583108,Efe Seçil,active,171554,171554,171554,,
171560,171560,583109,Ibrahim Kanté,active,171560,171560,171560,,
171570,171570,583117,Wichan Inaram,active,171570,171570,171570,,
171572,171572,583127,Natthakit Phosri,active,171572,171572,171572,,
171573,171573,583128,Aurelio Oehlers,active,171573,171573,171573,,
171574,171574,583131,Luke Rawlings,active,171574,171574,171574,,
171578,171578,583133,Cosimo Fiorini,active,171578,171578,171578,,
171579,171579,583135,Mohamed Bangoura,active,171579,171579,171579,,
171580,171580,583136,W. Sonne-Schmidt,active,171580,171580,171580,,
171583,171583,583137,Ruari Ellis,active,171583,171583,171583,,
171584,171584,583140,Ethan Brown,active,171584,171584,171584,,
171588,120292,120292,Samuel Nibombé,active,171588,171588,120292,,120292
171589,119091,119091,Jules Stawiecki,active,171589,171589,119091,,119091
171590,171590,583149,João Vasconcelos,active,171590,171590,171590,,
171600,171600,583245,Caleb Kporha,active,171600,171600,171600,,
171601,171601,583286,Hiroto Asada,active,171601,171601,171601,,
171602,171602,583427,Rento Noguchi,active,171602,171602,171602,,
171605,171605,583430,Hudson,active,171605,171605,171605,,
171609,171609,583431,Luka Kulenović,active,171609,171609,171609,,
171610,171610,583446,Marc Bernal,active,171610,52897891130970,171610,,
171613,171613,583448,Andrés Cuenca,active,171613,171613,171613,,
171614,34986,34986,Toni Fernández,active,171614,171614,34986,,34986
171615,8757,8757,Guille Fernández,active,171615,171615,8757,,8757
171617,171617,583451,César Palacios,active,171617,171617,171617,,
171618,171618,583457,Joan Martínez,active,171618,171618,171618,,
171619,117041,117041,Lorenzo Aguado,active,171619,171619,117041,,117041
171620,171620,583461,Raúl Asencio,active,171620,55068728663652,171620,,
171680,171680,583466,Adrian Ugelvik,active,171680,171680,171680,,
171872,171872,583467,Caetano Lage,active,8560480,8560480,171872,,
171873,171873,583468,Thiago Gleiser,active,8560481,8560481,171873,,
171874,171874,583476,Aristides Surubim,active,8560482,8560482,171874,,
171875,171875,583477,Roberto Aboim,active,8560483,8560483,171875,,
171876,171876,583478,Astrud Fagundes,active,8560484,8560484,171876,,
171877,171877,583479,Zumbi Menezes,active,8560485,8560485,171877,,
171878,171878,583484,Candido Mendes,active,8560486,8560486,171878,,
171879,171879,583488,Jean Medina,active,8560487,8560487,171879,,
171880,171880,583494,Joaquim Bozano,active,8560488,8560488,171880,,
171881,171881,583495,Tais Albuquerque,active,8560489,8560489,171881,,
171882,171882,583502,Darcy Loureiro,active,8560490,8560490,171882,,
171883,171883,583514,Santiago Pires,active,8560491,8560491,171883,,
171884,171884,583517,Marco Duarte,active,8560492,8560492,171884,,
171885,171885,583526,Filipe Pessanha,active,8560493,8560493,171885,,
171886,171886,583527,Geraldo Freyre,active,8560494,8560494,171886,,
171887,171887,583537,Inigo Craveiro,active,8560495,8560495,171887,,
171888,171888,583545,Lotar Tavares,active,8560496,8560496,171888,,
171889,171889,583549,Paulino Zimmermann,active,8560497,8560497,171889,,
171890,171890,583550,Manfredo Bethancourt,active,8560498,8560498,171890,,
171891,171891,583553,Ricardo Huck,active,8560499,8560499,171891,,
171892,171892,583555,Cybele Henriques,active,8560500,8560500,171892,,
171893,171893,583556,Filomeno Lattes,active,8560501,8560501,171893,,
171894,171894,583558,Francisco Carvalho,active,8560502,8560502,171894,,
171922,171922,583561,Myeong Inchon,active,8560530,8560530,171922,,
171926,171926,583563,Martín Fernández,active,171926,171926,171926,,
171938,171938,583567,Dani Martín,active,171938,171938,171938,,
171939,171939,583569,Valentín Pezzolesi,active,171939,171939,171939,,
171947,171947,583579,Amankwah Forson,active,171947,171947,171947,,
171948,171948,583580,Gabriel Forsyth,active,171948,171948,171948,,
171949,171949,583581,Elliot Myles,active,171949,171949,171949,,
171950,171950,583595,George McCormick,active,171950,171950,171950,,
171951,171951,583601,Nikolas Sattlberger,active,171951,171951,171951,,
171952,171952,583614,Arsenii Batahov,active,171952,53973512003504,171952,,
171953,171953,583620,Ahmet Doğan Yıldırım,active,171953,171953,171953,,
171990,171990,583621,Jim Koller,active,171990,171990,171990,,
171991,171991,583624,Dillon Hoogewerf,active,171991,171991,171991,,
172003,172003,583625,Justin Janssen,active,172003,172003,172003,,
172012,172012,583628,Igor Miladinović,active,172012,172012,172012,,
172015,172015,583630,Topi Keskinen,active,172015,172015,172015,,
172021,532950,532950,Honest Ahanor,active,172021,172021,532950,,532950
172022,533045,533045,Jeff Ekhator,active,172022,172022,533045,,533045
172040,172040,583641,Gui Beleza,active,172040,172040,172040,,
172043,172043,583642,Ramón Martínez,active,172043,172043,172043,,
172045,119823,119823,Ibrahim Mbaye,active,172045,105829068087309,119823,,119823
172047,172047,583643,Moutanabi Bodiang,active,172047,172047,172047,,
172048,172048,583644,Herba Guirassy,active,172048,172048,172048,,
172049,172049,583647,Louis Leroux,active,172049,172049,172049,,
172051,172051,583652,Antzelo Sina,active,172051,172051,172051,,
172053,172053,583676,Bohdan Popov,active,172053,172053,172053,,
172054,172054,583677,Lorenzo Tosto,active,172054,172054,172054,,
172057,172057,583681,Ali Ablak,active,172057,172057,172057,,
172060,172060,583685,Flavio Russo,active,172060,172060,172060,,
172063,172063,583687,Alejandro Cichero,active,172063,172063,172063,,
172065,172065,583694,Matteo Cichella,active,172065,172065,172065,,
172067,172067,583695,Jérémy Oyono,active,172067,172067,172067,,
172076,172076,583702,Marvin Young,active,172076,172076,172076,,
172080,533048,533048,Harrison Armstrong,active,172080,172080,533048,,533048
172088,172088,583703,Mahamoud Barry,active,172088,172088,172088,,
172091,115109,115109,Leo Shahar,active,172091,172091,115109,,115109
172096,172096,583705,Giandro Sambo,active,172096,172096,172096,,
172097,172097,583706,Nicholas Scardigno,active,172097,172097,172097,,
172101,172101,583707,Dachi Lordkipanidze,active,172101,172101,172101,,
172105,172105,583710,Daniel Watts,active,172105,172105,172105,,
172109,172109,583711,Julian Eyestone,active,172109,172109,172109,,
172172,114151,114151,Tommaso Gabellini,active,172172,172172,114151,,114151
172175,122902,122902,Marco Dalla Vecchia,active,172175,172175,122902,,122902
172181,172181,583720,Hodei Alutiz,active,172181,172181,172181,,
172182,172182,583721,Sergio Gabriel,active,172182,172182,172182,,
172183,172183,583723,Garci,active,172183,172183,172183,,
172187,172187,583731,Favour Onukwuli,active,172187,172187,172187,,
172189,172189,583733,Bianneider Tamayo,active,172189,172189,172189,,
172191,172191,583737,Noah Jauny,active,172191,172191,172191,,
172193,172193,583738,Guy-Noël Zohouri,active,172193,172193,172193,,
172194,172194,583741,Noam Obougou,active,172194,172194,172194,,
172195,172195,583742,Daren Mosengo,active,172195,172195,172195,,
172198,172198,583746,Adriel,active,172198,172198,172198,,
172201,172201,583752,Manuel Ricciardi,active,172201,172201,172201,,
172207,172207,583753,Robin Verhaeghe,active,172207,172207,172207,,
172208,172208,583760,Héliohdino Tavares,active,172208,172208,172208,,
172209,172209,583762,Kévin Pedro,active,172209,172209,172209,,
172210,172210,583764,Stefan Džodić,active,172210,172210,172210,,
172212,172212,583769,Idriss Planeix,active,172212,172212,172212,,
172214,172214,583770,Massimo Pessina,active,172214,172214,172214,,
172217,172217,583771,Simón Pinto,active,172217,172217,172217,,
172225,172225,583772,Ayoub Oufkir,active,172225,172225,172225,,
172226,172226,583774,Oscar Oppong,active,172226,172226,172226,,
172232,172232,583776,Diego Ferrer,active,172232,172232,172232,,
172238,172238,583781,Henrik Meister,active,172238,172238,172238,,
172240,172240,583784,Iliesse Salhi,active,172240,172240,172240,,
172244,172244,583785,Davide De Battisti,active,172244,172244,172244,,
172249,533111,533111,Paris Brunner,active,172249,172249,533111,,533111
172252,172252,583788,Álvaro Abarzúa,active,172252,172252,172252,,
172253,172253,583789,Joseph Kalulu,active,172253,172253,172253,,
172257,172257,583795,Eseosa Sule,active,172257,172257,172257,,
172258,172258,583796,Muhamed Diomande,active,172258,172258,172258,,
172259,172259,583797,Iddrisa D. Amihere,active,172259,172259,172259,,
172264,172264,583807,Iker Martínez,active,172264,172264,172264,,
172267,172267,583814,Ege Albayrak,active,172267,172267,172267,,
172268,172268,583822,Şant Kazancı,active,172268,172268,172268,,
172272,172272,583823,Stanislas Kielt,active,172272,172272,172272,,
172287,172287,583835,Ethan Kabeya,active,172287,172287,172287,,
172291,172291,583836,Owen Kouassi,active,172291,172291,172291,,
172296,172296,583848,Beñat Gerenabarrena,active,172296,172296,172296,,
172298,172298,583852,Peio Canales,active,172298,172298,172298,,
172299,172299,583853,Aimar Duñabeitia,active,172299,172299,172299,,
172300,172300,583860,Carlos Guirao,active,172300,172300,172300,,
172303,172303,583866,Marco de las Sías,active,172303,172303,172303,,
172310,172310,583877,Josué Tiendrébéogo,active,172310,172310,172310,,
172317,172317,583878,Jorge Salinas,active,172317,172317,172317,,
172319,172319,583883,Tommaso Marras,active,172319,172319,172319,,
172320,172320,583884,Victor Mayela,active,172320,172320,172320,,
172322,119372,119372,Francis Turley,active,172322,172322,119372,,119372
172326,172326,583895,Ricardo Venta,active,8560934,8560934,172326,,
172327,108776,108776,Sam Chambers,active,172327,172327,108776,,108776
172328,172328,583901,Franco Nicola,active,172328,172328,172328,,
172337,172337,583902,Ante Crnac,active,172337,172337,172337,,
172341,172341,583912,Tenmu Matsumoto,active,172341,172341,172341,,
172345,172345,583920,Nils Guibert,active,8560953,8560953,172345,,
172352,172352,583921,Manu González,active,172352,172352,172352,,
172353,172353,583932,Jan Salas,active,172353,172353,172353,,
172354,172354,583934,Maguette Gueye,active,172354,172354,172354,,
172355,172355,583945,Jonatás Noro,active,172355,172355,172355,,
172358,172358,583962,Gabriel Cabral,active,172358,172358,172358,,
172361,172361,583975,Raúl Chasco,active,172361,172361,172361,,
172362,38199,38199,Sebastian Nanasi,active,172362,105756322079050,38199,,38199
172363,42025,42025,Deniz Gül,active,172363,105847858569547,42025,,42025
172364,172364,583981,Ayuki Miyakawa,active,172364,172364,172364,,
172370,172370,583994,Shun Isotani,active,172370,172370,172370,,
172373,172373,583997,Ousmane Diop,active,172373,172373,172373,,
172385,172385,583998,Valentino Acuña,active,172385,172385,172385,,
172386,172386,584002,Bojan Kovačević,active,172386,172386,172386,,
172387,172387,584005,Lisandro Piñero,active,172387,172387,172387,,
172389,172389,584008,Luke Faxon,active,172389,172389,172389,,
172397,172397,584010,Will Smith,active,172397,172397,172397,,
172401,172401,584012,J.Widell Zetterström,active,172401,172401,172401,,
172403,172403,584018,Mario Sandoval,active,172403,172403,172403,,
172416,172416,584019,Semm Renders,active,172416,172416,172416,,
172417,172417,584029,Farouck Adekami,active,172417,172417,172417,,
172418,172418,584037,Kylian Gasnier,active,172418,172418,172418,,
172419,172419,584039,Tawfik Bentayeb,active,172419,172419,172419,,
172420,172420,584041,Serigne Saliou Diop,active,172420,172420,172420,,
172425,172425,584048,Mohamed Bamba,active,172425,172425,172425,,
172426,172426,584054,Moussa Cissé,active,172426,172426,172426,,
172429,172429,584055,Surachai Booncharee,active,172429,172429,172429,,
172432,172432,584056,Messy Manitu,active,172432,172432,172432,,
172433,172433,584059,Joseph Ceesay,active,172433,172433,172433,,
172438,172438,584061,Lorenzo Venturino,active,172438,172438,172438,,
172441,172441,584062,Chupete,active,172441,172441,172441,,
172445,172445,584067,Yassir Zabiri,active,172445,172445,172445,,
172451,172451,584068,Rui Modesto,active,172451,172451,172451,,
172453,172453,584074,Jay Robinson,active,172453,172453,172453,,
172455,172455,584075,J. O'Brien Whitmarsh,active,172455,172455,172455,,
172466,125749,125749,Eddy Kouadio,active,172466,172466,125749,,125749
172484,172484,584081,Sorawis Srifah,active,172484,172484,172484,,
172486,172486,584082,Rangsiman Kemmueang,active,172486,172486,172486,,
172489,172489,584084,Franjo Ivanović,active,172489,172489,172489,,
172502,172502,584085,Ebube Duru,active,172502,172502,172502,,
172504,172504,584086,Albert Rrahmani,active,172504,172504,172504,,
172522,172522,584088,Andrés Céspedes,active,172522,172522,172522,,
172523,172523,584089,A. Aït Boudlal,active,172523,172523,172523,,
172529,172529,584090,Rodrigo Santos,active,172529,172529,172529,,
172533,172533,584091,Nikolai Hopland,active,172533,172533,172533,,
172568,172568,584092,Hikaru Ogawa,active,172568,172568,172568,,
172570,172570,584094,Shimon Kobayashi,active,172570,172570,172570,,
172574,172574,584101,Issei Kumatoriya,active,172574,172574,172574,,
172577,172577,584105,Kieran Morgan,active,172577,172577,172577,,
172578,172578,584119,Felipe Faúndez,active,172578,172578,172578,,
172589,172589,584120,Sa Yeonghyeok,active,8561197,8561197,172589,,
172594,172594,584123,Yuness Baki,active,8561202,8561202,172594,,
172595,172595,584126,Amjad Luay,active,8561203,50504243,172595,,
172605,172605,584128,Elkin Rivero,active,172605,172605,172605,,
172609,172609,584129,Chinonso Chibueze,active,172609,172609,172609,,
172610,172610,584130,Hasip Korkmazyürek,active,172610,172610,172610,,
172611,172611,584135,Emilio Gutiérrez,active,172611,172611,172611,,
172619,172619,584136,Louis Moussier,active,172619,172619,172619,,
172621,172621,584176,Gerónimo Spina,active,172621,172621,172621,,
172622,121388,121388,João Simões,active,172622,172622,121388,,121388
172627,172627,584183,Juma Bah,active,172627,172627,172627,,
172635,124634,124634,Colby Donovan,active,172635,172635,124634,,124634
172636,172636,584185,Cailen Hill,active,172636,172636,172636,,
172642,172642,584189,Victor Reyes,active,172642,172642,172642,,
172644,172644,584206,Riccardo Bassanini,active,172644,172644,172644,,
172661,540871,540871,Saud Haroun,active,16949877,16949877,540871,,540871
172663,540875,540875,Mohammed Al Muhaysh,active,16949879,16949879,540875,,540875
172664,540877,540877,Ali Al Mahdawi,active,16949880,16949880,540877,,540877
172665,540879,540879,Abdulaziz Hadhood,active,16949881,16949881,540879,,540879
172675,540880,540880,Salem Al Najdi,active,16949891,16949891,540880,,540880
172676,540883,540883,Mubarak Al Buainain,active,16949892,16949892,540883,,540883
172679,540885,540885,Faris Salem,active,16949895,16949895,540885,,540885
172863,540886,540886,Ghaith Abdalla,active,16950079,16950079,540886,,540886
172866,540889,540889,Hamdan Saeed,active,16950082,16950082,540889,,540889
172868,540895,540895,Hamad Mohamed,active,16950084,16950084,540895,,540895
172910,172910,584211,Mansur Izz Aldin,active,8561518,8561518,172910,,
172946,540897,540897,Abdulaziz Al Mutawa,active,16950162,16950162,540897,,540897
172947,540898,540898,Ahmad S. Al Mughanni,active,16950163,16950163,540898,,540898
172949,540903,540903,Yamaan Jarrar,active,16950165,16950165,540903,,540903
173008,173008,584215,Orlando Gill,active,173008,56165019067344,173008,,
173009,533131,533131,Joaquín Ruíz,active,173009,173009,533131,,533131
173010,173010,584221,Íker García,active,173010,173010,173010,,
173011,173011,584222,Nicolás Julio,active,173011,173011,173011,,
173015,173015,584223,Ignacio Campo,active,173015,173015,173015,,
173020,173020,584234,Sofus Johannesen,active,173020,173020,173020,,
173025,116618,116618,Jack Porter,active,173025,173025,116618,,116618
173029,173029,584235,Kaden Braithwaite,active,173029,173029,173029,,
173032,173032,584237,Kevin Martins,active,173032,173032,173032,,
173037,173037,584247,J. Jimoh-Aloba,active,173037,173037,173037,,
173038,173038,584253,Cristián Morales,active,173038,173038,173038,,
173040,173040,584254,Ibuki Vincent Ejike,active,173040,173040,173040,,
173041,173041,584255,Sohki Tamura,active,173041,173041,173041,,
173042,173042,584260,Carlos Sarabia,active,173042,173042,173042,,
173047,173047,584261,Ramiro Pedroza,active,173047,173047,173047,,
173051,173051,584266,Morgan Corredor,active,173051,173051,173051,,
173060,173060,584273,Sékou Doucouré,active,173060,173060,173060,,
173064,173064,584278,Kyllian Antonio,active,173064,173064,173064,,
173065,173065,584281,Adam Delplace,active,173065,173065,173065,,
173067,173067,584282,Younes Lachaab,active,173067,173067,173067,,
173077,173077,584283,Santiago Esquivel,active,173077,173077,173077,,
173085,533139,533139,Osvaldo Arriaga,active,173085,173085,533139,,533139
173089,173089,584284,Aitor Crespo,active,173089,173089,173089,,
173093,173093,584285,Jean Galindo,active,173093,173093,173093,,
173101,173101,584286,Noah Makanza,active,173101,173101,173101,,
173102,173102,584287,Benjamin Valenzuela,active,173102,173102,173102,,
173103,173103,584288,Corentin Issanchou,active,173103,173103,173103,,
173106,173106,584290,Kaye Furo,active,173106,173106,173106,,
173115,173115,584297,Kevin Barcella,active,173115,173115,173115,,
173122,173122,584304,Amine Moussaoui,active,173122,173122,173122,,
173123,173123,584321,Marius Louër,active,173123,173123,173123,,
173124,173124,584325,Josh Campbell-Slowey,active,173124,173124,173124,,
173135,173135,584326,Emmanuel Tsimba,active,173135,173135,173135,,
173139,124293,124293,Aymen Sliti,active,173139,173139,124293,,124293
173142,173142,584330,Sebbe Gheerardyns,active,173142,173142,173142,,
173146,173146,584337,Marc Aznar,active,173146,173146,173146,,
173147,173147,584342,Papa Dame Ba,active,173147,173147,173147,,
173148,173148,584345,Morgan Costarelli,active,173148,173148,173148,,
173152,173152,584347,Shumaira Mheuka,active,173152,173152,173152,,
173155,173155,584348,Ro-Zangelo Daal,active,173155,173155,173155,,
173156,173156,584349,Yosuke Murakami,active,173156,173156,173156,,
173157,173157,584350,Kazushi Fujii,active,173157,173157,173157,,
173158,173158,584354,Yumeki Yokoyama,active,173158,105784776238182,173158,,
173160,173160,584356,Kenta Nemoto,active,173160,173160,173160,,
173161,173161,584359,Kotaro Honda,active,173161,173161,173161,,
173163,173163,584383,Gaku Nawata,active,173163,106771293316203,173163,,
173165,173165,584390,Oier Llorente,active,173165,173165,173165,,
173166,173166,584397,Albert Niculăesei,active,173166,173166,173166,,
173172,173172,584402,Suleiman El Haddadi,active,173172,173172,173172,,
173176,173176,584415,Andrej Vasović,active,173176,173176,173176,,
173180,173180,584416,Ahmet Tırpancı,active,173180,173180,173180,,
173190,173190,584420,Arda Kaya,active,173190,173190,173190,,
173192,173192,584422,Necip Özer,active,173192,173192,173192,,
173193,173193,584424,Mustafa Obut,active,173193,173193,173193,,
173194,173194,584431,Kayra Cihan,active,173194,173194,173194,,
173197,173197,584433,Marko Perović,active,173197,173197,173197,,
173198,173198,584437,Gilles De Meyer,active,173198,173198,173198,,
173199,115194,115194,Ranel Young,active,173199,173199,115194,,115194
173205,173205,584444,Jean Valou,active,173205,173205,173205,,
173207,173207,584445,Gonzalo Pastor,active,173207,173207,173207,,
173208,173208,584450,Aleksandar Andreev,active,173208,173208,173208,,
173209,173209,584451,Miguel Román,active,173209,173209,173209,,
173213,123684,123684,Javier Gil,active,173213,173213,123684,,123684
173215,126398,126398,Maxsuell Alegria,active,173215,173215,126398,,126398
173220,173220,584456,Daniel Cordero,active,173220,173220,173220,,
173223,173223,584457,Bastián Contreras,active,173223,173223,173223,,
173262,173262,584459,Martín García,active,173262,173262,173262,,
173263,173263,584462,Augusto Fernández,active,173263,173263,173263,,
173264,173264,584463,Natanael Guzmán,active,173264,173264,173264,,
173270,173270,584469,Kota Nakayama,active,173270,173270,173270,,
173303,173303,584476,Agustín Ladstatter,active,173303,173303,173303,,
173309,533166,533166,Sascha Britschgi,active,173309,173309,533166,,533166
173315,533209,533209,L. Williams-Barnett,active,173315,173315,533209,,533209
173316,173316,584483,Ali Maamar,active,173316,173316,173316,,
173320,173320,584485,Rhodri Smith,active,173320,173320,173320,,
173324,120471,120471,Ismail Ka,active,173324,173324,120471,,120471
173330,173330,584486,Ángel Ortiz,active,173330,173330,173330,,
173332,173332,584489,Diego Díaz,active,173332,173332,173332,,
173338,540904,540904,Mohamed Meïté,active,173338,173338,540904,,540904
173340,128158,128158,Leandro Santos,active,173340,173340,128158,,128158
173341,120009,120009,Callum Bates,active,173341,173341,120009,,120009
173342,173342,584491,Matty Litherland,active,173342,173342,173342,,
173391,173391,584492,Shosei Usui,active,173391,106776108377423,173391,,
173411,173411,584517,Ryo Shiohama,active,173411,173411,173411,,
173412,173412,584520,Kanta Jojo,active,173412,105843026732388,173412,,
173427,173427,584522,Mateo Castillo,active,173427,173427,173427,,
173435,173435,584523,Malick Fofana,active,173435,173435,173435,,
173446,173446,584526,Masaki Nishimura,active,173446,173446,173446,,
173471,173471,584527,Kenshin Yuba,active,173471,173471,173471,,
173472,173472,584528,Tetsuya Kato,active,173472,173472,173472,,
173512,173512,584529,Royer Caicedo,active,173512,173512,173512,,
173518,173518,584531,Engin Can Biterge,active,173518,173518,173518,,
173525,173525,584535,João Marcelo,active,16950741,16950741,173525,,
173526,117676,117676,Samu Fernández,active,173526,173526,117676,,117676
173533,173533,584538,Brandon Oviedo,active,173533,173533,173533,,
173536,173536,584540,Tom Edozie,active,173536,173536,173536,,
173537,173537,584542,Naïme Saïd Mchindra,active,173537,173537,173537,,
173540,173540,584551,David Antunes,active,173540,173540,173540,,
173542,173542,584553,Máximo Palazzo,active,173542,173542,173542,,
173543,128493,128493,Malachi Hardy,active,173543,173543,128493,,128493
173552,173552,584558,Brice Seymour,active,173552,173552,173552,,
173556,173556,584562,P. Carraro Injai,active,173556,173556,173556,,
173557,173557,584564,Oscar Aïssat,active,173557,173557,173557,,
173559,173559,584567,Krys Kouassi,active,173559,173559,173559,,
173560,173560,584576,Ilies Abdelkrim,active,173560,173560,173560,,
173564,173564,584581,Alassane Diatta,active,173564,173564,173564,,
173571,120450,120450,Axel Tape,active,173571,173571,120450,,120450
173572,119976,119976,Bradel Kiwa,active,173572,173572,119976,,119976
173573,120321,120321,Aladji Bamba,active,173573,173573,120321,,120321
173575,173575,584582,Filippo Grosso,active,173575,173575,173575,,
173576,173576,584585,Rony Mimb Baheng,active,173576,173576,173576,,
173577,173577,584587,Laurenzo Monteiro,active,173577,173577,173577,,
173578,173578,584594,Lima Joseph Mangondo,active,173578,173578,173578,,
173579,173579,584609,El Hadj Koné,active,173579,173579,173579,,
173580,173580,584611,Ibrahim Coulibaly,active,173580,173580,173580,,
173584,173584,584613,Álvaro Cortés,active,173584,173584,173584,,
173585,118422,118422,Diego Aguado,active,173585,173585,118422,,118422
173586,173586,584633,Ruairi McConville,active,173586,173586,173586,,
173590,173590,584635,Valentín Dávila,active,173590,173590,173590,,
173603,173603,584639,Maximiliano Amarfil,active,173603,173603,173603,,
173609,173609,584640,Nelson Da Silva,active,173609,173609,173609,,
173638,123951,123951,Othniël Raterink,active,173638,173638,123951,,123951
173639,109588,109588,Artem Stepanov,active,173639,173639,109588,,109588
173644,533228,533228,El Hadji Diouf,active,173644,105860290487884,533228,,533228
173647,106656,106656,Sipho Chaine,active,173647,173647,106656,,106656
173651,107907,107907,Relebohile Mofokeng,active,173651,173651,107907,,107907
173672,173672,584644,Pierrot Lavoisier,active,8562280,8562280,173672,,
173673,112565,112565,José Pinto,active,173673,173673,112565,,112565
173694,173694,584646,Ervin Vaca,active,173694,173694,173694,,
173695,173695,584652,Luis Paz,active,173695,173695,173695,,
173696,173696,584653,C. Charalampous,active,173696,173696,173696,,
173697,173697,584656,Nikolas Panagiotou,active,173697,173697,173697,,
173700,173700,584660,Grigori Bilozerchev,active,8562308,8562308,173700,,
173702,101136,101136,Oleksii Hutsuliak,active,173702,173702,101136,,101136
173704,173704,584664,Yuness Bruhier,active,8562312,8562312,173704,,
173728,57439,57439,Tamás Nikitscher,active,173728,105757395822240,57439,,57439
173729,173729,584668,Mahmoud Jaber,active,173729,173729,173729,,
173730,173730,584670,Dan Biton,active,173730,173730,173730,,
173731,173731,584675,Idan Nachmias,active,173731,173731,173731,,
173733,173733,584679,Hristiyan Petrov,active,173733,173733,173733,,
173735,173735,584682,Clair Bernadis,active,8562343,8562343,173735,,
173740,61726,61726,Luis Ramos,active,173740,173740,61726,,61726
173744,173744,584687,Igor Matanović,active,173744,173744,173744,,
173746,60114,60114,German Vasilyev,active,8562354,8562354,60114,,60114
173748,173748,584710,Gonzalo Valle,active,173748,173748,173748,,
173749,173749,584711,Keny Arroyo,active,173749,173749,173749,,
173753,103106,103106,Ibrahim Adel,active,173753,105822977959609,103106,,103106
173757,173757,584712,Sofiyko Rajić,active,8562365,8562365,173757,,
173759,45415,45415,Ismail Luay,active,8562367,8562367,45415,,45415
173767,173767,584713,Igor Nikić,active,173767,173767,173767,,
173768,173768,584714,Andrija Radulović,active,173768,173768,173768,,
173769,173769,584715,Edvin Kuč,active,173769,173769,173769,,
173770,173770,584718,Miloš Brnović,active,173770,173770,173770,,
173772,173772,584720,Amédée Lautner,active,8562380,8562380,173772,,
173775,173775,584725,Tyler Bindon,active,173775,173775,173775,,
173776,103509,103509,Linus Teather,active,8562384,8562384,103509,,103509
173779,173779,584728,Indrit Tuci,active,173779,173779,173779,,
173780,173780,584730,Julian Ennis,active,8562388,8562388,173780,,
173781,533245,533245,Ibrahim Maza,active,173781,52891180246741,533245,,533245
173783,173783,584731,Don Meheux,active,8562391,8562391,173783,,
173784,173784,584732,Jake Kenney,active,8562392,8562392,173784,,
173785,173785,584733,Clint Adusei,active,8562393,8562393,173785,,
173786,173786,584734,Elvis Oman,active,8562394,8562394,173786,,
173806,173806,584735,Urie-Michel Mboula,active,173806,173806,173806,,
173818,173818,584736,Islam Chesnokov,active,173818,173818,173818,,
173819,173819,584737,Rolan Chichkin,active,8562427,8562427,173819,,
173841,173841,584739,Marios Stylianou,active,173841,173841,173841,,
173845,173845,584746,Giorgi Guliashvili,active,173845,173845,173845,,
173846,173846,584749,Penuel Godfrey,active,8562454,8562454,173846,,
173852,173852,584750,Andy Rozhestvensky,active,8562460,8562460,173852,,
173855,173855,584751,Amady Camara,active,173855,173855,173855,,
173857,173857,584753,Adam Magri Overend,active,173857,173857,173857,,
173860,59268,59268,Youssef Belammari,active,173860,173860,59268,,59268
173865,103588,103588,Mark Dion,active,8562473,8562473,103588,,103588
173868,60779,60779,Virgil Ghiță,active,173868,173868,60779,,60779
173870,173870,584754,Stipe Vugrinec,active,8562478,8562478,173870,,
173875,60611,60611,David Zec,active,173875,173875,60611,,60611
173883,59497,59497,Naif Malik,active,8562491,8562491,59497,,59497
173886,117915,117915,Ezra Mayers,active,173886,173886,117915,,117915
173897,173897,584756,Tugra Turhan,active,173897,173897,173897,,
173901,173901,584760,Dawid Bembnista,active,173901,173901,173901,,
173904,173904,584761,Everton Pereira,active,173904,173904,173904,,
173906,173906,584764,Amadou Cissé,active,173906,173906,173906,,
173911,173911,584765,Augusto Owusu,active,173911,173911,173911,,
173916,117963,117963,Daniel Yáñez,active,173916,173916,117963,,117963
173920,173920,584777,Juan Díaz,active,173920,173920,173920,,
173924,173924,584779,Rafik El Arguioui,active,173924,173924,173924,,
173925,173925,584782,Steeven Assengue,active,173925,173925,173925,,
173928,173928,584783,Pascal Büttiker,active,173928,173928,173928,,
173931,173931,584788,David Vujevic,active,173931,173931,173931,,
173933,116641,116641,Godwill Kukonki,active,173933,173933,116641,,116641
173936,173936,584789,Mehmet Kalkan,active,173936,173936,173936,,
173937,173937,584790,Jonah Kusi-Asare,active,173937,173937,173937,,
173938,173938,584796,José Ángel López,active,173938,173938,173938,,
173951,173951,584798,Luca Regiardo,active,173951,173951,173951,,
173954,173954,584802,Cole Burke,active,173954,173954,173954,,
173955,173955,584807,Facundo Di Biasi,active,173955,173955,173955,,
173960,173960,584811,Dieu-Merci Michel,active,173960,173960,173960,,
173962,173962,584814,Thomas Campaniello,active,173962,173962,173962,,
173965,173965,584815,Tiaguinho,active,173965,173965,173965,,
173968,173968,584817,Á. García Pascual,active,173968,173968,173968,,
173969,173969,584820,Nico Salvador,active,173969,173969,173969,,
173970,173970,584822,Vladyslav Krapyvtsov,active,173970,173970,173970,,
173971,124979,124979,Nicolas Trabucchi,active,173971,173971,124979,,124979
173972,173972,584825,Bernard Nguene,active,173972,173972,173972,,
173975,124035,124035,Jonas Harder,active,173975,173975,124035,,124035
173981,173981,584826,Emilio Giaccone,active,173981,173981,173981,,
173986,173986,584832,Raphaël Le Guen,active,173986,173986,173986,,
173988,173988,584834,Youssef Enríquez,active,173988,173988,173988,,
173989,120737,120737,Víctor Muñoz,active,173989,55070339278757,120737,,120737
173995,120366,120366,Ato Ampah,active,173995,173995,120366,,120366
174038,174038,584836,Léo Scienza,active,174038,174038,174038,,
174051,174051,584838,Assan Ouédraogo,active,174051,174051,174051,,
174076,174076,584839,Nils Ramming,active,174076,174076,174076,,
174079,174079,584842,Nathaniel Brown,active,174079,105858059118591,174079,,
174082,533247,533247,Silas Ostrzinski,active,174082,174082,533247,,533247
174083,174083,584845,Kjell-Arik Wätjen,active,174083,174083,174083,,
174084,533266,533266,Alexander Meyer,active,174084,174084,533266,,533266
174090,174090,584846,Elias Benkara,active,174090,174090,174090,,
174091,174091,584848,Almugera Kabar,active,174091,174091,174091,,
174092,533272,533272,Jamie Gittens,active,174092,174092,533272,,533272
174094,533288,533288,Filippo Mané,active,174094,174094,533288,,533288
174096,174096,584849,Taylan Bulut,active,174096,174096,174096,,
174101,174101,584850,Tobias Mohr,active,174101,174101,174101,,
174110,174110,584851,Justin Heekeren,active,174110,174110,174110,,
174123,174123,584852,Soffan Sanron,active,174123,174123,174123,,
174124,174124,584853,Arda Öztürk,active,174124,174124,174124,,
174125,174125,584855,Onuralp Çakıroğlu,active,174125,174125,174125,,
174128,174128,584859,Noppakorn Kanhabang,active,174128,174128,174128,,
174131,174131,584860,Hasan Ürkmez,active,174131,174131,174131,,
174132,174132,584867,Hafiz Ibrahim,active,174132,174132,174132,,
174133,174133,584868,Noan Geraux,active,174133,174133,174133,,
174135,174135,584874,Kaan Doğan,active,174135,174135,174135,,
174136,174136,584875,Eren Şehitoğlu,active,174136,174136,174136,,
174142,174142,584878,Berkay Muratoğlu,active,174142,174142,174142,,
174143,533316,533316,Mathys Detourbet,active,174143,174143,533316,,533316
174145,119920,119920,Rio Ngumoha,active,174145,174145,119920,,119920
174146,174146,584891,Hunor Németh,active,174146,174146,174146,,
174148,174148,584899,Maedine Makhloufi,active,174148,174148,174148,,
174158,174158,584903,Djibril Coulibaly,active,174158,174158,174158,,
174166,114781,114781,Elia Plicco,active,174166,174166,114781,,114781
174169,174169,584906,Robin Bouw,active,174169,174169,174169,,
174170,174170,584909,Yassine Azzouz,active,174170,174170,174170,,
174171,174171,584910,Lukas Daschner,active,174171,174171,174171,,
174179,533327,533327,Tim Oermann,active,174179,174179,533327,,533327
174180,46088,46088,Bence Dárdai,active,174180,174180,46088,,46088
174185,174185,584911,Marvin Ducksch,active,174185,174185,174185,,
174190,533330,533330,Merlin Röhl,active,174190,174190,533330,,533330
174191,533331,533331,Johan Manzambi,active,174191,106788456409199,533331,,533331
174196,174196,584915,Erik Ahlstrand,active,174196,174196,174196,,
174208,174208,584919,Colin Kleine-Bekel,active,174208,174208,174208,,
174216,44956,44956,Garry Chopra,active,8562824,8562824,44956,,44956
174217,174217,584926,A. Bernhardsson,active,174217,174217,174217,,
174225,174225,584935,Djylian N'Guessan,active,174225,174225,174225,,
174230,174230,584936,Samu Cortés,active,174230,174230,174230,,
174232,174232,584940,R. Bangura-Williams,active,174232,174232,174232,,
174235,174235,584941,Adrián Molina,active,174235,174235,174235,,
174239,174239,584951,Yoann Cissé,active,174239,174239,174239,,
174240,174240,584953,Diego Rodrigues,active,174240,174240,174240,,
174249,174249,584958,Joaquín Lavega,active,174249,174249,174249,,
174255,174255,584961,Jehhanafee Mamah,active,174255,174255,174255,,
174258,122732,122732,Giorgio De Marzi,active,174258,174258,122732,,122732
174261,174261,584965,Oliver Bostock,active,174261,174261,174261,,
174270,174270,584968,Lamine Fanne,active,174270,174270,174270,,
174272,174272,584971,Remy Rees-Dottin,active,174272,174272,174272,,
174321,174321,584973,Marcus Linday,active,174321,174321,174321,,
174324,174324,584975,Julián Mavilla,active,174324,174324,174324,,
174341,174341,584982,Gael Akogo Esono,active,174341,174341,174341,,
174344,174344,584986,Sheldon Kendall,active,174344,174344,174344,,
174352,533348,533348,Christian Kofane,active,174352,174352,533348,,533348
174353,174353,584987,Sirassawut W.,active,174353,174353,174353,,
174358,174358,584991,Afonso Assis,active,174358,174358,174358,,
174398,124267,124267,Alessandro Romano,active,174398,174398,124267,,124267
174399,119627,119627,Mathias Løvik,active,174399,174399,119627,,119627
174400,174400,584994,Ismael Bekhoucha,active,174400,174400,174400,,
174403,174403,584995,Idrissa Gueye,active,174403,174403,174403,,
174407,174407,584997,George Pratt,active,174407,174407,174407,,
174409,174409,584998,Gonzalo Tapia,active,174409,174409,174409,,
174410,174410,584999,Nick Dobben,active,174410,174410,174410,,
174417,174417,585007,Yaimar Medina,active,174417,174417,174417,,
174424,116410,116410,Bradley Burrowes,active,174424,174424,116410,,116410
174427,174427,585017,Nuttawut Wongsawang,active,174427,174427,174427,,
174429,174429,585020,Guzmán Rodríguez,active,174429,174429,174429,,
174430,174430,585026,Jones El Abdellaoui,active,174430,174430,174430,,
174432,174432,585036,Wiston Fernández,active,174432,174432,174432,,
174439,174439,585039,Mateo Santamaria,active,174439,174439,174439,,
174443,174443,585042,Berkay Topdemir,active,174443,174443,174443,,
174458,174458,585045,João Almeida,active,174458,174458,174458,,
174473,174473,585048,Nicolás Goitea,active,174473,174473,174473,,
174474,174474,585049,Malcolm Jeng,active,174474,174474,174474,,
174483,174483,585051,Matteo Heremans,active,174483,174483,174483,,
174487,174487,585052,Gabriel Abdias,active,174487,174487,174487,,
174490,174490,585056,Fredi Gomes,active,174490,174490,174490,,
174494,126597,126597,Camilo Rey Domenech,active,174494,174494,126597,,126597
174516,174516,585063,Lars-Jørgen Salvesen,active,174516,174516,174516,,
174521,174521,585068,Nacho Mirás,active,174521,174521,174521,,
174522,174522,585069,Keano Van Rafelghem,active,174522,174522,174522,,
174531,174531,585074,Gustavo Mancha,active,174531,174531,174531,,
174532,174532,585082,Jamie Forrest,active,174532,174532,174532,,
174551,533375,533375,César Lugo,active,174551,174551,533375,,533375
174554,174554,585084,Philip Otele,active,174554,174554,174554,,
174555,174555,585086,Damienus Reverson,active,174555,174555,174555,,
174559,174559,585089,Arlen Banguero,active,174559,174559,174559,,
174562,174562,585100,Nika Sandokhadze,active,174562,174562,174562,,
174565,174565,585103,Jack McConnell,active,174565,174565,174565,,
174574,174574,585105,Lee Seung-Won,active,174574,174574,174574,,
174591,174591,585113,Cristian Vergara,active,174591,174591,174591,,
174593,174593,585120,Henrick Do Marcolino,active,174593,174593,174593,,
174599,174599,585123,Hüseyin Şen,active,174599,174599,174599,,
174600,174600,585132,Zain Silcott-Duberry,active,174600,174600,174600,,
174606,121862,121862,Pablo López,active,174606,174606,121862,,121862
174613,533409,533409,Leandro Lozano,active,174613,174613,533409,,533409
174637,126439,126439,Ben Hawighorst,active,174637,174637,126439,,126439
174642,174642,585135,Vicente Guzmán,active,174642,174642,174642,,
174643,174643,585136,Juan Rattalino,active,174643,174643,174643,,
174644,174644,585139,Branco Salinardi,active,174644,174644,174644,,
174648,174648,585142,Ronaldo Dejesús,active,174648,174648,174648,,
174649,174649,585143,Luis Ignacio Abraham,active,174649,174649,174649,,
174652,174652,585146,Sebastián Melgarejo,active,174652,174652,174652,,
174654,174654,585150,Joel Romero,active,174654,174654,174654,,
174655,174655,585151,José Cavadía,active,174655,174655,174655,,
174657,174657,585153,Cristian Uribe,active,174657,174657,174657,,
174658,174658,585154,Christian Negrete,active,174658,174658,174658,,
174659,174659,585163,Robinson García,active,174659,174659,174659,,
174660,174660,585166,Juan Rosa,active,174660,174660,174660,,
174661,174661,585167,Tomas García,active,174661,174661,174661,,
174677,174677,585168,Siradanai Phosri,active,174677,174677,174677,,
174679,174679,585169,Matías Vásquez,active,174679,174679,174679,,
174681,174681,585172,Youssef Hamdaoui,active,174681,174681,174681,,
174690,174690,585179,Bautista Gerez,active,174690,174690,174690,,
174692,174692,585180,Elián Giménez,active,174692,174692,174692,,
174694,174694,585181,Vince Osuji,active,174694,174694,174694,,
174696,174696,585184,Alioune Ndoye,active,174696,174696,174696,,
174714,174714,585185,Ángel Pérez,active,174714,174714,174714,,
174717,174717,585186,Vando Félix,active,174717,174717,174717,,
174719,174719,585189,Gustavo Henrique,active,174719,174719,174719,,
174720,174720,585191,Gabriel Bontempo,active,174720,53983712553600,174720,,
174721,174721,585192,Pedro Bondo,active,174721,174721,174721,,
174724,174724,585193,Mousslim Youssouf,active,174724,174724,174724,,
174730,174730,585194,Ryusei Sato,active,174730,174730,174730,,
174731,174731,585196,Gen Kato,active,174731,174731,174731,,
174732,174732,585198,Richard Monday Ubong,active,174732,174732,174732,,
174734,174734,585199,Ruud Nijstad,active,174734,174734,174734,,
174736,661567,661567,Pedro Ferreira,active,174736,174736,661567,,661567
174737,174737,585200,Lucca Marques,active,174737,174737,174737,,
174738,174738,585202,Hugo Leonardo,active,174738,174738,174738,,
174741,174741,585204,Maik,active,174741,174741,174741,,
174746,174746,585210,Lee Keun-Hyeong,active,174746,174746,174746,,
174747,123448,123448,Alessio Marcaccini,active,174747,174747,123448,,123448
174750,174750,585212,Rodrigo Godoy,active,174750,174750,174750,,
174751,174751,585216,José Movillo,active,174751,174751,174751,,
174752,174752,585226,Naoya Komazawa,active,174752,174752,174752,,
174753,174753,585231,Jui Hata,active,174753,174753,174753,,
174754,174754,585235,Takanari Endo,active,174754,174754,174754,,
174755,174755,585248,Koki Kumakura,active,174755,174755,174755,,
174756,174756,585250,Sena Ishibashi,active,174756,105834436799140,174756,,
174757,174757,585251,Kanaru Matsumoto,active,174757,174757,174757,,
174764,174764,585254,J. Eliécer Martínez,active,174764,174764,174764,,
174766,174766,585260,Eduar Arízalas,active,174766,174766,174766,,
174775,174775,585262,Franco Yenerich,active,174775,174775,174775,,
174776,174776,585265,Markus Solbakken,active,174776,174776,174776,,
174777,174777,585268,N.Yoshitaka Furusawa,active,174777,174777,174777,,
174779,174779,585269,Nobuteru Nakagawa,active,174779,105834436799163,174779,,
174780,174780,585270,Wataru Goto,active,174780,174780,174780,,
174783,174783,585272,Cha Je-Hoon,active,174783,174783,174783,,
174785,174785,585275,Tomotaro Sasaki,active,174785,174785,174785,,
174786,174786,585283,Yudai Shimamoto,active,174786,174786,174786,,
174787,174787,585286,Takumi Yasuno,active,174787,174787,174787,,
174788,174788,585292,Keita Fukui,active,174788,174788,174788,,
174844,174844,585298,Gustavo Saavedra,active,174844,174844,174844,,
174846,174846,585299,Santiago Villarreal,active,174846,174846,174846,,
174856,174856,585300,Sondre Langås,active,174856,174856,174856,,
174857,174857,585305,Martín Guzmán,active,174857,174857,174857,,
174863,174863,585310,Nicolas Pays,active,174863,174863,174863,,
174864,174864,585319,Khomsan Sanphiphan,active,174864,174864,174864,,
174867,174867,585323,Owen Johnson,active,174867,174867,174867,,
174872,174872,585324,Vital Maia,active,174872,174872,174872,,
174882,174882,585331,Hyllarion Goore,active,174882,174882,174882,,
174884,115242,115242,Kieran Morrison,active,174884,174884,115242,,115242
174889,174889,585333,Teerapat Pruetong,active,174889,174889,174889,,
174897,174897,585336,Joaquín Domingo,active,174897,174897,174897,,
174901,174901,585337,Vinicius Lira,active,174901,174901,174901,,
174903,174903,585338,Gabriel Mec,active,174903,174903,174903,,
174906,174906,585341,Hanan Sani Brown,active,174906,174906,174906,,
174909,174909,585344,Lawrence David,active,174909,174909,174909,,
174910,174910,585346,Yusei Onoe,active,174910,174910,174910,,
174914,174914,585350,Carlos Sánchez,active,174914,174914,174914,,
174918,174918,585352,Ferrán Gómez,active,174918,174918,174918,,
174919,174919,585353,Lluc Castell,active,174919,174919,174919,,
174922,174922,585354,Miguel Londoño,active,174922,174922,174922,,
174928,174928,585355,Frank Vare,active,174928,174928,174928,,
174930,174930,585356,Rui Araki,active,174930,106775839943506,174930,,
174944,174944,585357,Hiroto Noda,active,174944,174944,174944,,
174945,174945,585358,Shion Nakayama,active,174945,174945,174945,,
174946,174946,585361,Guilherme Luiz,active,174946,174946,174946,,
174947,174947,585367,Hiroki Hatahashi,active,174947,174947,174947,,
174948,174948,585368,Maroan Sannadi,active,174948,174948,174948,,
174950,174950,585369,Keisuke Sato,active,174950,174950,174950,,
174951,174951,585370,Tomoki Hosaka,active,174951,174951,174951,,
174952,174952,585376,Sota Minami,active,174952,174952,174952,,
174953,174953,585377,Azuri Yutani,active,174953,174953,174953,,
174954,174954,585379,Kenta Itakura,active,174954,105843563604842,174954,,
174955,174955,585382,Uwabright Hayakawa,active,174955,174955,174955,,
174956,174956,585383,Travis Takahashi,active,174956,174956,174956,,
174957,174957,585386,Keisuke Tada,active,174957,174957,174957,,
174958,174958,585388,Kotatsu Kawakami,active,174958,174958,174958,,
174966,112890,112890,Rayane Bounida,active,174966,174966,112890,,112890
175000,175000,585403,Romildo Zilio,active,8563608,8563608,175000,,
175001,175001,585404,Clementio Enge,active,8563609,8563609,175001,,
175002,175002,585414,Kennyd Noro,active,8563610,8563610,175002,,
175003,175003,585416,Uilton Pirambu,active,8563611,8563611,175003,,
175004,175004,585418,Eliédson Lemes,active,8563612,8563612,175004,,
175005,175005,585420,Misael Pezão,active,8563613,8563613,175005,,
175006,175006,585421,Mike Calazans,active,8563614,8563614,175006,,
175007,175007,585425,Landerson Campos,active,8563615,8563615,175007,,
175008,175008,585427,Kaiky Chaveirinho,active,8563616,8563616,175008,,
175009,175009,585430,Alexandre Rebocho,active,8563617,8563617,175009,,
175010,175010,585431,Bebel Alencar,active,8563618,8563618,175010,,
175011,175011,585433,Vicor Porfírio,active,8563619,8563619,175011,,
175012,175012,585434,Luizinho Mardden,active,8563620,8563620,175012,,
175013,175013,585435,Doriva Brunetti,active,8563621,8563621,175013,,
175014,175014,585437,Rikelton Carvana,active,8563622,8563622,175014,,
175015,175015,585439,Milton Tijane,active,8563623,8563623,175015,,
175016,175016,585452,Cayo Jacob,active,8563624,8563624,175016,,
175017,175017,585455,Cassius Marcone,active,8563625,8563625,175017,,
175018,175018,585456,Alemão Dourado,active,8563626,8563626,175018,,
175019,175019,585457,Clemente Matos,active,8563627,8563627,175019,,
175020,175020,585459,Brenno Motta,active,8563628,8563628,175020,,
175021,175021,585461,Jorge Farid,active,8563629,8563629,175021,,
175022,175022,585463,Ilsinho Loreto,active,8563630,8563630,175022,,
175023,175023,585464,Ivete Hilbert,active,8563631,8563631,175023,,
175024,175024,585465,Dercy Grafite,active,8563632,8563632,175024,,
175025,175025,585469,Haroldo Tufy,active,8563633,8563633,175025,,
175026,175026,585470,Jom Galeazzi,active,8563634,8563634,175026,,
175027,175027,585471,Carlo Magalhes,active,8563635,8563635,175027,,
175028,175028,585472,Cesinha Verdasca,active,8563636,8563636,175028,,
175029,175029,585494,Welthon Nanini,active,8563637,8563637,175029,,
175030,175030,585495,Pedrão Marion,active,8563638,8563638,175030,,
175031,175031,585496,Wildson Caçapa,active,8563639,8563639,175031,,
175032,175032,585498,Aarão Bethancourt,active,8563640,8563640,175032,,
175033,175033,585499,Aldomiro Jabor,active,8563641,8563641,175033,,
175034,175034,585501,Tadeu Zilio,active,8563642,8563642,175034,,
175035,175035,585502,Brigido Mazetti,active,8563643,8563643,175035,,
175036,175036,585519,Ocimar Vinhas,active,8563644,8563644,175036,,
175037,175037,585543,Allef Griggio,active,8563645,8563645,175037,,
175038,175038,585544,Aecio Baranhas,active,8563646,8563646,175038,,
175039,175039,585545,Raymundo Espinho,active,8563647,8563647,175039,,
175040,175040,585546,Gualberto Demethryus,active,8563648,8563648,175040,,
175041,175041,585547,Saul Tendler,active,8563649,8563649,175041,,
175042,175042,585549,Betty Krieger,active,8563650,8563650,175042,,
175043,175043,585550,Hayran Camarão,active,8563651,8563651,175043,,
175044,175044,585551,Ferreira Marculino,active,8563652,8563652,175044,,
175045,175045,585552,Emil Calegari,active,8563653,8563653,175045,,
175046,175046,585553,Batatinha Delfim,active,8563654,8563654,175046,,
175047,175047,585554,Inri Galeazzi,active,8563655,8563655,175047,,
175048,175048,585555,Olympio Baracioli,active,8563656,8563656,175048,,
175049,175049,585556,Werik Naftal,active,8563657,8563657,175049,,
175050,175050,585557,Saymom Lago,active,8563658,8563658,175050,,
175051,175051,585558,Valdinho Simião,active,8563659,8563659,175051,,
175052,175052,585559,Edir Perri,active,8563660,8563660,175052,,
175053,175053,585561,Patricio Mansur,active,8563661,8563661,175053,,
175054,175054,585564,Martim Turco,active,8563662,8563662,175054,,
175055,175055,585565,Clayton Marreco,active,8563663,8563663,175055,,
175056,175056,585568,Lazaro Clark,active,8563664,8563664,175056,,
175057,175057,585569,Anderson Bosingwa,active,8563665,8563665,175057,,
175058,175058,585571,Jocinei Tamandare,active,8563666,8563666,175058,,
175059,175059,585572,Jaques Palafoz,active,8563667,8563667,175059,,
175060,175060,585573,Alagoano Rezende,active,8563668,8563668,175060,,
175061,175061,585574,Islony Reidy,active,8563669,8563669,175061,,
175062,175062,585575,Rivaldinho Poffo,active,8563670,8563670,175062,,
175063,175063,585576,Raymilson Wingert,active,8563671,8563671,175063,,
175064,175064,585577,Gauss Meurer,active,8563672,8563672,175064,,
175065,175065,585578,Gilton Henal,active,8563673,8563673,175065,,
175066,175066,585581,Cidinho Nassom,active,8563674,8563674,175066,,
175067,175067,585585,Hegon Tabuaço,active,8563675,8563675,175067,,
175068,175068,585588,Diguinho Brígido,active,8563676,8563676,175068,,
175092,175092,585589,Kaiky Absaber,active,8563700,8563700,175092,,
175093,175093,585595,Dalbert Lodi,active,8563701,8563701,175093,,
175094,175094,585600,Reydson Fabro,active,8563702,8563702,175094,,
175095,175095,585601,Miguel Lazaretti,active,8563703,8563703,175095,,
175096,175096,585602,Zorion Lacerda,active,8563704,8563704,175096,,
175097,175097,585603,Talles Krieger,active,8563705,8563705,175097,,
175098,175098,585604,Jamerson Aflalo,active,8563706,8563706,175098,,
175099,175099,585606,Gleyson Honório,active,8563707,8563707,175099,,
175100,175100,585607,Neilton Paraizo,active,8563708,8563708,175100,,
175101,175101,585609,Nicolao Mendes,active,8563709,8563709,175101,,
175102,175102,585610,Kelvenny Bardi,active,8563710,8563710,175102,,
175103,175103,585611,Horacio Stopira,active,8563711,8563711,175103,,
175104,175104,585613,Cayo Galvão,active,8563712,8563712,175104,,
175105,175105,585614,Luizinho Djaló,active,8563713,8563713,175105,,
175106,175106,585615,Keti Cravo,active,8563714,8563714,175106,,
175107,175107,585617,Tiradentes Ninte,active,8563715,8563715,175107,,
175108,175108,585618,Elielton Acosta,active,8563716,8563716,175108,,
175109,175109,585620,Dercy Correa,active,8563717,8563717,175109,,
175110,175110,585621,Leónidas Kunde,active,8563718,8563718,175110,,
175111,175111,585623,Odisseu Leite,active,8563719,8563719,175111,,
175112,175112,585624,Hegon Lenho,active,8563720,8563720,175112,,
175113,175113,585625,Leilson Carné,active,8563721,8563721,175113,,
175114,175114,585634,Zumbi Crivellaro,active,8563722,8563722,175114,,
175253,175253,585641,Thiaguinho Fialho,active,8563861,8563861,175253,,
175254,175254,585643,Rosinei Barradas,active,8563862,8563862,175254,,
175255,175255,585661,Joãozinho Carriço,active,8563863,8563863,175255,,
175256,175256,585663,Gualter Lustosa,active,8563864,8563864,175256,,
175257,175257,585666,Anselmo Bernardino,active,8563865,8563865,175257,,
175258,175258,585673,Clodovil Prioste,active,8563866,8563866,175258,,
175259,175259,585675,Derley Mazoti,active,8563867,8563867,175259,,
175260,175260,585677,Luanderson Delfim,active,8563868,8563868,175260,,
175261,175261,585678,Khellven Dores,active,8563869,8563869,175261,,
175262,175262,585679,Elon Seixas,active,8563870,8563870,175262,,
175263,175263,585682,Elízio Voloch,active,8563871,8563871,175263,,
175264,175264,585685,Aderlan Banjaqui,active,8563872,8563872,175264,,
175265,175265,585687,Décio França,active,8563873,8563873,175265,,
175266,175266,585690,Benjamin Torrão,active,8563874,8563874,175266,,
175267,175267,585693,Bambam Paixão,active,8563875,8563875,175267,,
175268,175268,585702,Helinho Iseppe,active,8563876,8563876,175268,,
175269,175269,585708,Anibal Mardley,active,8563877,8563877,175269,,
175270,175270,585714,Andrey Loreto,active,8563878,8563878,175270,,
175271,175271,585715,Ronaldy Caiser,active,8563879,8563879,175271,,
175272,175272,585730,Rhaldney Fauth,active,8563880,8563880,175272,,
175273,175273,585732,Seu Triguinho,active,8563881,8563881,175273,,
175274,175274,585738,Darley Thiesen,active,8563882,8563882,175274,,
175275,175275,585739,Agner Cachoeira,active,8563883,8563883,175275,,
175345,175345,585740,Pablo Toledo,active,175345,175345,175345,,
175351,533421,533421,Jeremy Monga,active,175351,175351,533421,,533421
175367,175367,585743,Edimer Zea,active,175367,175367,175367,,
175369,175369,585745,Elías Romero,active,175369,175369,175369,,
175371,175371,585748,Favour Fawunmi,active,175371,175371,175371,,
175375,175375,585749,Martín Jiménez,active,175375,175375,175375,,
175376,175376,585750,Cristóbal Sepúlveda,active,175376,175376,175376,,
175377,175377,585751,Fabricio Díaz,active,175377,175377,175377,,
175378,175378,585752,Martin Zepeda,active,175378,175378,175378,,
175386,175386,585753,Efe Doğan,active,175386,175386,175386,,
175400,175400,585754,Samuel Kotto,active,175400,175400,175400,,
175402,175402,585756,Neil Volken,active,175402,175402,175402,,
175403,175403,585757,Beyatt Lekoueiry,active,175403,175403,175403,,
175404,175404,585758,Tanguy Ahile,active,175404,175404,175404,,
175407,651326,651326,Diogo Costa,active,175407,175407,651326,,651326
175410,175410,585761,Zach Mitchell,active,175410,175410,175410,,
175414,175414,585763,João Carvalho,active,175414,175414,175414,,
175418,175418,585767,Nadson,active,175418,175418,175418,,
175423,175423,585780,Joel Ideho,active,175423,175423,175423,,
175424,175424,585781,Nidal Čelik,active,175424,175424,175424,,
175425,175425,585784,Zoumana Diallo,active,175425,175425,175425,,
175429,175429,585787,Hayato Watanabe,active,175429,175429,175429,,
175431,175431,585788,Taiga Seguchi,active,175431,175431,175431,,
175433,175433,585790,Batuhan Yavuz,active,175433,175433,175433,,
175434,103655,103655,Sean Neave,active,175434,175434,103655,,103655
175439,175439,585791,Adrián Malovec,active,175439,175439,175439,,
175440,175440,585793,Endika Buján,active,175440,175440,175440,,
175441,114175,114175,Tobias v.den Elshout,active,175441,175441,114175,,114175
175443,175443,585796,Sem van Duijn,active,175443,175443,175443,,
175447,175447,585798,Shuta Sasa,active,175447,105844100476247,175447,,
175454,175454,585812,David Martins,active,175454,175454,175454,,
175455,175455,585813,Dell,active,175455,175455,175455,,
175457,175457,585815,Ignacio Ovando,active,175457,175457,175457,,
175460,175460,585819,Ayrton Joel Medina,active,175460,175460,175460,,
175461,175461,585856,Adrián Fernández,active,175461,175461,175461,,
175463,533426,533426,Tomás Aranda,active,175463,175463,533426,,533426
175467,533455,533455,Leonel Flores,active,175467,175467,533455,,533455
175470,175470,585865,Shion Shinkawa,active,175470,105786386853230,175470,,
175474,175474,585866,Luciano Vallejo,active,175474,175474,175474,,
175479,175479,585868,Ryo Senda,active,175479,175479,175479,,
175481,175481,585869,Morten Bjørlo,active,175481,175481,175481,,
175483,175483,585871,Ivan Brnić,active,175483,53977806974331,175483,,
175484,116585,116585,Furkan Koçak,active,175484,175484,116585,,116585
175491,101899,101899,Chido Obi,active,175491,175491,101899,,101899
175492,118299,118299,Sékou Koné,active,175492,175492,118299,,118299
175493,111318,111318,Jack Moorhouse,active,175493,175493,111318,,111318
175494,175494,585878,Mathias Jensen,active,175494,175494,175494,,
175495,175495,585882,Jacob Ambæk,active,175495,175495,175495,,
175496,175496,585907,Yanis Rafii,active,175496,175496,175496,,
175510,175510,585917,Luis Eduardo,active,175510,175510,175510,,
175515,175515,585925,Soriba Diaoune,active,175515,175515,175515,,
175516,175516,585929,Andrey Krastev,active,175516,175516,175516,,
175519,175519,585931,José Janderson,active,175519,175519,175519,,
175531,175531,585935,Miguel Amaya,active,175531,175531,175531,,
175532,175532,585952,Marlon Balanta,active,175532,175532,175532,,
175536,175536,585953,Louis Buffon,active,175536,175536,175536,,
175539,118594,118594,Mario Rivas,active,175539,175539,118594,,118594
175540,109127,109127,Pol Fortuny,active,175540,175540,109127,,109127
175542,175542,585960,Caio Valle,active,175542,175542,175542,,
175547,175547,585962,Cauã Zappelini,active,175547,175547,175547,,
175548,175548,585963,Kauan Toledo,active,175548,175548,175548,,
175550,175550,585966,Guido Segura,active,175550,175550,175550,,
175555,175555,585969,Ahmed Qasem,active,175555,175555,175555,,
175573,128454,128454,José Augusto Silva,active,175573,175573,128454,,128454
175584,175584,585971,Cole McGhee,active,175584,175584,175584,,
175585,175585,585976,Luca Babino,active,175585,175585,175585,,
175587,175587,585979,Facundo Guch,active,175587,175587,175587,,
175588,175588,585981,Abdoulaye Camara,active,175588,175588,175588,,
175590,175590,585982,Pedro Fidel,active,175590,175590,175590,,
175592,175592,585985,Oliver Jones,active,175592,175592,175592,,
175599,540378,540378,Melquiades Baguer,active,8564207,175599,540378,,540378
175621,175621,585987,Markus Walker,active,175621,175621,175621,,
175625,175625,585990,Nathakorn R.,active,175625,175625,175625,,
175677,175677,585991,Maurilio Antão,active,8564285,8564285,175677,,
175678,175678,585998,Nene Moraes,active,8564286,8564286,175678,,
175679,175679,586002,Ferreira Alves,active,8564287,8564287,175679,,
175680,175680,586003,Kainandro Franco,active,8564288,8564288,175680,,
175681,175681,586004,Oduvaldo Cachoeira,active,8564289,8564289,175681,,
175682,175682,586008,Sidny Bitello,active,8564290,8564290,175682,,
175683,175683,586010,Dodozinho Bessa,active,8564291,8564291,175683,,
175684,175684,586013,Jucilei Vigário,active,8564292,8564292,175684,,
175685,175685,586288,Aldomiro Melo,active,8564293,8564293,175685,,
175686,175686,586295,Levine Vieira,active,8564294,8564294,175686,,
175687,175687,586296,Dedê Zeferino,active,8564295,8564295,175687,,
175688,175688,586300,Getulio Djaló,active,8564296,8564296,175688,,
175689,175689,586301,Jeffinho Dentinho,active,8564297,8564297,175689,,
175690,175690,586304,Mike Carné,active,8564298,8564298,175690,,
175691,175691,587333,Severino Baraka,active,8564299,8564299,175691,,
175692,175692,587357,Petric Laranjeira,active,8564300,8564300,175692,,
175693,175693,587361,Adrian Clark,active,8564301,8564301,175693,,
175694,175694,587368,Thiago Rosário,active,8564302,8564302,175694,,
175695,175695,587383,Dercy Padilha,active,8564303,8564303,175695,,
175696,175696,587394,Milson Portinari,active,8564304,8564304,175696,,
175697,175697,587401,Valdeci Sodre,active,8564305,8564305,175697,,
175698,175698,587403,Naldo Camejo,active,8564306,8564306,175698,,
175699,175699,587410,Jussimar Freitas,active,8564307,8564307,175699,,
175747,175747,587427,Theo Carroll,active,175747,175747,175747,,
175752,175752,587434,Yusuf Karademir,active,175752,175752,175752,,
175757,175757,587453,Nickolas Pino,active,175757,175757,175757,,
175758,175758,587463,Jeffrey Sekgota,active,175758,175758,175758,,
175760,175760,587475,Sebastián Arancibia,active,175760,175760,175760,,
175765,175765,587478,Renan Peixoto,active,175765,175765,175765,,
175769,175769,587479,Charly Villegas,active,175769,175769,175769,,
175770,175770,587480,Gonzalo Bordón,active,175770,175770,175770,,
175772,175772,587481,Marco Cassin,active,175772,175772,175772,,
175777,175777,587489,Bung Hua Freimann,active,175777,175777,175777,,
175782,175782,587496,Leonardo Diaz,active,175782,175782,175782,,
175786,175786,587513,Ian Alegría,active,175786,175786,175786,,
175791,175791,587514,Gabriel Jesus David,active,175791,175791,175791,,
175792,175792,587515,Orseer Achihi,active,175792,175792,175792,,
175794,175794,587523,Yussif Saidu,active,175794,175794,175794,,
175795,175795,587526,Mateus Mané,active,175795,55070607716019,175795,,
175796,175796,587527,Rayan Fofana,active,175796,175796,175796,,
175804,175804,587536,Hian Rincon,active,175804,175804,175804,,
175813,175813,587554,Lee Min-Ki,active,175813,175813,175813,,
175815,175815,587559,Kirian Troncoso,active,8564423,8564423,175815,,
175816,175816,587565,Robin Mirisola,active,175816,175816,175816,,
175818,175818,587567,Stephen Acquah,active,175818,175818,175818,,
175856,540918,540918,Youssef Al Tahan,active,16953072,16953072,540918,,540918
175865,175865,587569,Owen Eames,active,175865,175865,175865,,
175872,175872,587571,Amaro León,active,175872,175872,175872,,
175873,175873,587573,Exequiel Bustamante,active,175873,175873,175873,,
175876,143273,143273,Jose Hernandez,active,175876,175876,143273,,143273
175880,175880,587575,Ange Martial Tia,active,175880,175880,175880,,
175890,175890,587581,W. Ndollo Bille,active,175890,175890,175890,,
175891,175891,587585,Foly Amegatse,active,175891,175891,175891,,
175896,175896,587589,Kai Jansen,active,175896,175896,175896,,
175900,175900,587590,Bohdan Isachenko,active,175900,175900,175900,,
175903,175903,587594,Amadou Coundoul,active,175903,175903,175903,,
175905,175905,587596,George Evans,active,175905,175905,175905,,
175915,175915,587597,Rafael Acuña,active,175915,175915,175915,,
175923,175923,587598,Sacha Lung,active,175923,175923,175923,,
175936,175936,587602,Diego Martín,active,175936,175936,175936,,
175950,175950,587608,Reggie Walsh,active,175950,175950,175950,,
175953,175953,587609,Hamidou Makalou,active,175953,175953,175953,,
175954,175954,587610,Stephan Zagadou,active,175954,175954,175954,,
175961,175961,587611,Teo Rodríguez Pagano,active,175961,175961,175961,,
175963,175963,587614,Francisco Scarpeccio,active,175963,175963,175963,,
175969,175969,587618,Wassim Bouziane,active,175969,175969,175969,,
175974,175974,587619,Joi Nuredini,active,175974,175974,175974,,
175977,175977,587627,Ilias Ben Sadik,active,175977,175977,175977,,
175985,175985,587628,Hindolo Mustapha,active,175985,175985,175985,,
175992,175992,587632,Ghianny Kodia,active,175992,175992,175992,,
175993,175993,587635,Ander Izagirre,active,175993,175993,175993,,
175994,644147,644147,Sergio Lozano,active,175994,175994,644147,,644147
175998,175998,587636,Villum Berthelsen,active,175998,175998,175998,,
175999,175999,587645,Prince Amoako,active,175999,175999,175999,,
176000,176000,587650,Marvyn Muzungu,active,176000,176000,176000,,
176001,176001,587654,Hasan İlçin,active,176001,176001,176001,,
176006,176006,587658,Robinho Júnior,active,176006,176006,176006,,
176008,540928,540928,Abdulaziz Jurmush,active,16953224,16953224,540928,,540928
176010,540932,540932,Saad Al Muthary,active,16953226,16953226,540932,,540932
176011,540934,540934,Saleh Ali Barnawi,active,16953227,16953227,540934,,540934
176012,540937,540937,Bassam Hazazi,active,16953228,16953228,540937,,540937
176015,176015,587659,Renato González,active,176015,176015,176015,,
176023,176023,587660,Sebastián Mosquera,active,176023,176023,176023,,
176024,176024,587670,Everton Maceió,active,176024,176024,176024,,
176029,176029,587671,Timoteo Chamorro,active,176029,176029,176029,,
176040,176040,587673,Kakuma Tadano,active,176040,176040,176040,,
176053,565213,565213,Alex Teixeira,active,176053,176053,565213,,565213
176067,176067,587674,Amine Ouahabi,active,176067,176067,176067,,
176073,176073,587680,Galo Galarza,active,176073,176073,176073,,
176076,176076,587681,Thiago González,active,176076,176076,176076,,
176077,176077,587683,Máximo Desábato,active,176077,176077,176077,,
176079,176079,587684,Tiziano Van Der Tuin,active,176079,176079,176079,,
176080,176080,587686,Santiago Daniele,active,176080,176080,176080,,
176087,176087,587688,Yu Nakada,active,176087,176087,176087,,
176094,176094,587693,Rea Ishizuka,active,176094,176094,176094,,
176095,176095,587697,Yua Kai,active,176095,176095,176095,,
176097,129408,129408,Charlie Tasker,active,176097,176097,129408,,129408
176102,176102,587698,Taiyo Yoneda,active,176102,176102,176102,,
176104,176104,587702,Gaël Llodra,active,8564712,56164297650152,176104,,
176107,176107,587704,Yuji Doi,active,176107,176107,176107,,
176109,176109,587705,Boran Başkan,active,176109,176109,176109,,
176111,626867,626867,Jon García,active,176111,176111,626867,,626867
176113,176113,587714,Oskar Haugstrup,active,176113,176113,176113,,
176115,176115,587716,Hjalte Boe Rasmussen,active,176115,176115,176115,,
176116,176116,587717,Mikkel Øxenberg,active,176116,176116,176116,,
176119,176119,587718,Bruninho,active,176119,176119,176119,,
176122,176122,587731,Dimas Filho,active,176122,176122,176122,,
176123,176123,587733,Cássio Acosta,active,176123,176123,176123,,
176125,176125,587736,Ignacio Perruzzi,active,176125,176125,176125,,
176127,533481,533481,Thomás de Martis,active,176127,176127,533481,,533481
176128,176128,587740,Tobías Quiroz,active,176128,176128,176128,,
176130,126665,126665,Agustín Obregón,active,176130,176130,126665,,126665
176134,176134,587744,Kevin Angulo,active,176134,176134,176134,,
176139,176139,587745,Elias Rojas,active,176139,176139,176139,,
176142,176142,587747,Martín Espinoza,active,176142,176142,176142,,
176143,176143,587750,José Alburquenque,active,176143,176143,176143,,
176145,131375,131375,Diego Vargas,active,176145,176145,131375,,131375
176148,176148,587753,Mateo Cienfuegos,active,176148,176148,176148,,
176151,176151,587755,Lautaro Mora,active,176151,176151,176151,,
176154,176154,587758,Thaiel Peralta,active,176154,176154,176154,,
176157,176157,587762,Facundo Kalinger,active,176157,176157,176157,,
176166,176166,587764,Titouan Nihouarn,active,176166,176166,176166,,
176176,176176,587769,Ethan Bruchez,active,176176,176176,176176,,
176179,176179,587771,Rudy Matondo,active,176179,176179,176179,,
176187,176187,587777,Erick Machado,active,176187,176187,176187,,
176191,533514,533514,Luis Pacheco,active,176191,176191,533514,,533514
176198,176198,587783,Gibert Jordana,active,176198,176198,176198,,
176209,176209,587784,Nicolas,active,176209,176209,176209,,
176211,653309,653309,Tetê,active,176211,176211,653309,,653309
176213,176213,587785,Djhordney,active,176213,176213,176213,,
176219,107929,107929,Matteo Lavelli,active,176219,176219,107929,,107929
176223,176223,587788,Marquinhos,active,176223,176223,176223,,
176230,176230,587789,Omar Falah,active,176230,176230,176230,,
176243,176243,587793,Álex Verón,active,176243,176243,176243,,
176245,176245,587796,Álvaro Busso,active,176245,176245,176245,,
176248,176248,587797,Leo Cristaldo,active,176248,176248,176248,,
176250,533530,533530,Tobías Andrada,active,176250,176250,533530,,533530
176251,176251,587808,Demián Domínguez,active,176251,176251,176251,,
176252,176252,587811,Dilan Godoy,active,176252,176252,176252,,
176253,176253,587824,Agustín Cortez,active,176253,176253,176253,,
176254,176254,587827,Giovanni Baroni,active,176254,176254,176254,,
176258,176258,587830,Emiliano Chiavassa,active,176258,176258,176258,,
176259,176259,587848,Ignacio Alastra,active,176259,176259,176259,,
176266,176266,587851,Yannick Gerritsen,active,176266,176266,176266,,
176268,176268,587862,Taito Kanda,active,176268,176268,176268,,
176270,176270,587865,Yuzuki Kobayashi,active,176270,176270,176270,,
176271,176271,587869,Matthew Edward,active,176271,176271,176271,,
176272,176272,587870,Sonosuke Sato,active,176272,176272,176272,,
176275,176275,587873,Muku Fukuta,active,176275,176275,176275,,
176278,533532,533532,Renato Nhaga,active,176278,176278,533532,,533532
176281,176281,587874,Ekaitz Redondo,active,176281,176281,176281,,
176287,176287,587879,Olabade Aluko,active,176287,176287,176287,,
176288,176288,587880,Errol Mundle-Smith,active,176288,176288,176288,,
176290,131063,131063,Freddie Simmonds,active,176290,176290,131063,,131063
176291,125229,125229,Harry Howell,active,176291,176291,125229,,125229
176296,176296,587881,Jhon Rentería,active,176296,176296,176296,,
176297,176297,587885,Yoon Sung-Jun,active,176297,105845442654377,176297,,
176299,176299,587886,Rinsei Ohata,active,176299,176299,176299,,
176301,176301,587892,Mathys de Carvalho,active,176301,176301,176301,,
176303,123936,123936,Rydnn McGuire,active,176303,176303,123936,,123936
176310,176310,587895,Landon Emenalo,active,176310,176310,176310,,
176312,176312,587898,Amar Sanghrajka,active,176312,176312,176312,,
176334,176334,587899,Kyo Hosoi,active,176334,176334,176334,,
176335,176335,587910,Souta Tsukuda,active,176335,176335,176335,,
176336,176336,587912,Ronaldo Julio,active,176336,176336,176336,,
176337,176337,587913,Deivid Castro,active,176337,176337,176337,,
176341,120642,120642,Noham Kamara,active,176341,176341,120642,,120642
176342,176342,587914,Telli Siwe,active,176342,176342,176342,,
176343,176343,587917,Ramiro Paunero,active,176343,176343,176343,,
176372,176372,587934,Andrea Franzoni,active,176372,176372,176372,,
176374,176374,587941,Matteo Carbone,active,176374,176374,176374,,
176375,176375,587949,Umberto Ghio,active,176375,176375,176375,,
176377,176377,587954,Antonio Boccadamo,active,176377,176377,176377,,
176378,176378,587955,Elhdji Thioune,active,176378,176378,176378,,
176379,176379,587963,Leonardo Tiana,active,176379,176379,176379,,
176381,176381,587964,Maguette Fall,active,176381,176381,176381,,
176382,176382,587968,Gabriele Costa,active,176382,176382,176382,,
176383,176383,587972,Andrea Bottaro,active,176383,176383,176383,,
176386,176386,587974,Dorian Derbaci,active,176386,176386,176386,,
176395,176395,587976,Benoit De Jaegere,active,176395,176395,176395,,
176396,533536,533536,Tochukwu Nnadi,active,176396,176396,533536,,533536
176397,176397,587984,Stavros Gavriel,active,176397,176397,176397,,
176398,176398,587985,Thibaud Sergeant,active,176398,176398,176398,,
176399,176399,587986,Tobias Hedl,active,176399,176399,176399,,
176401,176401,587987,Wilguens Paugain,active,176401,176401,176401,,
176402,176402,587990,Franz Tangala,active,176402,176402,176402,,
176406,176406,587993,Jeppe Erenbjerg,active,176406,176406,176406,,
176407,176407,587994,Siebe Van Keymolen,active,176407,176407,176407,,
176410,176410,588002,Yannick Cappelle,active,176410,176410,176410,,
176411,176411,588006,Álex Costa,active,176411,176411,176411,,
176420,176420,588007,Tarık Buğra Kalpaklı,active,176420,176420,176420,,
176427,176427,588009,Kerem Özmen,active,176427,176427,176427,,
176428,176428,588014,Barış Kalaycı,active,176428,176428,176428,,
176432,176432,588018,Muhammed Kadıoğlu,active,176432,176432,176432,,
176447,176447,588022,Marc Gutbub,active,176447,176447,176447,,
176448,176448,588026,Ethan Meichtry,active,176448,176448,176448,,
176449,176449,588027,Dario Wälti,active,176449,176449,176449,,
176456,176456,588034,Brandon Bokangu,active,176456,176456,176456,,
176457,176457,588035,Kenzo Noel,active,176457,176457,176457,,
176460,176460,588036,Walid Bouabdeli,active,176460,176460,176460,,
176461,176461,588037,Enzo Tacafred,active,176461,176461,176461,,
176466,176466,588045,Richard Kone,active,176466,176466,176466,,
176473,176473,588047,Marcus Eskildsen,active,176473,176473,176473,,
176476,176476,588051,Gabin Bernardeau,active,176476,176476,176476,,
176479,176479,588053,Jérémie Matumona,active,176479,176479,176479,,
176488,176488,588066,Evan Myles,active,176488,176488,176488,,
176519,176519,588071,Zaid Betteka,active,176519,176519,176519,,
176536,176536,588094,Álvaro Martínez,active,176536,176536,176536,,
176565,128443,128443,Alessio Cacciamani,active,176565,176565,128443,,128443
176566,176566,588095,Alessio Baralla,active,176566,176566,176566,,
176573,176573,588104,Axel Willockx,active,176573,176573,176573,,
176580,121296,121296,João Veloso,active,176580,176580,121296,,121296
176585,176585,588146,Prosper Peter,active,176585,176585,176585,,
176596,176596,588153,Yiğithan Çubukcu,active,176596,176596,176596,,
176600,176600,588155,Demian Troya,active,176600,176600,176600,,
176601,114245,114245,Bendito Mantato,active,176601,176601,114245,,114245
176603,176603,588159,Jake Griffin,active,176603,176603,176603,,
176606,176606,588162,Vicente Belmar,active,176606,176606,176606,,
176615,176615,588184,Cyrill May,active,176615,176615,176615,,
176616,176616,588187,C. Kai Ezemuokwe,active,176616,176616,176616,,
176617,176617,588195,Yeison Osorio,active,176617,176617,176617,,
176619,176619,588199,Ilan Daf,active,176619,176619,176619,,
176620,176620,588204,Nathan Talbot,active,176620,176620,176620,,
176621,176621,588991,Moncef Zekri,active,176621,176621,176621,,
176623,176623,588992,Jorge de Asís,active,176623,176623,176623,,
176629,176629,588993,René Mitongo,active,176629,176629,176629,,
176633,176633,588994,Ilan Jourdren,active,176633,176633,176633,,
176636,176636,588995,Ilyas Azizi,active,176636,176636,176636,,
176646,176646,588996,Alhaji Bah,active,176646,176646,176646,,
176647,176647,588997,Minato Yoshida,active,176647,176647,176647,,
176656,176656,588998,Lanroy Machine,active,176656,176656,176656,,
176657,176657,588999,Almami Touré,active,176657,176657,176657,,
176659,176659,589000,Alejandro Rego,active,176659,176659,176659,,
176660,176660,589001,Iker Varela,active,176660,176660,176660,,
176662,176662,589002,J. Ignacio Carrasco,active,176662,176662,176662,,
176665,176665,589003,Erol Çolak,active,176665,176665,176665,,
176669,176669,589004,Daniel Bernabéu,active,176669,176669,176669,,
176670,176670,589005,Stefen Tchamche,active,176670,176670,176670,,
176672,120070,120070,Wassim Slama,active,176672,176672,120070,,120070
176673,123411,123411,Quentin Ndjantou,active,176673,176673,123411,,123411
176674,176674,589006,Matthias da Silva,active,176674,176674,176674,,
176676,119466,119466,Sean McArdle,active,176676,176676,119466,,119466
176679,176679,589007,Halam Loboa,active,176679,176679,176679,,
176683,48108,48108,Fabian Nürnberger,active,176683,176683,48108,,48108
176685,60174,60174,Thalente Mbatha,active,176685,176685,60174,,60174
176686,61207,61207,Yustin Arboleda,active,176686,176686,61207,,61207
176688,176688,589008,Yeong Taeyong,active,8565296,8565296,176688,,
176689,176689,589010,Hyeong Idal,active,8565297,8565297,176689,,
176690,176690,589022,Nan Jihyo,active,8565298,8565298,176690,,
176691,176691,589024,Gyeon Bugi,active,8565299,8565299,176691,,
176692,176692,589027,Mojtaba Samad,active,8565300,8565300,176692,,
176693,176693,589038,Adan Imad Aldin,active,8565301,8565301,176693,,
176694,176694,589054,Hossein Azmi,active,8565302,8565302,176694,,
176695,176695,589055,Gulzar Abdal Muti,active,8565303,8565303,176695,,
176696,176696,589062,Saif Melhem,active,8565304,8565304,176696,,
176697,540938,540938,Hamad Al-Meqbaali,active,16953913,8565305,540938,,540938
176698,176698,589064,Diego Arroyo,active,176698,176698,176698,,
176699,176699,589065,Moisés Paniagua,active,176699,176699,176699,,
176700,176700,589072,Francis de Vries,active,176700,176700,176700,,
176701,176701,589079,James Sissons,active,176701,176701,176701,,
176702,176702,589080,Mihajlo Cvetković,active,176702,176702,176702,,
176705,176705,589081,Ose Takaki,active,176705,176705,176705,,
176734,176734,589083,Léo Gaúcho,active,176734,176734,176734,,
176736,176736,589084,Umut İslamoğlu,active,176736,176736,176736,,
176737,176737,589085,Emirhan Ünal,active,176737,176737,176737,,
176738,176738,589086,Ensar Kemaloğlu,active,176738,176738,176738,,
176743,176743,589087,Ebrar Aydın,active,176743,176743,176743,,
176744,176744,589088,Berk Çukurcu,active,176744,176744,176744,,
176751,176751,589237,Theekawin Chansri,active,176751,176751,176751,,
176757,176757,589333,Narakhorn Kangkratok,active,176757,176757,176757,,
176818,176818,589337,Dan Happe,active,176818,176818,176818,,
176826,176826,589339,Charles Herrmann,active,176826,176826,176826,,
176847,176847,589340,Teddy Averlant,active,176847,176847,176847,,
176850,176850,589345,Souleymane Keita,active,176850,176850,176850,,
176855,176855,589346,Álex Rubio,active,176855,176855,176855,,
176864,176864,589349,Ibrahim Fullah,active,176864,176864,176864,,
176868,176868,589350,Tyreece Campbell,active,176868,176868,176868,,
176871,176871,589351,Alan Mwamba,active,176871,176871,176871,,
176873,176873,589353,Miles Leaburn,active,176873,176873,176873,,
176893,176893,589354,Tyrique Mercera,active,176893,176893,176893,,
176950,176950,589355,Jayden Fevrier,active,176950,176950,176950,,
176966,176966,589356,José Tavares,active,176966,176966,176966,,
176967,176967,589359,Kauã Moraes,active,176967,176967,176967,,
176975,176975,589364,Ibrahim Alani,active,176975,176975,176975,,
176977,581637,581637,Gerard Moreno,active,176977,176977,581637,,581637
176980,176980,589365,Mohammed El Âdfaoui,active,176980,176980,176980,,
176985,114615,114615,Lucas Núñez,active,176985,176985,114615,,114615
176991,176991,589367,Yeider García,active,176991,176991,176991,,
176996,176996,589368,Mattia Rizzo,active,176996,176996,176996,,
176997,176997,589369,Tómas Ó.Kristjánsson,active,176997,176997,176997,,
177000,177000,589372,Edoardo Cavaliere,active,177000,177000,177000,,
177073,177073,589377,João Alencar,active,177073,177073,177073,,
177075,177075,589390,Hikaru Maeda,active,177075,177075,177075,,
177077,177077,589391,Jhon Valoyes,active,177077,177077,177077,,
177078,177078,589422,Carlos Nemocón,active,177078,177078,177078,,
177079,177079,589430,Jhon Rentería,active,177079,177079,177079,,
177087,177087,589483,Lander Pinillos,active,177087,177087,177087,,
177094,177094,589500,Arturo Rodríguez,active,177094,177094,177094,,
177095,177095,589526,Josito González,active,177095,177095,177095,,
177096,177096,589528,Ali Osman Kalın,active,177096,177096,177096,,
177097,177097,589540,Adrien Llukes,active,177097,177097,177097,,
177101,177101,589546,Arda Altun,active,177101,177101,177101,,
177103,177103,589552,Lamine Gueye,active,177103,177103,177103,,
177104,177104,589568,David Moreira,active,177104,177104,177104,,
177107,533574,533574,Shea Lacey,active,177107,177107,533574,,533574
177108,177108,589579,Jim Thwaites,active,177108,177108,177108,,
177109,533579,533579,Tyler Fletcher,active,177109,177109,533579,,533579
177126,177126,589592,Shohei Takemoto,active,177126,177126,177126,,
177127,177127,589603,Marc Delgado,active,177127,177127,177127,,
177130,177130,589622,İsmail Esat Buğa,active,177130,177130,177130,,
177136,177136,589623,Hugo Pinilla,active,177136,177136,177136,,
177140,177140,589624,Renji Hidano,active,177140,177140,177140,,
177143,177143,589625,Vitor Lamounier,active,177143,177143,177143,,
177149,177149,589626,Simón Zapata,active,177149,177149,177149,,
177153,177153,589627,Taha Emre İnce,active,177153,177153,177153,,
177167,177167,589628,Lorenzo Berardi,active,177167,177167,177167,,
177174,533596,533596,Antonio Arena,active,177174,177174,533596,,533596
177176,177176,589629,Nicolò Profeta,active,177176,177176,177176,,
177215,177215,589630,Ármin Pécsi,active,177215,177215,177215,,
177223,177223,589631,Vitinho,active,177223,177223,177223,,
177225,177225,589632,Kaiji Chonan,active,177225,177225,177225,,
177233,177233,589633,Hervin Goyes,active,177233,177233,177233,,
177234,177234,589634,Patrick Preciado,active,177234,177234,177234,,
177235,177235,589635,Ayoni Santos,active,177235,177235,177235,,
177236,177236,589636,Mário Sauer,active,177236,177236,177236,,
177237,177237,589637,Kokoro Kobayashi,active,177237,177237,177237,,
177248,177248,589638,Santiago Colonia,active,177248,177248,177248,,
177249,177249,589639,Mateo Benítez,active,177249,177249,177249,,
177256,177256,624289,Matija Mitrović,active,177256,177256,177256,,
177257,177257,624294,Bautista Dadín,active,177257,177257,177257,,
177261,177261,624300,Rui Silva,active,177261,177261,177261,,
177262,177262,624308,Rafael Luís,active,177262,177262,177262,,
177268,177268,624339,Gil Martins,active,177268,177268,177268,,
177270,177270,624341,Taiga Nagai,active,177270,177270,177270,,
177273,177273,624347,Jesús Fortea,active,177273,177273,177273,,
177277,177277,624349,Takeshi Wada,active,177277,177277,177277,,
177278,177278,624359,Yoshitaka Tanaka,active,177278,177278,177278,,
177280,177280,624368,Kento Nishioka,active,177280,177280,177280,,
177284,177284,624376,Rayan Elloumi,active,177284,177284,177284,,
177286,650733,650733,Joaquín Muñoz,active,177286,177286,650733,,650733
177288,177288,624383,Matías Orozco,active,177288,177288,177288,,
177290,177290,624387,Santiago Martínez,active,177290,177290,177290,,
177302,177302,624389,Salvi Esquivel,active,177302,177302,177302,,
177313,177313,624391,Enoch Owusu,active,177313,177313,177313,,
177316,177316,624393,Lorenzo Malanca,active,177316,177316,177316,,
177317,177317,624399,Emmanuel Gyamfi,active,177317,177317,177317,,
177319,177319,624400,Jonathan Moalem,active,177319,177319,177319,,
177320,177320,624402,Jhan Mena,active,177320,177320,177320,,
177321,177321,624403,Jakob Romsaas,active,177321,177321,177321,,
177322,177322,624405,Nicolò Tresoldi,active,177322,177322,177322,,
177323,177323,624409,Marius Broholm,active,177323,177323,177323,,
177325,177325,624411,Bismark Edjeodji,active,177325,177325,177325,,
177326,177326,624419,Yevhen Morozov,active,177326,177326,177326,,
177330,177330,624420,Max Weiß,active,177330,177330,177330,,
177331,177331,624421,Lassana Traoré,active,177331,177331,177331,,
177335,177335,624422,Zander McAllister,active,177335,177335,177335,,
177340,177340,624423,Dominik Sarapata,active,177340,177340,177340,,
177341,177341,624428,Liam West,active,177341,177341,177341,,
177342,177342,624430,Tiziano Perrotta,active,177342,177342,177342,,
177344,177344,624432,Furkan Orak,active,177344,177344,177344,,
177345,177345,624435,Ibrahim Kaya,active,177345,177345,177345,,
177350,177350,624438,Ibrahima Diaby,active,177350,177350,177350,,
177351,177351,624441,Valy Konaté,active,177351,177351,177351,,
177358,177358,624446,Stav Lemkin,active,177358,177358,177358,,
177362,177362,624447,Haruto Hidaka,active,177362,177362,177362,,
177363,177363,624453,Ryan Merlen,active,177363,177363,177363,,
177364,177364,624460,Malte Heyde,active,177364,177364,177364,,
177368,177368,624466,Faqir Malik,active,8565976,8565976,177368,,
177375,540940,540940,Rayan Al Ghamdi,active,16954591,16954591,540940,,540940
177376,540943,540943,Abdulmalik Al Jaber,active,16954592,16954592,540943,,540943
177534,177534,624467,Reza Jabr,active,8566142,16954750,177534,,
177540,540945,540945,Damián García,active,16954756,16954756,540945,,540945
177541,540946,540946,Sebastián González,active,16954757,16954757,540946,,540946
177543,540949,540949,Hamza Jlid,active,16954759,16954759,540949,,540949
177544,540950,540950,Ghaith Al Lootah,active,16954760,16954760,540950,,540950
177569,177569,624469,Witthawat P.,active,177569,177569,177569,,
177571,177571,624471,Nanthiphat Chaiman,active,177571,177571,177571,,
177627,540958,540958,Agustín Soría,active,16954843,16954843,540958,,540958
177663,177663,624472,Celías Ingenthron,active,177663,177663,177663,,
177666,177666,624475,Damian Kelvin,active,177666,177666,177666,,
177680,177680,624476,Jacopo Gelli,active,177680,177680,177680,,
177682,177682,624478,Tom Gaal,active,177682,177682,177682,,
177683,177683,624484,Facundo Gulli,active,177683,177683,177683,,
177684,177684,624490,Luis Mina,active,177684,177684,177684,,
177685,177685,624493,Alan Forneris,active,177685,177685,177685,,
177686,177686,624494,Nathan James,active,177686,177686,177686,,
177690,177690,624500,Kjartan Kjartansson,active,177690,177690,177690,,
177695,177695,624507,Raphael Sallinger,active,177695,177695,177695,,
177696,177696,624512,Lukas Fadinger,active,177696,177696,177696,,
177701,177701,624516,Nelson Orji,active,177701,177701,177701,,
177702,177702,624517,Maksim Kireev,active,177702,177702,177702,,
177704,177704,624529,Rodrigo Auzmendi,active,177704,177704,177704,,
177705,177705,624534,Juan Luis Alfaro,active,177705,177705,177705,,
177707,177707,624543,Abdoulaye Faye,active,177707,177707,177707,,
177713,533663,533663,Gaoussou Diarra,active,177713,177713,533663,,533663
177717,533666,533666,Jivayno Zinhagel,active,177717,177717,533666,,533666
177724,177724,624545,Pharell Nash,active,177724,177724,177724,,
177728,177728,624549,Pablo Santiago,active,177728,177728,177728,,
177730,177730,624552,Gino Verhulst,active,177730,177730,177730,,
177733,177733,624553,Bert Esselink,active,177733,177733,177733,,
177736,177736,624558,Dario Naamo,active,177736,177736,177736,,
177739,177739,624560,Leco Zeevalkink,active,177739,177739,177739,,
177744,177744,624564,Davinchi,active,177744,177744,177744,,
177745,177745,624565,Andrija Bulatović,active,177745,177745,177745,,
177755,177755,624569,Adi Kurti,active,177755,177755,177755,,
177761,177761,624571,Louis Page,active,177761,177761,177761,,
177765,177765,624574,Zoumana Keita,active,177765,177765,177765,,
177768,177768,624575,Nenad Lalić,active,177768,177768,177768,,
177770,177770,624577,Chinngoen Phutonyong,active,177770,177770,177770,,
177771,177771,624578,Keven Alemán,active,177771,177771,177771,,
177772,177772,624579,Stefan Cebara,active,177772,177772,177772,,
177774,177774,624580,Joshua Quarshie,active,177774,177774,177774,,
177777,177777,624585,Gildo,active,177777,177777,177777,,
177779,177779,624587,Romeu,active,177779,177779,177779,,
177781,177781,624589,Kealey Adamson,active,177781,177781,177781,,
177782,533667,533667,C. Kostoulas,active,177782,105832557753974,533667,,533667
177786,177786,624591,Dylan Vangi,active,177786,177786,177786,,
177787,177787,624592,Octave Joly,active,177787,177787,177787,,
177788,177788,624595,Clément Jolibois,active,177788,177788,177788,,
177790,177790,624603,Guilherme Peixoto,active,177790,177790,177790,,
177791,177791,624604,Amadou Diakité,active,177791,177791,177791,,
177794,177794,624610,Berkay Aslan,active,177794,177794,177794,,
177795,177795,624613,Luca Stančić,active,177795,177795,177795,,
177799,177799,624615,Andrés Campos,active,177799,177799,177799,,
177800,177800,624617,Adri Suárez,active,177800,177800,177800,,
177805,177805,624621,Rilind Nivokazi,active,177805,177805,177805,,
177806,177806,624625,Winsley Boteli,active,177806,177806,177806,,
177810,177810,624626,Cathal McCarthy,active,177810,177810,177810,,
177811,177811,624630,Jacopo Sardo,active,177811,177811,177811,,
177815,533673,533673,Callum Osmand,active,177815,177815,533673,,533673
177820,177820,624634,Matheus Lins,active,177820,177820,177820,,
177821,177821,624635,Mert Durmush,active,177821,177821,177821,,
177823,177823,624638,Oumar Conte,active,177823,177823,177823,,
177831,177831,624641,Deivison,active,177831,177831,177831,,
177835,177835,624642,Kiko,active,177835,177835,177835,,
177836,177836,624647,Oumar Camara,active,177836,177836,177836,,
177860,177860,624648,Peerapong W.,active,177860,177860,177860,,
177861,177861,624658,Tommy Pilling,active,177861,177861,177861,,
177862,177862,624669,Diego León,active,177862,177862,177862,,
177874,177874,624670,Jerónimo Mattar,active,177874,177874,177874,,
177876,177876,624674,Simón Bodnar,active,177876,177876,177876,,
177881,177881,624676,Alan Laprida,active,177881,177881,177881,,
177883,177883,624681,Mateo Pérez,active,177883,177883,177883,,
177888,177888,624687,Youssef N'Joya,active,177888,177888,177888,,
177891,177891,624688,Siwakorn Phonsan,active,177891,177891,177891,,
177894,177894,624689,Djenairo Daniëls,active,177894,177894,177894,,
177896,177896,624695,Armin Gremsl,active,177896,177896,177896,,
177897,177897,624700,Martín Palacios,active,177897,177897,177897,,
177899,177899,624702,Gerónimo Mancilla,active,177899,177899,177899,,
177901,177901,624707,Branndon Zapata,active,177901,177901,177901,,
177904,177904,624708,Yoshan Valois,active,177904,177904,177904,,
177905,177905,624709,Joaquín Molina,active,177905,177905,177905,,
177906,533713,533713,Samuele Inácio,active,177906,177906,533713,,533713
177907,533855,533855,Mathis Albert,active,177907,177907,533855,,533855
177908,177908,624713,Alfred Caicedo,active,177908,177908,177908,,
177909,177909,624714,Nolhan Courtens,active,177909,177909,177909,,
177911,177911,624716,Souleymane Faye,active,177911,177911,177911,,
177913,533859,533859,Brian Madjo,active,177913,177913,533859,,533859
177917,540379,540379,Paco Josico,active,8566525,177917,540379,,540379
177922,177922,624717,Rafiq Lamptey,active,177922,177922,177922,,
177927,177927,624720,Hélio Baptista,active,177927,105812961965831,177927,,
177928,177928,624721,Thanphisit Hempandan,active,177928,177928,177928,,
177929,534701,534701,Dominik Prpić,active,177929,177929,534701,,534701
177930,177930,624727,Aune Heggebø,active,177930,177930,177930,,
177931,177931,624734,George King,active,177931,177931,177931,,
177933,177933,624737,Sebastián Valencia,active,177933,177933,177933,,
177934,177934,624744,Abdoul Traoré,active,177934,177934,177934,,
177936,177936,624745,Pachanga Kristensen,active,177936,177936,177936,,
177938,177938,624746,Tijn Van Ingelgom,active,177938,177938,177938,,
177943,177943,624747,Agustín Moreira,active,177943,177943,177943,,
177944,177944,624753,Martín Fernández,active,177944,177944,177944,,
177946,177946,624755,Ada Yüzgeç,active,177946,177946,177946,,
177947,177947,624761,Andrés Marín,active,177947,177947,177947,,
177948,177948,624767,Lucas Macazaga,active,177948,177948,177948,,
177949,177949,624769,Saïd Imigene,active,177949,177949,177949,,
177950,177950,624772,Gift Siame,active,177950,177950,177950,,
177952,177952,624773,Sergio Fernández,active,177952,177952,177952,,
177953,177953,624783,Edward Cedeño,active,177953,177953,177953,,
177954,177954,624785,Illyès Benachour,active,177954,177954,177954,,
177961,177961,624786,Thomas Falconer,active,177961,177961,177961,,
177964,177964,624787,Diego Duarte,active,177964,177964,177964,,
177968,177968,624792,Simone Bonetti,active,177968,177968,177968,,
177969,177969,624796,Francesco Vallarelli,active,177969,177969,177969,,
177970,177970,624797,Clever Ferreira,active,177970,177970,177970,,
177976,177976,624798,Mateja Stjepanović,active,177976,177976,177976,,
177979,177979,624802,Rio Canoville,active,177979,177979,177979,,
177980,177980,624803,Isaac Gordon,active,177980,177980,177980,,
177982,177982,624814,Kaio Eduardo,active,177982,177982,177982,,
177984,177984,624815,Abdou Aziz Fall,active,177984,177984,177984,,
177985,177985,624818,Tilman Palacios,active,177985,177985,177985,,
177990,177990,624822,Davi Gomes,active,177990,177990,177990,,
177992,177992,624823,Gonzalo Petit,active,177992,177992,177992,,
177994,177994,624826,Shuto Yamaichi,active,177994,177994,177994,,
177998,534873,534873,Juan Cruz Meza,active,177998,177998,534873,,534873
177999,177999,624831,Kaká Mendes,active,177999,177999,177999,,
178000,178000,624833,Mio Zimmermann,active,178000,178000,178000,,
178001,178001,624838,Sandro Wyss,active,178001,178001,178001,,
178002,178002,624839,Lucas Ferreira,active,178002,178002,178002,,
178004,178004,624840,Erblin Sadikaj,active,178004,178004,178004,,
178012,178012,624842,Avery Appiah,active,178012,178012,178012,,
178013,535057,535057,Santiago Sandoval,active,178013,178013,535057,,535057
178015,178015,624852,Charlie Dewar,active,178015,178015,178015,,
178017,178017,624858,Baran Moğultay,active,178017,178017,178017,,
178019,178019,624863,Guille Bueno,active,178019,178019,178019,,
178020,178020,624866,Samson Baidoo,active,178020,178020,178020,,
178021,178021,624876,Giorgi Abuashvili,active,178021,178021,178021,,
178027,178027,624879,Andrea Bertoncini,active,178027,178027,178027,,
178029,535295,535295,Rhys Chadwick,active,178029,178029,535295,,535295
178031,178031,624894,Yassine Khalifi,active,178031,178031,178031,,
178033,178033,624895,Thanapat Warong,active,178033,178033,178033,,
178034,178034,624899,Kevin Altez,active,178034,178034,178034,,
178035,178035,624902,Sverre Nypan,active,178035,178035,178035,,
178037,178037,624905,Dean David,active,178037,178037,178037,,
178038,178038,624908,Matías Arias,active,178038,178038,178038,,
178041,178041,624912,Matías Pérez,active,178041,178041,178041,,
178042,535298,535298,Eman Košpo,active,178042,178042,535298,,535298
178046,535303,535303,Enes Büyük,active,178046,178046,535303,,535303
178050,178050,624918,Sebastián Figueredo,active,178050,178050,178050,,
178051,178051,624923,Jeremía Recoba,active,178051,178051,178051,,
178059,178059,624928,Abdoulaye Camara,active,178059,178059,178059,,
178064,178064,624938,Umar Abubakar,active,178064,178064,178064,,
178067,178067,624943,Souleymane Alio,active,178067,178067,178067,,
178068,178068,624948,Simon Stüker,active,178068,178068,178068,,
178073,178073,624952,Kauê Furquim,active,178073,178073,178073,,
178078,178078,624954,Park Seung-Soo,active,178078,178078,178078,,
178079,178079,624966,Kornel Miściur,active,178079,178079,178079,,
178081,178081,624970,Marli Salmon,active,178081,178081,178081,,
178083,178083,624974,A. Harriman-Annous,active,178083,178083,178083,,
178084,178084,624975,Sydney Agina,active,178084,178084,178084,,
178088,178088,624976,Jaygo van Ommeren,active,178088,178088,178088,,
178091,178091,624979,Yael Trepy,active,178091,178091,178091,,
178092,178092,624985,Ivan Sulev,active,178092,178092,178092,,
178093,178093,624986,Joseph Liteta,active,178093,178093,178093,,
178094,178094,624994,José Salas,active,178094,178094,178094,,
178096,178096,624995,Gustavo Caballero,active,178096,178096,178096,,
178097,535304,535304,Cesar Abadia-Reda,active,178097,178097,535304,,535304
178100,178100,624997,Radosław Żelezny,active,178100,178100,178100,,
178101,178101,624998,Matteo Pittarella,active,178101,178101,178101,,
178102,535308,535308,Christian Comotto,active,178102,178102,535308,,535308
178103,178103,625011,Giulio Vinciati,active,178103,178103,178103,,
178107,178107,625018,Jeison Mena,active,178107,178107,178107,,
178108,178108,625020,Gian Cabezas,active,178108,178108,178108,,
178112,178112,625023,Michał Willmann,active,178112,178112,178112,,
178114,178114,625029,Kojo Peprah Oppong,active,178114,178114,178114,,
178126,535311,535311,Airidas Golambeckis,active,178126,178126,535311,,535311
178128,178128,625030,Mihail Polendakov,active,178128,178128,178128,,
178130,178130,625041,Basile Vroninks,active,178130,178130,178130,,
178131,178131,625044,Maizon Rodríguez,active,178131,178131,178131,,
178134,178134,625050,Porrameth I.,active,178134,178134,178134,,
178136,535312,535312,Jofre Torrents,active,178136,178136,535312,,535312
178137,535334,535334,Dro Fernández,active,178137,105837121157081,535334,,535334
178138,178138,625052,Rio Cardines,active,178138,178138,178138,,
178142,178142,625060,James Rowswell,active,178142,178142,178142,,
178145,178145,625061,Junai Byfield,active,178145,178145,178145,,
178149,178149,625068,Tynan Thompson,active,178149,178149,178149,,
178152,178152,625070,Viktor Damjanić,active,178152,178152,178152,,
178154,178154,625077,Yuta Miyahara,active,178154,178154,178154,,
178156,178156,625078,Tylon Smith,active,178156,178156,178156,,
178159,178159,625079,Kenji Cabrera,active,178159,178159,178159,,
178160,178160,625088,Ian Struyf,active,178160,178160,178160,,
178161,178161,625090,Halil Özdemir,active,178161,178161,178161,,
178162,178162,625092,Gabriel Kerckaert,active,178162,178162,178162,,
178163,178163,625094,Max Maréchal,active,178163,178163,178163,,
178164,178164,625097,Elvis van der Laan,active,178164,178164,178164,,
178165,178165,625098,Guilherme Freitas,active,178165,178165,178165,,
178167,178167,625099,André Picornell,active,178167,178167,178167,,
178177,178177,625101,Jalmaro Calvin,active,178177,178177,178177,,
178178,178178,625103,Kelechi Ihendu,active,178178,178178,178178,,
178182,178182,625110,Oussama Thiangkham,active,178182,178182,178182,,
178190,178190,625118,Yanis da Rocha,active,178190,178190,178190,,
178214,540978,540978,Hayder Abdulkareem,active,16955430,16955430,540978,,540978
178330,178330,625120,Ernesto Matteazzi,active,178330,178330,178330,,
178334,178334,625129,Arda Çelik,active,178334,178334,178334,,
178336,178336,625144,Enrique Lofolomo,active,178336,178336,178336,,
178337,178337,625156,Serxho Ujka,active,178337,178337,178337,,
178339,178339,625157,Juan Rodríguez,active,178339,178339,178339,,
178348,178348,625158,Oege van Lingen,active,178348,178348,178348,,
178349,178349,625159,Queven,active,178349,178349,178349,,
178353,178353,625161,Noah Ganaus,active,178353,178353,178353,,
178357,178357,625164,Brooklyn Kabongolo,active,178357,178357,178357,,
178358,178358,625167,Jannik Wanner,active,178358,178358,178358,,
178373,178373,625176,Neville O. Nwankwo,active,178373,178373,178373,,
178379,178379,625185,Theo Folgado,active,178379,178379,178379,,
178388,178388,625188,Andrej Bacanin,active,178388,178388,178388,,
178394,178394,625192,Joshua Stephenson,active,178394,178394,178394,,
178398,178398,625205,Mert Demirci,active,178398,178398,178398,,
178403,178403,625212,Michael Martínez,active,178403,178403,178403,,
178410,535343,535343,Joeri Heerkens,active,178410,178410,535343,,535343
178412,178412,625213,Marius Ștefănescu,active,178412,178412,178412,,
178414,178414,625218,Jonathan Fischer,active,178414,178414,178414,,
178415,178415,625219,Enzo Faty,active,178415,178415,178415,,
178416,178416,625222,Gaetan Bakhouche,active,178416,178416,178416,,
178417,178417,625223,Seny Koumbassa,active,178417,178417,178417,,
178418,178418,625225,F. Efuele Ngoyala,active,178418,178418,178418,,
178419,178419,625227,Alexis Vossah,active,178419,178419,178419,,
178421,178421,625228,Elhadji Koné,active,178421,178421,178421,,
178424,178424,625232,Zaid Seha,active,178424,178424,178424,,
178425,178425,625234,Théna Massock,active,178425,178425,178425,,
178426,178426,625236,Lenny Loussilaho,active,178426,178426,178426,,
178430,178430,625238,Dean Benamar,active,178430,178430,178430,,
178433,178433,625239,Jaylan Pearman,active,178433,178433,178433,,
178435,178435,625242,Maxima Goffi,active,178435,178435,178435,,
178436,178436,625243,Thomas Sajous,active,178436,178436,178436,,
178437,178437,625245,Riccardo Braschi,active,178437,178437,178437,,
178450,178450,625246,Tyrese Pinthus,active,178450,178450,178450,,
178451,178451,625248,Tiago Gonçalves,active,178451,178451,178451,,
178452,178452,625249,Khalis Merah,active,178452,178452,178452,,
178453,178453,625255,Rémi Himbert,active,178453,178453,178453,,
178454,178454,625259,Yvann Konan,active,178454,178454,178454,,
178459,178459,625262,Keenan Gough,active,178459,178459,178459,,
178460,535347,535347,George Hemmings,active,178460,178460,535347,,535347
178463,178463,625266,Jarvis Thornton,active,178463,178463,178463,,
178464,178464,625268,Reece Johnson,active,178464,178464,178464,,
178465,178465,625273,Logan Stretch,active,178465,178465,178465,,
178466,584800,584800,Bruno Fernandes,active,178466,178466,584800,,584800
178467,178467,625274,Jack Phillips,active,178467,178467,178467,,
178474,178474,625276,Zakaria Ztouti,active,178474,178474,178474,,
178475,178475,625277,Chafik El Hansar,active,178475,178475,178475,,
178476,178476,625280,Yanis Delaveau,active,178476,178476,178476,,
178479,178479,625283,João Ananias,active,178479,178479,178479,,
178480,178480,625285,Lazar Romanić,active,178480,53985054734640,178480,,
178481,178481,625286,Jaden Mears,active,178481,178481,178481,,
178484,178484,625299,Luan Gadegbeku,active,178484,178484,178484,,
178485,178485,625303,Nadir El Jamali,active,178485,178485,178485,,
178486,178486,625304,Viktor Džodić,active,178486,178486,178486,,
178487,178487,625306,Giannino Vianello,active,178487,178487,178487,,
178496,178496,625311,Paul Farman,active,178496,178496,178496,,
178497,178497,625314,Samuel Martín,active,178497,178497,178497,,
178498,178498,625315,F. Domínguez Ávila,active,178498,178498,178498,,
178500,178500,625316,Samuele Gariti,active,178500,178500,178500,,
178504,178504,625318,Jermaine Rijssel,active,178504,178504,178504,,
178507,178507,625320,Kewan Vemba,active,178507,178507,178507,,
178511,178511,625321,Jalen Blesa,active,178511,178511,178511,,
178513,178513,625323,Cleo Mélières,active,178513,178513,178513,,
178516,178516,625326,Jacopo La Barba,active,178516,178516,178516,,
178522,535356,535356,Divine Mukasa,active,178522,178522,535356,,535356
178523,178523,625330,Jovon Makama,active,178523,178523,178523,,
178524,178524,625333,Moses Sesay,active,178524,178524,178524,,
178525,178525,625338,Dylan Moody,active,178525,178525,178525,,
178526,178526,625340,L.Mullarkey Matthews,active,178526,178526,178526,,
178527,178527,625341,Axel Henriksson,active,178527,178527,178527,,
178528,178528,625343,Moussa Gbemou,active,178528,178528,178528,,
178532,178532,625346,Hiroaki Hagi,active,178532,178532,178532,,
178535,178535,625351,Yanis Dahalani,active,178535,178535,178535,,
178537,178537,625353,Koki Doi,active,178537,178537,178537,,
178543,178543,625359,Mark Hoekstra,active,178543,178543,178543,,
178544,178544,625360,Jismerai Dillema,active,178544,178544,178544,,
178546,178546,625362,Yénio Holder,active,178546,178546,178546,,
178547,178547,625363,Olaf Gorter,active,178547,178547,178547,,
178548,178548,625364,Niko Kovač,active,178548,178548,178548,,
178549,178549,625367,Arthylio Nade,active,178549,178549,178549,,
178550,178550,625374,Roman Murcy,active,178550,178550,178550,,
178551,178551,625375,Anis Ouzenadji,active,178551,178551,178551,,
178552,178552,625379,Charlie Dressel,active,178552,178552,178552,,
178553,178553,625380,Abdel Medroub,active,178553,178553,178553,,
178555,178555,625385,Julien Astic,active,178555,178555,178555,,
178556,178556,625386,Enzo Cantero,active,178556,178556,178556,,
178559,178559,625390,J. Pereira da Gama,active,178559,178559,178559,,
178560,178560,625391,Givaro Rahajaän,active,178560,178560,178560,,
178566,178566,625395,Mikel Santos,active,178566,178566,178566,,
178573,178573,625399,Kuzey Bulgulu,active,178573,178573,178573,,
178576,178576,625401,Ayaz Özcan,active,178576,178576,178576,,
178582,178582,625403,Tylel Tati,active,178582,178582,178582,,
178583,178583,625404,Pichaiya Kongsri,active,178583,178583,178583,,
178586,178586,625406,Ege İzmirli,active,178586,178586,178586,,
178587,178587,625408,Roque Maisterra,active,178587,178587,178587,,
178704,178704,625409,Mujtaba Zafar,active,8567312,8567312,178704,,
178731,178731,625415,Ousseynou Seck,active,178731,178731,178731,,
178821,178821,625417,Saif Farooq,active,8567429,8567429,178821,,
178929,178929,625422,Fouad Zahouani,active,178929,178929,178929,,
178931,178931,625423,Ayoub Mouloua,active,178931,178931,178931,,
178942,178942,625424,Mostafa Shobeir,active,178942,56167166556926,178942,,
178943,178943,625426,Hossam Abdelmaguid,active,178943,178943,178943,,
178944,178944,625429,Mahmoud Saber,active,178944,178944,178944,,
179035,179035,625437,Oscar Kabwit,active,179035,179035,179035,,
179057,179057,625440,Agustín Maglione,active,179057,179057,179057,,
179059,179059,625448,Pethay Promjan,active,179059,179059,179059,,
179061,179061,625468,Abdoulaye Maiga,active,179061,179061,179061,,
179062,179062,625471,Edu Coniac,active,179062,179062,179062,,
179064,179064,625473,Michael Ayodele,active,179064,179064,179064,,
179065,179065,625478,Joshua Mullins,active,179065,179065,179065,,
179066,179066,625479,Manuel Obón,active,179066,179066,179066,,
179068,179068,625480,Edoardo Zanaga,active,179068,179068,179068,,
179069,179069,625483,Andrea Orlandi,active,179069,179069,179069,,
179070,179070,625484,Francesco Versari,active,179070,179070,179070,,
179071,179071,625492,Kevin Pasalic,active,179071,179071,179071,,
179072,179072,625496,Danilo Busiello,active,179072,179072,179072,,
179073,179073,625503,George Brown,active,179073,179073,179073,,
179075,179075,625504,Donald Kamwa,active,179075,179075,179075,,
179076,179076,625505,Ernie Weaver,active,179076,179076,179076,,
179077,179077,625509,Joe Emery,active,179077,179077,179077,,
179078,179078,625511,Will Grainger,active,179078,179078,179078,,
179079,179079,625516,Mees Eppink,active,179079,179079,179079,,
179083,179083,625522,Georges Gomis,active,179083,179083,179083,,
179086,179086,625533,Eudy Perez,active,179086,179086,179086,,
179087,179087,625537,Josy Pérez,active,179087,179087,179087,,
179088,179088,625538,Blas Benedetto,active,179088,179088,179088,,
179089,179089,625539,Martín Ariel Díaz,active,179089,179089,179089,,
179090,179090,625540,Strahinja Stojković,active,179090,179090,179090,,
179091,535361,535361,Emanuele Lulli,active,179091,179091,535361,,535361
179092,179092,625541,Valeri Vladimirov,active,179092,179092,179092,,
179095,535366,535366,Mattia Mosconi,active,179095,179095,535366,,535366
179096,179096,625553,Rodrigo Vītols,active,179096,179096,179096,,
179097,179097,625555,Kenan Bilalović,active,179097,179097,179097,,
179098,179098,625568,Agustín Romero,active,179098,179098,179098,,
179106,179106,625579,Richmond Darko,active,179106,179106,179106,,
179107,179107,625582,James Falconer,active,179107,179107,179107,,
179109,179109,625583,Stefan Tsonkov,active,179109,179109,179109,,
179110,179110,625594,Kittapak Seangsawat,active,179110,179110,179110,,
179113,179113,625597,Hector Lux Høyrup,active,179113,179113,179113,,
179115,179115,625601,Efe Ugiagbe,active,179115,179115,179115,,
179121,179121,625610,Hugo García,active,179121,179121,179121,,
179122,179122,625617,Jon López,active,179122,179122,179122,,
179123,179123,625619,Stevan Siba,active,179123,179123,179123,,
179124,179124,625622,Lucas Leaudais,active,179124,179124,179124,,
179125,179125,625626,Jeremiah Mensah,active,179125,179125,179125,,
179126,179126,625627,Fer Pérez,active,179126,179126,179126,,
179127,179127,625638,Raúl Pereira,active,179127,179127,179127,,
179129,179129,625642,Nikola Mituljikić,active,179129,179129,179129,,
179130,179130,625643,Dominique Moubeke,active,179130,179130,179130,,
179131,179131,625644,Mario Jiménez Gambín,active,179131,179131,179131,,
179132,179132,625645,Seydou Fall,active,179132,179132,179132,,
179133,179133,625647,Martín Krug,active,179133,179133,179133,,
179134,179134,625648,Joan Ruiz Agustina,active,179134,179134,179134,,
179135,179135,625649,Nacho Pérez,active,179135,179135,179135,,
179136,179136,625650,Cayetano Romero,active,179136,179136,179136,,
179138,179138,625653,José Luis Aranda,active,179138,179138,179138,,
179139,179139,625654,Hugo San Modesto,active,179139,179139,179139,,
179140,179140,625655,Alejandro Galdeano,active,179140,179140,179140,,
179141,179141,625656,Álvaro de Pablo,active,179141,179141,179141,,
179142,179142,625657,Julián Martínez,active,179142,179142,179142,,
179143,179143,625666,Yanis Sellami,active,179143,179143,179143,,
179146,179146,625667,Théo Bruyère,active,179146,179146,179146,,
179147,179147,625670,Darris Zema,active,179147,179147,179147,,
179148,179148,625675,Thibaud Garondo,active,179148,179148,179148,,
179154,179154,625719,Emanuele Lorenzelli,active,179154,179154,179154,,
179155,179155,625720,Matteo Lontani,active,179155,179155,179155,,
179156,179156,625735,Andrea Baldetti,active,179156,179156,179156,,
179157,179157,625743,Riccardo Fontanarosa,active,179157,179157,179157,,
179158,179158,625759,Alessio Insignito,active,179158,179158,179158,,
179165,179165,625765,Achirawit Natsunthia,active,179165,179165,179165,,
179166,179166,625773,Punnathat Preampree,active,179166,179166,179166,,
179167,179167,625778,Phoptham Pornkod,active,179167,179167,179167,,
179168,179168,625783,Aimar Blázquez,active,179168,179168,179168,,
179169,179169,625786,Alex Williams,active,179169,179169,179169,,
179170,179170,625787,Sebastian Murru,active,179170,179170,179170,,
179172,179172,625790,Phanuphong Sunon,active,179172,179172,179172,,
179173,179173,625792,Ashley Trujillo,active,179173,179173,179173,,
179175,179175,625794,Kalen Brunson,active,179175,179175,179175,,
179177,179177,625795,Jake Leahy,active,179177,179177,179177,,
179180,179180,625796,Ilann Garin,active,179180,179180,179180,,
179183,179183,625797,Dan Sinaté,active,179183,179183,179183,,
179184,179184,625801,Sondre Ørjasæter,active,179184,179184,179184,,
179188,179188,625806,Olivier Mambwa,active,179188,179188,179188,,
179189,179189,625807,Samu Becerra,active,179189,179189,179189,,
179192,179192,625808,Yiğit Hamza Aydar,active,179192,179192,179192,,
179193,179193,625811,Yusuf Hasan Temel,active,179193,179193,179193,,
179194,179194,625813,Seyfi Toprak Kıskanç,active,179194,179194,179194,,
179196,179196,625819,Edu Altozano,active,179196,179196,179196,,
179197,179197,625822,Miguel Ángel Sierra,active,179197,179197,179197,,
179198,179198,625823,Mauro Echegoyen,active,179198,179198,179198,,
179199,179199,625825,Martín Pedroarena,active,179199,179199,179199,,
179200,179200,625826,Sergio Martínez,active,179200,179200,179200,,
179201,179201,625851,Santi Franco,active,179201,179201,179201,,
179205,179205,625857,Daníel Jóhannesson,active,179205,179205,179205,,
179208,179208,625859,Bahmed Deuff,active,179208,179208,179208,,
179209,179209,625862,Tidiane Devernois,active,179209,179209,179209,,
179210,179210,625864,Louis Mezerette,active,179210,179210,179210,,
179211,179211,625869,Elikya Legros,active,179211,179211,179211,,
179212,179212,625874,Ryan Rodin,active,179212,179212,179212,,
179213,179213,625875,Jesper Ceesay,active,179213,179213,179213,,
179215,179215,625880,Jeremy Kandje Mbambi,active,179215,179215,179215,,
179217,179217,625891,Matteo Enza,active,179217,179217,179217,,
179221,179221,625898,Manu Fernández,active,179221,179221,179221,,
179222,179222,625899,Cheli Pereda,active,179222,179222,179222,,
179224,179224,625903,Georgios Liavas,active,179224,179224,179224,,
179226,179226,625911,George Gryba,active,179226,179226,179226,,
179227,179227,625917,Jaime Sánchez-Rubio,active,179227,179227,179227,,
179228,179228,625919,Itthimon Tippanet,active,179228,179228,179228,,
179229,179229,625920,Pichaya C.,active,179229,179229,179229,,
179230,179230,625926,Justin Poblete,active,179230,179230,179230,,
179231,179231,625928,Rodolfo Lippo,active,179231,179231,179231,,
179233,179233,625930,Iván Corralejo,active,179233,179233,179233,,
179234,179234,625932,Mawuli Mensah,active,179234,179234,179234,,
179237,179237,625936,Kyosuke Mochiyama,active,179237,179237,179237,,
179238,179238,625938,Fayssal El Mahboub,active,179238,179238,179238,,
179241,179241,625941,Marcus Younis,active,179241,179241,179241,,
179242,179242,625946,Luis Matheus,active,179242,179242,179242,,
179244,179244,625955,Dor David Turgeman,active,179244,179244,179244,,
179249,179249,625956,Mathys Silistre,active,179249,179249,179249,,
179250,179250,625958,Nordan Mukiele,active,179250,179250,179250,,
179254,179254,625959,Karim Diop,active,179254,179254,179254,,
179255,179255,625973,Alessio Papasergio,active,179255,179255,179255,,
179256,179256,625974,Julián Vignolo,active,179256,179256,179256,,
179258,179258,626008,Antonio Martínez,active,179258,179258,179258,,
179262,179262,626013,Franck Atoen,active,179262,179262,179262,,
179264,535373,535373,Thiago Pitarch,active,179264,179264,535373,,535373
179265,179265,626014,Felix Goddard,active,179265,179265,179265,,
179268,179268,626022,Enol Prendes,active,179268,179268,179268,,
179273,179273,626024,Alonzo Vincent,active,179273,179273,179273,,
179274,179274,626025,Jamil Siebert,active,179274,179274,179274,,
179277,179277,626027,Fallou Cham,active,179277,179277,179277,,
179279,179279,626035,Gonçalo Maia,active,179279,179279,179279,,
179281,179281,626036,Giorgi Tabatadze,active,179281,179281,179281,,
179285,179285,626038,Antonio Velilla,active,179285,179285,179285,,
179287,179287,626043,Aljaž Strajnar,active,179287,179287,179287,,
179290,179290,626044,Eiji Kubo,active,179290,179290,179290,,
179292,179292,626046,Reuben Reid,active,179292,179292,179292,,
179293,179293,626049,Paris Lock,active,179293,179293,179293,,
179295,179295,626050,Ty Ewens-Findlay,active,179295,179295,179295,,
179297,179297,626052,Oliver Pimlott,active,179297,179297,179297,,
179299,179299,626055,Harry Evers,active,179299,179299,179299,,
179300,179300,626056,N. Elie Ahouonon,active,179300,179300,179300,,
179302,179302,626059,Jan Virgili,active,179302,179302,179302,,
179304,179304,626065,Lucas Villa,active,179304,179304,179304,,
179305,535378,535378,Jan Ziółkowski,active,179305,179305,535378,,535378
179309,179309,626067,Kenan Dünnwald-Turan,active,179309,179309,179309,,
179313,179313,626068,Adrián Murillo,active,179313,179313,179313,,
179314,179314,626069,Yimar Parra,active,179314,179314,179314,,
179317,179317,626071,Iuri Tabatadze,active,179317,179317,179317,,
179318,179318,626072,Juanki Ferrando,active,179318,179318,179318,,
179319,179319,626073,Matěj Šín,active,179319,179319,179319,,
179329,179329,626077,Ketanuson Junrung,active,179329,179329,179329,,
179330,179330,626083,Joe Wallis,active,179330,179330,179330,,
179331,179331,626086,Samuel Tabares,active,179331,179331,179331,,
179332,179332,626090,Caspar Jander,active,179332,179332,179332,,
179333,179333,626114,Nalu Jandke,active,179333,179333,179333,,
179335,179335,626116,Joan Raynaud,active,179335,179335,179335,,
179339,179339,626121,Ioan Vermeșan,active,179339,179339,179339,,
179340,179340,626122,Jill Stiel,active,179340,179340,179340,,
179341,179341,626126,Din Ramić,active,179341,179341,179341,,
179343,179343,626130,Hugo López,active,179343,179343,179343,,
179344,179344,626133,Runar Norheim,active,179344,179344,179344,,
179345,179345,626134,Bernardo Vilar,active,179345,179345,179345,,
179346,179346,626137,Adam Amrani,active,179346,179346,179346,,
179348,179348,626148,Clemens Riedel,active,179348,179348,179348,,
179349,179349,626158,Miguel Nogueira,active,179349,179349,179349,,
179351,179351,626160,Lucas Testa,active,179351,179351,179351,,
179353,179353,626163,Veljko Milosavljević,active,179353,179353,179353,,
179355,179355,626164,Omar Correia,active,179355,179355,179355,,
179357,179357,626165,Dikeni Salifou,active,179357,179357,179357,,
179358,179358,626167,Alioune Mané,active,179358,179358,179358,,
179359,179359,626170,Rubén Rubio,active,179359,179359,179359,,
179363,179363,626171,Ernestas Lysionok,active,179363,179363,179363,,
179366,179366,626172,Anders Hoeg,active,179366,179366,179366,,
179369,179369,626176,Adem Arous,active,179369,179369,179369,,
179370,179370,626178,Yuta Tanaka,active,179370,179370,179370,,
179371,179371,626185,Isak Alemayehu,active,179371,179371,179371,,
179374,179374,626187,Elijah Odede,active,179374,179374,179374,,
179382,179382,626190,Lamine Beye,active,179382,179382,179382,,
179383,179383,626198,Laro Gómez,active,179383,179383,179383,,
179387,179387,626227,Jona Niemiec,active,179387,179387,179387,,
179391,179391,626228,Salem Bouajila,active,179391,179391,179391,,
179392,179392,626233,Jerall Astudillo,active,179392,179392,179392,,
179395,535379,535379,Dániel Pintér,active,179395,179395,535379,,535379
179396,179396,626234,Leedo Morii,active,179396,179396,179396,,
179397,179397,626243,Narumi Takahashi,active,179397,179397,179397,,
179398,179398,626245,Hiroto Ota,active,179398,179398,179398,,
179399,179399,626249,Gonzalo Reyna,active,179399,179399,179399,,
179400,179400,626251,Isyak Mohamed,active,179400,179400,179400,,
179406,179406,626255,Lucas Sarasketa,active,179406,179406,179406,,
179407,179407,626260,Martin Bley,active,179407,179407,179407,,
179408,179408,626273,Jules Ahoka,active,179408,179408,179408,,
179409,179409,626274,Bayram Berk Çapoğlu,active,179409,179409,179409,,
179412,540380,540380,Vicente Elizondo,active,8568020,179412,540380,,540380
179417,179417,626277,Theodore Adelusi,active,179417,179417,179417,,
179421,179421,626279,Kanta Sekitomi,active,179421,179421,179421,,
179422,179422,626284,Naru Nakatsumi,active,179422,179422,179422,,
179423,179423,626296,Yuma Nobata,active,179423,179423,179423,,
179424,179424,626307,Yuya Yokoi,active,179424,179424,179424,,
179426,179426,626311,Taiki Tono,active,179426,179426,179426,,
179427,179427,626315,Sota Onishi,active,179427,179427,179427,,
179433,179433,626324,Len Bakker,active,179433,179433,179433,,
179440,179440,626333,Alvin Petit Dol,active,179440,179440,179440,,
179441,179441,626334,Vitus Friis,active,179441,179441,179441,,
179442,179442,626346,Samet Karakoç,active,179442,179442,179442,,
179443,179443,626353,Bachir Gueye,active,179443,179443,179443,,
179444,179444,626356,Carlos Abeldaño,active,179444,179444,179444,,
179453,179453,626360,Lucas Barrera,active,179453,179453,179453,,
179454,179454,626362,Enzo Koffi Vinette,active,179454,179454,179454,,
179455,179455,626365,Facundo González,active,179455,179455,179455,,
179456,535434,535434,Thiago Acosta,active,179456,179456,535434,,535434
179459,179459,626366,Viktor Daðason,active,179459,179459,179459,,
179461,179461,626382,Felix Sommer,active,179461,179461,179461,,
179463,179463,626383,Simón Romero,active,179463,179463,179463,,
179464,179464,626385,Yoimar Moreno,active,179464,179464,179464,,
179465,179465,626386,Isaac Monnier,active,179465,179465,179465,,
179474,179474,626393,Devrim Şahin,active,179474,179474,179474,,
179478,179478,626397,Rhys Oakley,active,179478,179478,179478,,
179479,179479,626400,Marcos Gracia,active,179479,179479,179479,,
179480,179480,626409,George Brierley,active,179480,179480,179480,,
179481,179481,626420,Ellis Clark,active,179481,179481,179481,,
179482,179482,626427,Brandon Pouani,active,179482,179482,179482,,
179484,179484,626429,Ernesto Perin,active,179484,179484,179484,,
179486,179486,626430,Justin Eversen,active,179486,179486,179486,,
179488,179488,626435,Nicola Grandu,active,179488,179488,179488,,
179490,179490,626437,Ibrahim Bah Mendes,active,179490,179490,179490,,
179491,179491,626439,José Antonio Morante,active,179491,179491,179491,,
179494,179494,626486,Muhammed Colley,active,179494,179494,179494,,
179495,179495,626491,Javier Olaizola,active,179495,179495,179495,,
179496,179496,626492,Lucas Da Silva,active,179496,179496,179496,,
179497,179497,626500,Fabián Urzain,active,179497,179497,179497,,
179498,179498,626501,Cristian Uparela,active,179498,179498,179498,,
179504,179504,626502,Mykyta Aleksandrov,active,179504,179504,179504,,
179508,179508,626506,Santiago Grella,active,179508,179508,179508,,
179509,539292,539292,Gonçalo Moreira,active,179509,179509,539292,,539292
179510,539308,539308,Eder Aller,active,179510,179510,539308,,539308
179511,179511,626513,Ryan McAidoo,active,179511,179511,179511,,
179512,179512,626514,A. Udemba Motosuna,active,179512,179512,179512,,
179513,179513,626515,Samy Merzouk,active,179513,179513,179513,,
179515,179515,626520,Mirko Castagnini,active,179515,179515,179515,,
179516,179516,626521,Luca Szimionaș,active,179516,179516,179516,,
179517,179517,626528,Ruben Akalé,active,179517,179517,179517,,
179518,179518,626530,Alessandro Pavanati,active,179518,179518,179518,,
179519,179519,626532,Iker Monreal,active,179519,179519,179519,,
179523,179523,626534,Asım Işık,active,179523,179523,179523,,
179524,179524,626537,Tuna Baran Demir,active,179524,179524,179524,,
179525,179525,626551,Zander Grantzau,active,179525,179525,179525,,
179526,179526,626560,Villads Rutkjær,active,179526,179526,179526,,
179527,179527,626562,Victor Gustafsen,active,179527,179527,179527,,
179528,179528,626570,Mathis Jangéal,active,179528,179528,179528,,
179530,539317,539317,Pape Cabral,active,179530,179530,539317,,539317
179536,179536,626573,Daniel Battistella,active,179536,179536,179536,,
179537,179537,626578,Brando Bettazzi,active,179537,179537,179537,,
179581,179581,626587,Abdou Aziz Ndiaye,active,179581,179581,179581,,
179635,179635,626589,El Mahdy Soliman,active,179635,179635,179635,,
179638,179638,626599,Oscar Varney,active,179638,179638,179638,,
179639,179639,626600,Amin Laoukili,active,179639,179639,179639,,
179640,179640,626611,Gabriel Justino,active,179640,179640,179640,,
179642,179642,626623,M. Wamu Oyatambwe,active,179642,179642,179642,,
179643,179643,626625,Sacha Ziani,active,179643,179643,179643,,
179645,179645,626627,Javi Sarasa,active,179645,179645,179645,,
179646,179646,626633,Diego Morcillo,active,179646,179646,179646,,
179647,179647,626635,Guillermo Iglesias,active,179647,179647,179647,,
179648,179648,626650,Ayoube Akabou,active,179648,179648,179648,,
179650,179650,626656,Yusei Yamanouchi,active,179650,179650,179650,,
179651,179651,626657,Misael Aguirre,active,179651,179651,179651,,
179652,179652,626660,Adrián Pérez,active,179652,179652,179652,,
179653,179653,626671,Ibon Sánchez,active,179653,179653,179653,,
179654,179654,626672,Gabriel Cadavid,active,179654,179654,179654,,
179655,179655,626673,Anyelo Saldaña Marín,active,179655,179655,179655,,
179665,179665,626675,Álex Woiski,active,179665,179665,179665,,
179672,179672,626677,Mattia Marello,active,179672,179672,179672,,
179673,179673,626680,Hugo Ríos,active,179673,179673,179673,,
179674,179674,626682,Quique Teijo,active,179674,179674,179674,,
179675,179675,626683,Andrés Calderón,active,179675,179675,179675,,
179676,179676,626691,N. Barros Schelotto,active,179676,179676,179676,,
179677,179677,626701,Pablo Aguiar,active,179677,179677,179677,,
179683,179683,626704,Miguel Ferrer,active,179683,179683,179683,,
179685,179685,626705,Juanjo,active,179685,179685,179685,,
179686,179686,626706,Mory Kera,active,179686,179686,179686,,
179691,179691,626710,Xavi Rios,active,179691,179691,179691,,
179696,179696,626712,Lautaro Ríos,active,179696,179696,179696,,
179697,179697,626716,David Delgado,active,179697,179697,179697,,
179698,179698,626721,George Shepherd,active,179698,179698,179698,,
179699,179699,626725,Gabriel Kelly,active,179699,179699,179699,,
179700,179700,626726,Tiago Duarte,active,179700,179700,179700,,
179702,179702,626727,Max Jensen,active,179702,179702,179702,,
179703,179703,626728,Yusuf Faghir,active,179703,179703,179703,,
179705,179705,626739,Diego Besio,active,179705,179705,179705,,
179706,179706,626748,Nino Weibel,active,179706,179706,179706,,
179707,179707,626750,Joel Ruiz,active,179707,179707,179707,,
179709,179709,626756,Rubén Moreno,active,179709,179709,179709,,
179711,539322,539322,Montrell Culbreath,active,179711,179711,539322,,539322
179714,179714,626763,Harouna Djibirin,active,179714,179714,179714,,
179715,179715,626769,Yvan Maye,active,179715,179715,179715,,
179716,539326,539326,Nehemiah Oriola,active,179716,179716,539326,,539326
179719,539327,539327,Xavi Espart,active,179719,179719,539327,,539327
179720,179720,626771,Juan Hernández,active,179720,179720,179720,,
179723,179723,626775,Xander Dierckx,active,179723,179723,179723,,
179724,179724,626778,Yakup Ayan,active,179724,179724,179724,,
179725,179725,626784,Osman Topçu,active,179725,179725,179725,,
179726,179726,626802,Emir Çoban,active,179726,179726,179726,,
179728,179728,626805,David Spinelli,active,179728,179728,179728,,
179735,539338,539338,Lapo Siviero,active,179735,179735,539338,,539338
179736,179736,626806,Ryan Kavuma-McQueen,active,179736,179736,179736,,
179738,179738,626814,Lorenzo Nyarko,active,179738,179738,179738,,
179739,179739,626815,Antonio Salguero,active,179739,179739,179739,,
179740,179740,626818,Pol Arnau,active,179740,179740,179740,,
179742,179742,626819,Believe Munongo,active,179742,179742,179742,,
179743,179743,626821,Nicholas Oyekunle,active,179743,179743,179743,,
179745,179745,626822,Zyan Blake,active,179745,179745,179745,,
179746,179746,626824,Keehan Willows,active,179746,179746,179746,,
179747,179747,626829,Sil Blokhuis,active,179747,179747,179747,,
179748,179748,626835,Melle Roede,active,179748,179748,179748,,
179749,179749,626842,Jeppe Wijnreder,active,179749,179749,179749,,
179750,179750,626848,Damián Canedo,active,179750,179750,179750,,
179753,179753,626849,Josseph Mosquera,active,179753,179753,179753,,
179754,179754,626851,Jared Rodríguez,active,179754,179754,179754,,
179755,179755,626855,Santiago Álzate,active,179755,179755,179755,,
179756,179756,626860,Jhon Montoya,active,179756,179756,179756,,
179760,179760,626866,Miguel Ángel Aguirre,active,179760,179760,179760,,
179765,179765,626873,Alejandro Panach,active,179765,179765,179765,,
179766,179766,626875,Liam McAlinney,active,179766,179766,179766,,
179767,179767,626876,Xenres Vahedi,active,8568375,8568375,179767,,
179790,540979,540979,Rakan Al Ghamdi,active,16957006,16957006,540979,,540979
179791,540993,540993,Abdulrahman Sufyani,active,16957007,16957007,540993,,540993
179832,541003,541003,Meshal Al Dawood,active,16957048,16957048,541003,,541003
179960,179960,626890,Thiago,active,16957176,16957176,179960,,
179961,541009,541009,Rashed Salem Maqdami,active,16957177,16957177,541009,,541009
180258,180258,626891,Josias Palais,active,180258,180258,180258,,
180259,180259,626898,Huseini Nakoha,active,180259,180259,180259,,
180260,180260,626906,Pablo Rosón,active,180260,180260,180260,,
180262,180262,626907,Djibril Gueye,active,180262,180262,180262,,
180263,180263,626909,Iván Medina,active,180263,180263,180263,,
180264,180264,626911,Carlos Navarro,active,180264,180264,180264,,
180266,180266,626914,Max Wilson,active,180266,180266,180266,,
180267,180267,626919,Ed Nolan,active,180267,180267,180267,,
180270,180270,626921,Xavi Everaert,active,180270,180270,180270,,
180272,180272,626926,Alperen Kolay,active,180272,180272,180272,,
180273,180273,626939,Yaşar Yiğit Kaplan,active,180273,180273,180273,,
180274,180274,626951,Ahmet Demirelli,active,180274,180274,180274,,
180275,180275,626965,Batuhan İrgin,active,180275,180275,180275,,
180276,180276,626970,Murat Güler,active,180276,180276,180276,,
180280,180280,626978,Eren Cemali Yağmur,active,180280,180280,180280,,
180283,180283,626979,Ataol T. Karapınar,active,180283,180283,180283,,
180284,180284,626980,Cihan Memik,active,180284,180284,180284,,
180285,180285,626982,Thomas Lopes,active,180285,180285,180285,,
180287,180287,626983,Noah Donkor,active,180287,180287,180287,,
180288,180288,626984,Aarón Cámara,active,180288,180288,180288,,
180289,180289,626985,Phurich Subhensawang,active,180289,180289,180289,,
180290,180290,626986,Aly Traoré,active,180290,180290,180290,,
180291,180291,626988,Vicente Vidal,active,180291,180291,180291,,
180292,180292,626989,Alberto Morientes,active,180292,180292,180292,,
180293,180293,626995,Nil Torreguitart,active,180293,180293,180293,,
180294,180294,626999,Diego Fuentes,active,180294,180294,180294,,
180295,180295,627000,Samuel Calera,active,180295,180295,180295,,
180296,180296,627007,Andrés Vallecillo,active,180296,180296,180296,,
180297,180297,627020,Yvan Zaddy,active,180297,180297,180297,,
180301,180301,627026,Seth Ridgeon,active,180301,180301,180301,,
180302,180302,627030,Carter Pinnington,active,180302,180302,180302,,
180303,180303,627031,Wellity Lucky,active,180303,180303,180303,,
180304,180304,627034,Michael Laffey,active,180304,180304,180304,,
180305,180305,627045,Keyrol Figueroa,active,180305,180305,180305,,
180306,180306,627047,Mehmet Efe Bodur,active,180306,180306,180306,,
180307,180307,627048,Berat İpek,active,180307,180307,180307,,
180308,180308,627049,Mervan Müjdeci,active,180308,180308,180308,,
180309,180309,627053,Fran Santamaría,active,180309,180309,180309,,
180310,180310,627054,Carlos Segura,active,180310,180310,180310,,
180312,180312,627055,Marcos González,active,180312,180312,180312,,
180313,180313,627056,Hugo Burcio,active,180313,180313,180313,,
180314,180314,627062,Óscar Marcos,active,180314,180314,180314,,
180315,180315,627063,Andrés Antañón,active,180315,180315,180315,,
180317,180317,627067,Ale Gomes,active,180317,180317,180317,,
180318,180318,627069,Manu Rodríguez,active,180318,180318,180318,,
180319,180319,627074,Alex Diego,active,180319,180319,180319,,
180320,140324,140324,Mario Ordóñez,active,180320,180320,140324,,140324
180321,180321,627092,Carlos Hernández,active,180321,180321,180321,,
180322,180322,627093,Nico Riestra,active,180322,180322,180322,,
180323,180323,627100,Christian Ferreres,active,180323,180323,180323,,
180324,539342,539342,Tadjidine Mmadi,active,180324,180324,539342,,539342
180325,180325,627103,Pladi Nzinga Pambani,active,180325,180325,180325,,
180326,180326,627106,Lucas Rosier,active,180326,180326,180326,,
180327,180327,627116,Kilian Belazzoug,active,180327,180327,180327,,
180328,180328,627121,Brad H. Mantsounga,active,180328,180328,180328,,
180329,180329,627127,Enguerrand Bouard,active,180329,180329,180329,,
180330,180330,627128,Romain Jean-Baptiste,active,180330,180330,180330,,
180331,180331,627134,Moustapha Diop,active,180331,180331,180331,,
180334,180334,627137,Corean Drost,active,180334,180334,180334,,
180335,180335,627139,Jayden Holtman,active,180335,180335,180335,,
180336,180336,627143,Lasse Aelbers,active,180336,180336,180336,,
180337,180337,627145,Rayan Lelis,active,180337,180337,180337,,
180338,180338,627151,Thiago Currado,active,180338,180338,180338,,
180340,180340,627152,Alessandro Ciardi,active,180340,180340,180340,,
180342,180342,627161,Selton Sánchez,active,180342,180342,180342,,
180343,539346,539346,Bil Nsongo,active,180343,180343,539346,,539346
180345,180345,627166,Viggo Poulsen,active,180345,180345,180345,,
180347,180347,627167,Pablo Agudín,active,180347,180347,180347,,
180348,180348,627172,Nevzat Üzel,active,180348,180348,180348,,
180350,180350,627180,Marc Jurado,active,180350,180350,180350,,
180351,180351,627181,Facundo Carrizo,active,180351,180351,180351,,
180370,180370,627186,Leonel Vega,active,180370,180370,180370,,
180372,180372,627189,Elías Verón,active,180372,180372,180372,,
180374,180374,627193,Yugo Okawa,active,180374,180374,180374,,
180379,180379,627195,Matties Volckaert,active,180379,180379,180379,,
180380,180380,627198,Marouane Admar,active,180380,180380,180380,,
180381,180381,627200,Christian Raffa,active,180381,180381,180381,,
180382,180382,627201,Nicolò Puddu,active,180382,180382,180382,,
180383,180383,627202,Axel Dodote,active,180383,180383,180383,,
180385,180385,627203,David Boly,active,180385,180385,180385,,
180387,180387,627204,Ferdinand Pohl,active,180387,180387,180387,,
180388,180388,627210,Rayan Ouro Bang Na,active,180388,180388,180388,,
180389,180389,627215,Ange Lago,active,180389,180389,180389,,
180390,180390,627216,Mathis Clement,active,180390,180390,180390,,
180391,180391,627233,Barnaby Williams,active,180391,180391,180391,,
180399,180399,627235,Makoto Himeno,active,180399,180399,180399,,
180400,180400,627236,Ryota Hariu,active,180400,180400,180400,,
180401,180401,627238,Yoshito Kumada,active,180401,180401,180401,,
180402,180402,627239,Noriharu Kan,active,180402,180402,180402,,
180403,180403,627254,Kento Imai,active,180403,180403,180403,,
180405,180405,627255,Archie Whitehall,active,180405,180405,180405,,
180407,180407,627256,Jimmy Sinclair,active,180407,180407,180407,,
180408,539349,539349,Abdou Salam Konaté,active,180408,180408,539349,,539349
180410,180410,627259,Asier Hierro,active,180410,180410,180410,,
180411,180411,627260,Kou Sakai,active,180411,180411,180411,,
180413,180413,627263,Katsuto Yamagishi,active,180413,180413,180413,,
180414,180414,627271,Ryosuke Iwasaki,active,180414,180414,180414,,
180417,180417,627272,Ayumu Furuya,active,180417,180417,180417,,
180418,180418,627273,Minato Kamiyama,active,180418,180418,180418,,
180421,180421,627276,Kio Tanaka,active,180421,180421,180421,,
180424,180424,627279,Yuta Sugawara,active,180424,180424,180424,,
180425,180425,627287,Kaede Suzuki,active,180425,180425,180425,,
180427,539350,539350,Joaquín Freitas,active,180427,180427,539350,,539350
180428,180428,627296,Alejo Gelsomino,active,180428,180428,180428,,
180429,180429,627322,Carlos Guirao,active,180429,180429,180429,,
180430,180430,627323,Leonardo Rios,active,180430,180430,180430,,
180431,180431,627324,Marco Vicente,active,180431,180431,180431,,
180432,180432,627326,Yvan Djemba-Mbappé,active,180432,180432,180432,,
180433,180433,627329,Gaspard F. Ambassa,active,180433,180433,180433,,
180434,180434,627331,David Pérez,active,180434,180434,180434,,
180435,180435,627334,Mario Domínguez,active,180435,180435,180435,,
180436,180436,627335,Luis Maturana,active,180436,180436,180436,,
180440,180440,627336,Shunsuke Hayashi,active,180440,180440,180440,,
180441,180441,627350,Gioele Conte,active,180441,180441,180441,,
180443,180443,627352,Andrea Traniello,active,180443,180443,180443,,
180445,180445,627354,Yakuphan Sarıalioğlu,active,180445,180445,180445,,
180446,180446,627355,Edgar Costa,active,180446,180446,180446,,
180447,180447,627371,Tiago Queiroz,active,180447,180447,180447,,
180448,180448,627372,Ensar Tivsiz,active,180448,180448,180448,,
180449,180449,627379,Arone Gadou,active,180449,180449,180449,,
180450,180450,627381,Aristide Cornélis,active,180450,180450,180450,,
180453,180453,627382,Tom Chupin,active,180453,180453,180453,,
180454,180454,627391,Mattheo Guendez,active,180454,180454,180454,,
180455,180455,627392,Paul Eymard,active,180455,180455,180455,,
180456,180456,627394,Samy Achour,active,180456,180456,180456,,
180457,180457,627400,Mylan Toty,active,180457,180457,180457,,
180458,180458,627401,Noah Moulin,active,180458,180458,180458,,
180459,180459,627404,Ewan Hornech,active,180459,180459,180459,,
180460,180460,627406,Issam Cheikh,active,180460,180460,180460,,
180461,180461,627408,Peterson Paul,active,180461,180461,180461,,
180462,180462,627409,Lou Alexandre,active,180462,180462,180462,,
180467,180467,627413,Fallou Fall,active,180467,180467,180467,,
180468,180468,627415,Adil Hamdani,active,180468,180468,180468,,
180469,180469,627416,Evan Diamalunda,active,180469,180469,180469,,
180470,180470,627421,Lushendry Martes,active,180470,180470,180470,,
180471,180471,627422,Ángel Arcos,active,180471,180471,180471,,
180477,180477,627424,Joel Fontanet,active,180477,180477,180477,,
180478,539363,539363,Shaqueel van Persie,active,180478,180478,539363,,539363
180479,180479,627425,Jesper Zwart,active,180479,180479,180479,,
180535,180535,627428,Kaito Konomi,active,180535,180535,180535,,
180543,180543,627430,Kaoru Yamawaki,active,180543,180543,180543,,
180654,180654,627440,Hiroshi Iwasaki,active,180654,180654,180654,,
180709,180709,627441,Yan Carlos Vega,active,180709,180709,180709,,
180722,180722,627443,Kevin Cataño,active,180722,180722,180722,,
180727,180727,627448,Neider Parra,active,180727,180727,180727,,
180730,180730,627454,Juan José Viveros,active,180730,180730,180730,,
180806,180806,627455,Alejandro Ararat,active,180806,180806,180806,,
181187,181187,627458,Ezequel Morales,active,181187,181187,181187,,
181188,181188,627461,Jorge Montes,active,181188,181188,181188,,
181189,181189,627464,Nico Lozano,active,181189,181189,181189,,
181191,181191,627469,Kamil Üregen,active,181191,181191,181191,,
181192,181192,627479,Ege Araç,active,181192,181192,181192,,
181193,181193,627487,Eyüp Karasu,active,181193,181193,181193,,
181194,181194,627488,Yusuf Kahraman,active,181194,181194,181194,,
181199,181199,627494,Mikel Serrano,active,181199,181199,181199,,
181200,181200,627495,Martin James,active,181200,181200,181200,,
181201,181201,627502,Sam Alabi,active,181201,181201,181201,,
181202,181202,627503,Christian Frangella,active,181202,181202,181202,,
181203,181203,627507,Tommaso Macchioni,active,181203,181203,181203,,
181204,181204,627508,Jesper Schlich,active,181204,181204,181204,,
181205,181205,627510,Naba Mensah,active,181205,181205,181205,,
181206,181206,627519,Izei Hernández,active,181206,181206,181206,,
181207,181207,627522,Elias Legendre,active,181207,181207,181207,,
181209,181209,627524,Cruz Ibeh,active,181209,181209,181209,,
181210,181210,627546,Hayate Ueki,active,181210,181210,181210,,
181213,181213,627554,Calum Adamson,active,181213,181213,181213,,
181218,181218,627556,Tomás Marqués,active,181218,181218,181218,,
181220,181220,627557,Kirayno Schaken,active,181220,181220,181220,,
181222,181222,627558,C. Montecinos,active,181222,181222,181222,,
181225,181225,627564,Dani Cervera,active,181225,181225,181225,,
181226,181226,627567,Alberto Cordero,active,181226,181226,181226,,
181228,181228,627576,Marcos Leiva,active,181228,181228,181228,,
181229,181229,627577,Marco Román,active,181229,181229,181229,,
181230,181230,627578,Tomás Leyton,active,181230,181230,181230,,
181231,181231,627579,Alexandre Ebener,active,181231,181231,181231,,
181232,181232,627581,Noah Vidal-Cartoux,active,181232,181232,181232,,
181236,181236,627582,Adam Ilic,active,181236,181236,181236,,
181237,181237,627583,Esat Yiğit Alkurt,active,181237,181237,181237,,
181238,181238,627584,Prince Martor,active,181238,181238,181238,,
181240,181240,627588,Enes Can Olcay,active,181240,181240,181240,,
181241,181241,627591,Berke Can Evli,active,181241,181241,181241,,
181243,181243,627594,Arda Kabukcı,active,181243,181243,181243,,
181244,181244,627598,Ahmet Cömert,active,181244,181244,181244,,
181245,181245,627605,Muhammet Yaşar,active,181245,181245,181245,,
181246,181246,627608,Güneş Talas,active,181246,181246,181246,,
181247,181247,627610,Ertuğrul Demirel,active,181247,181247,181247,,
181253,181253,627611,Batuhan Eroğlu,active,181253,181253,181253,,
181255,181255,627613,Jaime García,active,181255,181255,181255,,
181259,181259,627615,Ángel Chans,active,181259,181259,181259,,
181260,181260,627638,C. Diarrassouba,active,181260,181260,181260,,
181261,181261,627641,Alfoussen Dramé,active,181261,181261,181261,,
181262,181262,627646,Cole Coughlin,active,181262,181262,181262,,
181264,181264,627650,Mouhamed Sissokho,active,181264,181264,181264,,
181265,181265,627654,Marco Decherf,active,181265,181265,181265,,
181266,181266,627655,Houssam Kounia,active,181266,181266,181266,,
181267,181267,627659,Luke Douglas,active,181267,181267,181267,,
181268,181268,627660,Ibon Badiola,active,181268,181268,181268,,
181269,181269,627661,Luis Orejuela,active,181269,181269,181269,,
181270,181270,627664,Aly Doumbia,active,181270,181270,181270,,
181271,181271,627681,Carlos Macià,active,181271,181271,181271,,
181272,181272,627682,Mamoudou Cissokho,active,181272,181272,181272,,
181273,181273,627685,Ronnie Hollingshead,active,181273,181273,181273,,
181274,181274,627686,Cemilhan Aslan,active,181274,181274,181274,,
181275,181275,627690,Muhammet Akmelek,active,181275,181275,181275,,
181279,181279,627691,Younes el Meftahi,active,181279,181279,181279,,
181280,181280,627692,Xanet Oláiz,active,181280,181280,181280,,
181281,181281,627693,Sergio Berrar,active,181281,181281,181281,,
181283,181283,627695,Zadig Lanssade,active,181283,181283,181283,,
181285,181285,627696,Gilles van der Wal,active,181285,181285,181285,,
181286,181286,627699,Semih Doğanay,active,181286,181286,181286,,
181288,181288,627702,Malcom Dacosta,active,181288,181288,181288,,
181290,181290,627708,Paulo Rojas,active,181290,181290,181290,,
181334,181334,627712,Heydar Dhikrullah,active,8569942,8569942,181334,,
181367,181367,627722,Larbi Mir,active,8569975,8569975,181367,,
181372,181372,627725,Mbekezeli Mbokazi,active,181372,181372,181372,,
181374,181374,627732,Thabang Matuludi,active,181374,181374,181374,,
181375,181375,627734,Tshepang Moremi,active,181375,181375,181375,,
181376,181376,627737,Khulumani Ndamane,active,181376,181376,181376,,
181382,539379,539379,Hamza Abdelkarim,active,181382,181382,539379,,539379
181395,181395,627741,James Bogere,active,181395,181395,181395,,
181401,181401,627743,Sasha Guidi,active,181401,181401,181401,,
181402,539381,539381,Arda Yılmaz,active,181402,181402,539381,,539381
181404,181404,627744,Hugo Barbier,active,181404,181404,181404,,
181405,181405,627746,Kenny Quetant,active,181405,181405,181405,,
181406,181406,627748,Iker Ortín,active,181406,181406,181406,,
181407,181407,627753,Lorenzo Luchino,active,181407,181407,181407,,
181409,181409,627757,Carlos de Roa,active,181409,181409,181409,,
181410,539385,539385,José Neto,active,181410,181410,539385,,539385
181411,181411,627758,Joél Drakes-Thomas,active,181411,181411,181411,,
181412,181412,627764,Ben Casey,active,181412,181412,181412,,
181416,539388,539388,Noé Carrillo,active,181416,181416,539388,,539388
181419,539395,539395,Jinairo Johnson,active,181419,181419,539395,,539395
181420,181420,627775,Philip Søndergaard,active,181420,181420,181420,,
181421,181421,627779,Rasul Wael,active,8570029,8570029,181421,,
181436,181436,627780,Saheed Olagunju,active,181436,181436,181436,,
181437,181437,627782,Kareem Tunde,active,181437,181437,181437,,
181438,181438,627786,Mohamed Zeghadi,active,181438,181438,181438,,
181439,181439,627787,Wassim Elasri,active,181439,181439,181439,,
181441,181441,627793,Cihan Akgün,active,181441,181441,181441,,
181442,181442,627794,Oğulcan Yançel,active,181442,181442,181442,,
181443,181443,627797,Tuur Dierickx,active,181443,181443,181443,,
181444,181444,627798,Charli Spoden,active,181444,181444,181444,,
181445,181445,627799,Eren Kılıç,active,181445,181445,181445,,
181447,181447,627802,Francisco Baridó,active,181447,181447,181447,,
181448,181448,627803,Mathis Lainé,active,181448,181448,181448,,
181451,181451,627805,Jean-Tryfose Mambuku,active,181451,181451,181451,,
181452,181452,627819,Maël Debondt,active,181452,181452,181452,,
181453,181453,627829,Fred Ondoa Onambele,active,181453,181453,181453,,
181454,181454,627832,Preston Zenga,active,181454,181454,181454,,
181455,181455,627839,Christ Batola,active,181455,181455,181455,,
181456,181456,627846,Yanis Monkolot,active,181456,181456,181456,,
181457,181457,627847,Adams Diabaté,active,181457,181457,181457,,
181459,181459,627854,Mamadou Koné,active,181459,181459,181459,,
181461,181461,627855,Izak Akakpo,active,181461,181461,181461,,
181462,181462,627858,Ilias Miraoui,active,181462,181462,181462,,
181463,181463,627860,Ibrahima Diakité,active,181463,181463,181463,,
181464,181464,627869,Joël Matondo,active,181464,181464,181464,,
181465,181465,627870,Aaron Thomson,active,181465,181465,181465,,
181467,181467,627874,Jandro García,active,181467,181467,181467,,
181468,181468,627892,Unai Santos,active,181468,181468,181468,,
181469,539447,539447,Ilane Touré,active,181469,181469,539447,,539447
181470,181470,627893,Lamfia Dioubaté,active,181470,181470,181470,,
181471,181471,627899,Leon Routh,active,181471,181471,181471,,
181472,181472,627900,Ali İmran Işık,active,181472,181472,181472,,
181473,181473,627901,Lucas Marezi,active,181473,181473,181473,,
181474,181474,627902,Gustavo Veiga,active,181474,181474,181474,,
181477,181477,627904,Claudinho,active,181477,181477,181477,,
181478,181478,627919,Kauan Stabelini,active,181478,181478,181478,,
181480,181480,627925,Anis Fatahine,active,181480,181480,181480,,
181481,181481,627928,Emanuele Borsani,active,181481,181481,181481,,
181483,181483,627944,Paolo Limon,active,181483,181483,181483,,
181484,181484,627946,Millan Brignone,active,181484,181484,181484,,
181485,181485,627947,Stephane Noumbissie,active,181485,181485,181485,,
181486,181486,627950,Nathan Mbala,active,181486,181486,181486,,
181487,181487,627951,Tahirys Dos Santos,active,181487,181487,181487,,
181488,181488,627955,Jean-Baptiste Bosey,active,181488,181488,181488,,
181489,539450,539450,Daniel Banjaqui,active,181489,181489,539450,,539450
181490,181490,627965,Charlie Gray,active,181490,181490,181490,,
181491,181491,627968,Nathan Dlamini,active,181491,181491,181491,,
181492,181492,627974,Mehmet Öz,active,181492,181492,181492,,
181493,181493,627975,Nattio Sonnerat,active,181493,181493,181493,,
181494,181494,627978,Maël Gernigon,active,181494,181494,181494,,
181495,181495,627982,Sebastian Walker,active,181495,181495,181495,,
181497,181497,627989,Muhammed Bah,active,181497,181497,181497,,
181498,181498,627991,Hakeem Agboluaje,active,181498,181498,181498,,
181500,539459,539459,Abdellah Ouazane,active,181500,181500,539459,,539459
181510,181510,627995,Josh Bickerton,active,181510,181510,181510,,
181515,181515,627999,Mattia Alborghetti,active,181515,181515,181515,,
181516,181516,628069,Michele Sanguineti,active,181516,181516,181516,,
181519,181519,628084,Mustafa Kök,active,181519,181519,181519,,
181520,181520,628085,Alaettin Ekici,active,181520,181520,181520,,
181521,181521,628086,Luiz Otávio,active,181521,181521,181521,,
181526,181526,628090,Vincenzo Prisco,active,181526,181526,181526,,
181527,181527,628098,Ahmet Bircan,active,181527,181527,181527,,
181529,181529,628103,Joshua Nga Kana,active,181529,181529,181529,,
181544,181544,628104,Thomas Rousseau,active,181544,181544,181544,,
181545,181545,628107,Thierno Bah,active,181545,181545,181545,,
181546,181546,628108,Yanis Beau Djellel,active,181546,181546,181546,,
181548,181548,628118,Emilien Grosso,active,181548,181548,181548,,
181549,181549,628119,Mamadou Sadio,active,181549,181549,181549,,
181550,181550,628124,Lasse Legolas,active,181550,181550,181550,,
181554,181554,628127,Emmanuel Danso,active,181554,181554,181554,,
181556,181556,628133,Cyril Edudzi,active,181556,181556,181556,,
181557,181557,628155,Martin Sjølstad,active,181557,181557,181557,,
181561,181561,628157,Luís Martins,active,181561,181561,181561,,
181562,181562,628163,Ayoube Amaimouni E.,active,181562,181562,181562,,
181565,181565,628166,Julio Díaz,active,181565,181565,181565,,
181566,181566,628174,Iker Luque,active,181566,181566,181566,,
181567,181567,628180,Joselillo Gaitán,active,181567,181567,181567,,
181568,181568,628182,Álvaro Jiménez,active,181568,181568,181568,,
181569,181569,628187,Arthur Vignaud,active,181569,181569,181569,,
181570,181570,628190,Noah Nsoki,active,181570,181570,181570,,
181571,181571,628201,Doumbia Koné,active,181571,181571,181571,,
181574,539473,539473,Mattia Pellini,active,181574,181574,539473,,539473
181575,181575,628203,George Wynne,active,181575,181575,181575,,
181576,181576,628205,William Burrell,active,181576,181576,181576,,
181577,181577,628207,Alfie McNally,active,181577,181577,181577,,
181578,181578,628213,TJ Carroll,active,181578,181578,181578,,
181582,181582,628215,Issa Traoré,active,181582,181582,181582,,
181583,181583,628225,Vegard Erlien,active,181583,181583,181583,,
181584,181584,628231,Angel Yondjo,active,181584,181584,181584,,
181585,181585,628237,Saad Boussadia,active,181585,181585,181585,,
181586,181586,628239,Noah Dupont,active,181586,181586,181586,,
181587,181587,628244,Braiden Graham,active,181587,181587,181587,,
181593,181593,628251,Mathis Mout,active,181593,181593,181593,,
181594,181594,628254,Devlan Moses,active,181594,181594,181594,,
181595,181595,628256,Ignacio Sosa,active,181595,181595,181595,,
181600,181600,628258,Hather Cuesta,active,181600,181600,181600,,
181601,181601,628260,Fabricio Sanguinetti,active,181601,181601,181601,,
181602,181602,628262,Prakiattichai S.,active,181602,181602,181602,,
181645,181645,628264,Albion Rrahmani,active,181645,181645,181645,,
181661,181661,628267,Filippo D'Emilio,active,181661,181661,181661,,
181662,181662,628269,Adrián Riquelme,active,181662,181662,181662,,
181664,181664,628270,Wuttikai Sritong,active,181664,181664,181664,,
181665,181665,628277,Mauro Lenaerts,active,181665,181665,181665,,
181666,181666,628280,Robin Thiland-Herard,active,181666,181666,181666,,
181667,181667,628281,K. Kamdem Kamgaing,active,181667,181667,181667,,
181668,181668,628296,Haruto Fujii,active,181668,181668,181668,,
181669,181669,628308,Chibuike Nwaiwu,active,181669,52900038624677,181669,,
181670,181670,628309,Ousmane Diabate,active,181670,181670,181670,,
181673,181673,628317,Tristan Panduro,active,181673,181673,181673,,
181679,181679,628342,Miguel Pernía,active,181679,181679,181679,,
181680,181680,628379,Tidiane Diarrassouba,active,181680,181680,181680,,
181681,181681,628381,Ömer Akdağ,active,181681,181681,181681,,
181682,181682,628383,A. Kader Moussa Kone,active,181682,181682,181682,,
181683,181683,628385,Ahmed Traore,active,181683,181683,181683,,
181692,181692,628389,Ali Pağda,active,181692,181692,181692,,
181693,181693,628390,Futa Tokumura,active,181693,181693,181693,,
181694,181694,628391,Tanakon Pinkaew,active,181694,181694,181694,,
181695,181695,628393,Wathanyu Nairatsami,active,181695,181695,181695,,
181696,181696,628402,Lucas Villalba,active,181696,181696,181696,,
181699,181699,628412,Arthur Moura,active,181699,181699,181699,,
181701,181701,628420,Matheus dos Santos,active,181701,181701,181701,,
181702,181702,628423,Daniel Semedo,active,181702,181702,181702,,
181703,181703,628447,Noah Le Gal,active,181703,181703,181703,,
181704,181704,628454,Enzo Somon,active,181704,181704,181704,,
181705,181705,628461,Daniel Akinleye,active,181705,181705,181705,,
181706,181706,628464,Chanasorn Kaewyos,active,181706,181706,181706,,
181707,181707,628473,Alex Tamm,active,181707,181707,181707,,
181717,181717,628481,Sergio Esteban,active,181717,181717,181717,,
181718,181718,628489,Manex Lozano,active,181718,181718,181718,,
181719,181719,628492,Ejike Opara,active,181719,181719,181719,,
181720,181720,628504,Wisdom Acquah,active,181720,181720,181720,,
181721,181721,628506,Briar Bateman,active,181721,181721,181721,,
181722,181722,628514,Victor Gidado,active,181722,181722,181722,,
181723,181723,628529,Karamba Gassama,active,181723,181723,181723,,
181724,181724,628538,Pepê Fermino,active,181724,181724,181724,,
181745,181745,628546,Zakarya Khaldi,active,181745,181745,181745,,
181746,181746,628547,Erawan Garnier,active,181746,181746,181746,,
181747,181747,628548,Kayyum Alabi,active,181747,181747,181747,,
181748,181748,628559,Louis Reynaud,active,181748,181748,181748,,
181749,539478,539478,Oskar Pietuszewski,active,181749,181749,539478,,539478
181750,181750,628565,Malik Olayiwola,active,181750,181750,181750,,
181751,181751,628566,Aruto Higuchi,active,181751,181751,181751,,
181754,181754,628570,Luka Didulica,active,181754,181754,181754,,
181755,181755,628571,Yuki Yoshihara,active,181755,181755,181755,,
181756,181756,628577,Ginjiro Ikegaya,active,181756,181756,181756,,
181757,181757,628580,Harumu Kubo,active,181757,181757,181757,,
181758,181758,628583,Sota Ito,active,181758,181758,181758,,
181759,181759,628585,David Aizawa,active,181759,181759,181759,,
181760,181760,628595,Keigo Suzuki,active,181760,181760,181760,,
181761,181761,628598,Um Joo-Young,active,181761,181761,181761,,
181770,181770,628599,Nicolò Ballabio,active,181770,181770,181770,,
181771,181771,628601,James Kay,active,181771,181771,181771,,
181772,181772,628607,Ryuki Osa,active,181772,181772,181772,,
181774,181774,628612,Sota Ofuji,active,181774,181774,181774,,
181798,181798,628613,Shota Yamashita,active,181798,181798,181798,,
181799,181799,628623,Kishin Shimatani,active,181799,181799,181799,,
181800,181800,628625,Koki Ando,active,181800,106775839950376,181800,,
181806,181806,628629,Timo Schreuder,active,181806,181806,181806,,
181807,181807,628632,Arman Nahany,active,181807,181807,181807,,
181810,181810,628635,Ousmane Sow,active,181810,181810,181810,,
181811,181811,628637,Martín Suárez,active,181811,181811,181811,,
181812,539479,539479,Mussa Kaba,active,181812,181812,539479,,539479
181824,181824,628653,Dilan Villarreal,active,181824,181824,181824,,
181840,181840,628657,Harley Price,active,181840,181840,181840,,
181843,181843,628659,Marko Šarić,active,181843,181843,181843,,
181844,181844,628660,Danuphon Buppha,active,181844,181844,181844,,
181845,181845,628664,Simon Caillet,active,181845,181845,181845,,
181846,181846,628671,Ahmet Tekke,active,181846,181846,181846,,
181847,181847,628673,Oğuzhan Ertem,active,181847,181847,181847,,
181848,181848,628676,Selahattin Sevim,active,181848,181848,181848,,
181849,181849,628677,Ercüment Sancaklı,active,181849,181849,181849,,
181850,181850,628679,Ryan Metu,active,181850,181850,181850,,
181851,181851,628695,José Franco,active,181851,181851,181851,,
181864,181864,628700,Reijin Kou,active,181864,181864,181864,,
181865,181865,628701,Harumu Nabeshima,active,181865,181865,181865,,
181866,181866,628703,Roh Hyeong-Jun,active,181866,181866,181866,,
181869,181869,628705,Thanphisit P.,active,181869,181869,181869,,
181870,181870,628706,Siwat Chomphooviset,active,181870,181870,181870,,
181871,181871,628715,Ratchanon P.,active,181871,181871,181871,,
181876,181876,628716,Samuel Alves,active,181876,181876,181876,,
181884,181884,628722,Tian Nai Koren,active,181884,181884,181884,,
181885,181885,628725,Weslen Júnior,active,181885,181885,181885,,
181886,181886,628726,Leonardo Justiniano,active,181886,181886,181886,,
181887,181887,628730,Álex Calvo,active,181887,181887,181887,,
181893,181893,628731,Louis Rieder,active,181893,181893,181893,,
181894,181894,628735,Arthur Lallias,active,181894,181894,181894,,
181895,181895,628741,Kenay Myrie,active,181895,181895,181895,,
181896,181896,628745,Tanapat Hongkhiao,active,181896,181896,181896,,
181897,181897,628748,Neil Farrugia,active,181897,181897,181897,,
181900,181900,628749,Jake Young,active,181900,181900,181900,,
181901,539499,539499,Zalán Kugyela,active,181901,181901,539499,,539499
181902,181902,628750,Pedro Assis,active,181902,181902,181902,,
181905,181905,628754,Luís Balbo,active,181905,181905,181905,,
181915,539504,539504,Gabriele Casentini,active,181915,181915,539504,,539504
181916,539505,539505,Dominik Drobnič,active,181916,181916,539505,,539505
181917,181917,628757,Eivind Helland,active,181917,181917,181917,,
181925,181925,628764,Matias Lozano,active,181925,181925,181925,,
181926,181926,628766,Andrés Salazar,active,181926,181926,181926,,
181927,181927,628767,Dereck Moncada,active,181927,181927,181927,,
181939,181939,628769,Luis Jeiner Moreno,active,181939,181939,181939,,
181942,181942,628772,Julián Castillo,active,181942,181942,181942,,
181943,181943,628773,Jhon Romana,active,181943,181943,181943,,
181944,181944,628774,Luis Marquínez,active,181944,181944,181944,,
181946,181946,628775,Besfort Zeneli,active,181946,181946,181946,,
181948,181948,628776,Máximo Rodríguez,active,181948,181948,181948,,
181950,181950,628777,Rafiu Durosinmi,active,181950,181950,181950,,
181957,541010,541010,Murad Al Hawsawi,active,16959173,16959173,541010,,541010
181958,541014,541014,Rayan Al Dossary,active,16959174,16959174,541014,,541014
181967,541019,541019,Karam Hadi,active,16959183,16959183,541019,,541019
181968,541029,541029,Zaid Burhan Mahmoud,active,16959184,16959184,541029,,541029
181969,541051,541051,Sultan Majed,active,16959185,16959185,541051,,541051
181970,541054,541054,Tameem Al Qadi,active,16959186,16959186,541054,,541054
181971,181971,628778,Nicolás Blanco,active,181971,181971,181971,,
181972,181972,628781,Tomás López,active,181972,181972,181972,,
181973,181973,628783,Bema Sina,active,181973,181973,181973,,
181974,181974,628784,Álex Sánchez,active,181974,181974,181974,,
181975,181975,628785,Patricio Schroeder,active,181975,181975,181975,,
181977,181977,628786,Máximo Cabrera,active,181977,181977,181977,,
181978,181978,628787,Valentín González,active,181978,181978,181978,,
181979,181979,628790,Baba Diocou,active,181979,181979,181979,,
181980,539549,539549,Keiber Lamadrid,active,181980,181980,539549,,539549
181981,181981,628794,Kevon Gray,active,181981,181981,181981,,
181982,181982,628802,Carlos Pérez,active,181982,181982,181982,,
181987,181987,628811,Jhordy Camacho,active,181987,181987,181987,,
181990,181990,628814,Lucas Herrington,active,181990,181990,181990,,
181993,181993,628815,Javier Domínguez,active,181993,181993,181993,,
181994,181994,628818,Milovan Velásquez,active,181994,181994,181994,,
181995,181995,628826,Pablo Rodríguez,active,181995,181995,181995,,
181996,181996,628827,Joshua Arancibia,active,181996,181996,181996,,
181998,181998,628828,Paolo Giaccone,active,181998,181998,181998,,
182005,182005,628829,Shun Matsuda,active,182005,182005,182005,,
182007,182007,628835,Haruki Hayashi,active,182007,182007,182007,,
182008,182008,628836,A. De Wannemacker,active,182008,182008,182008,,
182009,182009,628852,Björn Menzo,active,182009,182009,182009,,
182015,182015,628857,Federico Rodríguez,active,182015,182015,182015,,
182017,182017,628867,Osmar Giménez,active,182017,182017,182017,,
182020,182020,628882,Theo Bergvall,active,182020,182020,182020,,
182027,182027,628896,Pedro Milans,active,182027,182027,182027,,
182028,182028,628897,Moctar Diop,active,182028,182028,182028,,
182033,182033,628898,Thanawat Deelert,active,182033,182033,182033,,
182034,182034,628899,Achita Nawathit,active,182034,182034,182034,,
182035,182035,628900,Babacar Fati,active,182035,182035,182035,,
182038,182038,628917,Aitor García,active,182038,182038,182038,,
182039,182039,628923,Herman Johansson,active,182039,182039,182039,,
182044,182044,628932,Federico Laurelli,active,182044,182044,182044,,
182046,182046,628935,Rodrigo Marina,active,182046,182046,182046,,
182047,182047,628937,Simon Eriksson,active,182047,182047,182047,,
182053,182053,628954,Kazuki Fukushima,active,182053,182053,182053,,
182054,182054,628956,Francesco Fiorelli,active,182054,182054,182054,,
182055,182055,628958,Álvaro García,active,182055,182055,182055,,
182056,182056,628961,Lucas Sanseviero,active,182056,182056,182056,,
182057,182057,628962,Anis Doubal,active,182057,182057,182057,,
182059,182059,628963,Jah-Mason Telusson,active,182059,182059,182059,,
182061,182061,628965,Alwande Roaldsøy,active,182061,182061,182061,,
182062,539552,539552,Anísio Cabral,active,182062,182062,539552,,539552
182064,182064,628968,Tyrone Samba,active,182064,182064,182064,,
182065,182065,628970,Kian Noble,active,182065,182065,182065,,
182067,182067,628973,Takumi Matsumura,active,182067,182067,182067,,
182072,182072,628976,Héctor Bobadilla,active,182072,182072,182072,,
182073,182073,628977,Alex Tóth,active,182073,182073,182073,,
182074,182074,628981,Charlie Stevens,active,182074,182074,182074,,
182077,539559,539559,Alexander Shaw,active,182077,182077,539559,,539559
182078,182078,628983,Yugasubedei Takenoya,active,182078,182078,182078,,
182079,182079,628985,Thalisson Alves,active,182079,182079,182079,,
182080,182080,628987,Shido Tanaka,active,182080,182080,182080,,
182081,182081,628990,Rei Shimano,active,182081,182081,182081,,
182082,182082,628992,Edoardo Morucci,active,182082,182082,182082,,
182088,182088,628994,Daniel Ezendu,active,182088,182088,182088,,
182090,182090,628998,Ippei Takahashi,active,182090,182090,182090,,
182091,182091,628999,Yota Sugiyama,active,182091,182091,182091,,
182092,182092,629005,Hayato Kawahara,active,182092,182092,182092,,
182093,182093,629007,Tomás Blandón,active,182093,182093,182093,,
182102,182102,629008,Mads Hedenstad,active,182102,182102,182102,,
182103,140858,140858,David Rodríguez,active,182103,182103,140858,,140858
182104,182104,629009,Jesús Campo,active,182104,182104,182104,,
182105,182105,629010,Oscar Caicedo,active,182105,182105,182105,,
182106,182106,629012,Frank Martínez,active,182106,182106,182106,,
182107,182107,629014,Daniel Mesonero,active,182107,182107,182107,,
182108,182108,629017,Rio Robbemond,active,182108,182108,182108,,
182110,182110,629022,David Fernández,active,182110,182110,182110,,
182111,182111,629023,Nazareno Roselli,active,182111,182111,182111,,
182112,182112,629024,Simon Escobar,active,182112,182112,182112,,
182113,182113,629025,Lucio Ferrari,active,182113,182113,182113,,
182114,182114,629027,Lautaro Ortiz,active,182114,182114,182114,,
182115,182115,629029,Facundo Jainikoski,active,182115,182115,182115,,
182116,182116,629030,Tommaso Guizzo,active,182116,182116,182116,,
182137,182137,629033,Shun Fukumoto,active,182137,182137,182137,,
182138,182138,629036,Toshiya Matsuoka,active,182138,182138,182138,,
182139,182139,629038,Sora Masuda,active,182139,182139,182139,,
182142,182142,629039,Riku Sakata,active,182142,182142,182142,,
182145,182145,629040,McGhee Jelani Ren,active,182145,182145,182145,,
182146,182146,629042,Michele Staccioli,active,182146,182146,182146,,
182149,182149,629050,Yuto Sakurai,active,182149,182149,182149,,
182154,182154,629053,Hikaru Iwase,active,182154,182154,182154,,
182158,182158,629072,Takumi Matsui,active,182158,182158,182158,,
182159,182159,629077,Gota Yamaguchi,active,182159,182159,182159,,
182163,182163,629082,Tokito Mizumaki,active,182163,182163,182163,,
182164,182164,629091,Keishin Yoshikawa,active,182164,182164,182164,,
182167,182167,629092,Francisco Chavarría,active,182167,182167,182167,,
182168,182168,629099,Felipe Reyes,active,182168,182168,182168,,
182169,182169,629100,Martín Muñoz,active,182169,182169,182169,,
182170,182170,629101,Samuel Córdova,active,182170,182170,182170,,
182171,182171,629113,M. Fernández,active,182171,182171,182171,,
182172,182172,629115,Julio Núñez,active,182172,182172,182172,,
182173,182173,629116,Marcos Álvarez,active,182173,182173,182173,,
182174,182174,629121,Alex Herráiz,active,182174,182174,182174,,
182175,539562,539562,Gonzalo Gelini,active,182175,182175,539562,,539562
182176,182176,629122,Marcos López,active,182176,182176,182176,,
182178,182178,629125,Jerome Abbey,active,182178,182178,182178,,
182180,182180,629132,Ignacio Cruzat,active,182180,182180,182180,,
182184,539576,539576,Adrian Przyborek,active,182184,182184,539576,,539576
182185,182185,629136,Bastian Sandoval,active,182185,182185,182185,,
182186,182186,629143,Cristian Michea,active,182186,182186,182186,,
182187,182187,629144,Ángel Carvajal,active,182187,182187,182187,,
182188,182188,629146,Vicente Cisternas,active,182188,182188,182188,,
182189,182189,629148,Matías Moya,active,182189,182189,182189,,
182190,182190,629153,Bruno Torres,active,182190,182190,182190,,
182191,182191,629157,Yastin Cuevas,active,182191,182191,182191,,
182192,182192,629159,Gabriel Maureira,active,182192,182192,182192,,
182193,182193,629164,Vicente Martínez,active,182193,182193,182193,,
182194,182194,629168,Santiago Tapia,active,182194,182194,182194,,
182195,182195,629174,Bouke Boersma,active,182195,182195,182195,,
182199,182199,629181,Lars Van Parys,active,182199,182199,182199,,
182200,182200,629188,Benjamín Villarroel,active,182200,182200,182200,,
182201,182201,629219,Agustín Albarracín,active,182201,182201,182201,,
182202,182202,629222,Viggo Plantinga,active,182202,182202,182202,,
182203,182203,629228,Maximiliano Mateluna,active,182203,182203,182203,,
182204,182204,629249,Gaspar Ruz,active,182204,182204,182204,,
182205,182205,629274,Albert Gómez,active,182205,182205,182205,,
182206,182206,629275,Renato Canto,active,182206,182206,182206,,
182207,182207,629276,Mouhamadou Sall,active,182207,182207,182207,,
182210,539579,539579,Christian Garofalo,active,182210,182210,539579,,539579
182211,182211,629277,Facundo Alaggia,active,182211,182211,182211,,
182213,182213,629278,Ransford Amoo,active,182213,182213,182213,,
182216,182216,629279,Everton,active,182216,182216,182216,,
182220,182220,629297,Mahmut Can Kara,active,182220,182220,182220,,
182223,182223,629301,Yannick Bujard,active,182223,182223,182223,,
182224,182224,629302,Giacomo Koloto,active,182224,182224,182224,,
182225,182225,629303,Stefan Bukinac,active,182225,182225,182225,,
182226,182226,629308,Melker Jonsson,active,182226,182226,182226,,
182227,182227,629311,Afeez Aremu,active,182227,182227,182227,,
182228,182228,629313,Owen Elding,active,182228,182228,182228,,
182229,182229,629316,Arthur Borghi,active,182229,182229,182229,,
182232,182232,629317,P. Mbatshi Mukuba,active,182232,182232,182232,,
182239,182239,629320,António Gil,active,182239,182239,182239,,
182240,182240,629321,Miguel Silva,active,182240,182240,182240,,
182241,182241,629322,Tiernan Brooks,active,182241,182241,182241,,
182242,182242,629325,Ife Ibrahim,active,182242,182242,182242,,
182243,182243,629326,Brando Bailey-Joseph,active,182243,182243,182243,,
182244,182244,629327,Fernando Pradella,active,182244,182244,182244,,
182248,182248,629329,Ville Koski,active,182248,182248,182248,,
182249,182249,629331,Kéfren Ali,active,182249,182249,182249,,
182250,182250,629334,Yanis Sofikitis,active,182250,182250,182250,,
182251,182251,629339,Tyrese Noubissie,active,182251,182251,182251,,
182252,182252,629341,Tye Hall,active,182252,182252,182252,,
182258,182258,629344,Lapo Deli,active,182258,182258,182258,,
182261,182261,629345,Arran Kerr,active,182261,182261,182261,,
182263,182263,629346,Pablo Ferreira,active,182263,182263,182263,,
182270,182270,629349,Hajime Hidaka,active,182270,182270,182270,,
182278,182278,629350,Elijah Gift,active,182278,182278,182278,,
182279,182279,629355,Seb Naylor,active,182279,182279,182279,,
182285,182285,629361,Carlos Londoño,active,182285,182285,182285,,
182287,182287,629362,Miguel Silva,active,182287,182287,182287,,
182292,182292,629363,Faiber Arroyo,active,182292,182292,182292,,
182293,182293,629368,Mateo Gómez,active,182293,182293,182293,,
182294,182294,629371,Ingmar Mulder,active,182294,182294,182294,,
182301,182301,629372,Luka Bentt,active,182301,182301,182301,,
182302,182302,629375,Joey Zwaan,active,182302,182302,182302,,
182317,182317,629377,Jorge Valencia,active,182317,182317,182317,,
182319,182319,629382,Martín González,active,182319,182319,182319,,
182320,182320,629383,Joel Ahumada,active,182320,182320,182320,,
182321,182321,629384,Vicente Zenteno,active,182321,182321,182321,,
182322,182322,629386,Tomás Cayuqueo,active,182322,182322,182322,,
182323,182323,629394,Ricardo Rebolledo,active,182323,182323,182323,,
182326,182326,629401,Nabil Homssa,active,182326,182326,182326,,
182332,182332,629405,Erk Aslan,active,182332,182332,182332,,
182333,182333,629408,Burak Gültekin,active,182333,182333,182333,,
182334,182334,629419,Ahmet Taha Dağbaşı,active,182334,182334,182334,,
182335,182335,629432,Prapot Chongcharoen,active,182335,182335,182335,,
182336,182336,629467,Emeka Adiele,active,182336,182336,182336,,
182339,182339,629480,Ata Yanık,active,182339,182339,182339,,
182340,182340,629482,Ansoumana Dansokho,active,182340,182340,182340,,
182341,182341,629490,Lenny Sylla,active,182341,182341,182341,,
182342,182342,629491,Axel Lassus,active,182342,182342,182342,,
182343,182343,629506,Yaya Onogo,active,182343,182343,182343,,
182344,182344,629517,Luka Latsabidze,active,182344,182344,182344,,
182345,182345,629529,Mücahid Özata,active,182345,182345,182345,,
182347,182347,629531,Ramazan Özçelik,active,182347,182347,182347,,
182348,182348,629554,Mevlüt Şimşek,active,182348,182348,182348,,
182349,182349,629557,İbrahim Kencu,active,182349,182349,182349,,
182350,182350,629558,Kayra İlkbaharlılar,active,182350,182350,182350,,
182351,539580,539580,Can Armando Güner,active,182351,182351,539580,,539580
182357,182357,629563,Michael Agbekpornu,active,182357,182357,182357,,
182362,182362,629564,Nevio Scherrer,active,182362,182362,182362,,
182363,182363,629576,Unax del Cura,active,182363,182363,182363,,
182365,182365,629585,Geovanni Vianney,active,182365,182365,182365,,
182366,182366,629586,Julius Emefile,active,182366,182366,182366,,
182367,182367,629592,William Kirk,active,182367,182367,182367,,
182368,182368,629595,M. Chris Paalberg,active,182368,182368,182368,,
182370,182370,629597,Ante Šuto,active,182370,182370,182370,,
182371,182371,629600,Emmanuel Agyei,active,182371,182371,182371,,
182372,182372,629610,Benjamin Örn,active,182372,182372,182372,,
182373,182373,629612,Andrej Popović,active,182373,182373,182373,,
182376,182376,629615,Ali Youssif,active,182376,182376,182376,,
182378,182378,629617,Charlie Holland,active,182378,182378,182378,,
182383,182383,629619,Vojin Serafimović,active,182383,182383,182383,,
182385,182385,629627,Ismael Fadel,active,182385,182385,182385,,
182386,182386,629628,Chibuike Ugochukwu,active,182386,182386,182386,,
182387,182387,629630,Yoann Becker,active,182387,182387,182387,,
182396,539584,539584,Ryan Naderi,active,182396,182396,539584,,539584
182397,182397,629633,Yahia Jlidi,active,182397,182397,182397,,
182398,182398,629648,El Bachir Ngom,active,182398,182398,182398,,
182399,182399,629652,Sunao Kidera,active,182399,182399,182399,,
182400,182400,629661,Rhys Bozinovski,active,182400,182400,182400,,
182401,182401,629662,Branimir Mlačić,active,182401,182401,182401,,
182404,182404,629664,Riku Izawa,active,182404,182404,182404,,
182406,182406,629667,Néifer Sánchez,active,182406,182406,182406,,
182409,182409,629670,Valentín Loza,active,182409,182409,182409,,
182411,539596,539596,Luca Reggiani,active,182411,52899233319051,539596,,539596
182419,182419,629674,Haruto Nakajima,active,182419,182419,182419,,
182420,182420,629675,Kyosuke Iseri,active,182420,182420,182420,,
182423,539598,539598,Joshua Ajala,active,182423,182423,539598,,539598
182433,182433,629697,José Cáceres,active,182433,182433,182433,,
182434,182434,629699,Sebastián Urzúa,active,182434,182434,182434,,
182435,182435,629701,Benjamín Leiva,active,182435,182435,182435,,
182436,182436,629702,Maximiliano Osorio,active,182436,182436,182436,,
182437,182437,629729,Agustín Salazar,active,182437,182437,182437,,
182438,182438,629734,Mathias González,active,182438,182438,182438,,
182440,182440,629745,Jorge Herrero,active,182440,182440,182440,,
182441,182441,629768,Raphael P. Otegbayo,active,182441,182441,182441,,
182443,182443,629771,Pedro Dayan,active,182443,182443,182443,,
182444,182444,629804,Paul Mendy,active,182444,182444,182444,,
182446,182446,629820,Ibrahima Cisse,active,182446,182446,182446,,
182447,182447,629824,Mamadou Diallo,active,182447,182447,182447,,
182454,539600,539600,Jesse Derry,active,182454,182454,539600,,539600
182455,182455,629851,Ceadach O'Neill,active,182455,182455,182455,,
182456,182456,629864,Rudi Almeida,active,182456,182456,182456,,
182457,182457,629872,Rubén Catalá,active,182457,182457,182457,,
182458,182458,629974,Junior Ake,active,182458,182458,182458,,
182459,182459,630159,Floyd Samba,active,182459,182459,182459,,
182460,182460,630160,S. Sillah Dibaga,active,182460,182460,182460,,
182461,182461,630161,Tommy Dobson-Ventura,active,182461,182461,182461,,
182462,182462,630164,Samuel Wiafe,active,182462,182462,182462,,
182464,182464,630165,Teppei Shiojiri,active,182464,182464,182464,,
182468,182468,630166,Jose Palacios,active,182468,182468,182468,,
182469,182469,630171,John Banguera,active,182469,182469,182469,,
182470,182470,630178,Nivaldo Erazo,active,182470,182470,182470,,
182472,182472,630181,Luis Piedrahita,active,182472,182472,182472,,
182473,182473,630182,Keiner Klinger,active,182473,182473,182473,,
182474,182474,630183,Jaidinson Córdoba,active,182474,182474,182474,,
182476,182476,630184,Alan Valdelamar,active,182476,182476,182476,,
182477,182477,630186,Santiago Martinez,active,182477,182477,182477,,
182478,182478,630193,Deimer Longas,active,182478,182478,182478,,
182480,182480,630196,Tobías Bovone,active,182480,182480,182480,,
182481,182481,630197,Aaron Mayol,active,182481,182481,182481,,
182482,182482,630238,Jur Schipper,active,182482,182482,182482,,
182483,182483,630266,Matteo Luppichini,active,182483,182483,182483,,
182484,182484,630269,Furkan Dursun,active,182484,182484,182484,,
182492,541055,541055,Louay Labidi,active,16959708,16959708,541055,,541055
182505,182505,630270,Soheil Rashad,active,8571113,8571113,182505,,
182506,541059,541059,Shaik Ndaw,active,16959722,16959722,541059,,541059
182507,541060,541060,Hassan Draichi,active,16959723,16959723,541060,,541060
182519,182519,630271,Mateo Peralta,active,182519,182519,182519,,
182520,182520,630272,Sebastián Leiva,active,182520,182520,182520,,
182521,182521,630273,Gonzalo Lobos,active,182521,182521,182521,,
182523,182523,630274,Lorenzo Bonassi,active,182523,182523,182523,,
182524,182524,630275,Hamse Shagaxle,active,182524,182524,182524,,
182525,182525,630276,Daniel Socarras,active,182525,182525,182525,,
182531,182531,630277,Jerome Osei,active,182531,182531,182531,,
182532,182532,630278,Nicolás Montiel,active,182532,182532,182532,,
182539,182539,630279,Atituch Chankar,active,182539,182539,182539,,
182544,182544,630280,Louie Van Gelder,active,182544,182544,182544,,
182546,182546,630281,Nicolas Gammelgaard,active,182546,182546,182546,,
182547,182547,630283,Eman Subašić,active,182547,182547,182547,,
182553,182553,630308,Bennett Hoch,active,182553,182553,182553,,
182554,182554,630385,Marc Nkoumouck,active,182554,182554,182554,,
182559,182559,630386,Mamedi Doucouré,active,182559,182559,182559,,
182560,182560,630387,Jurgen Peci,active,182560,182560,182560,,
182572,182572,630388,Guillem Terma,active,182572,182572,182572,,
182580,182580,630389,Javier Gutiérrez,active,182580,182580,182580,,
182581,182581,630393,Benjamin Pérez,active,182581,182581,182581,,
182583,182583,630394,José Parraguez,active,182583,182583,182583,,
182586,182586,630395,Ryu Nakamura,active,182586,182586,182586,,
182588,182588,630396,Erik Alvarez,active,182588,182588,182588,,
182589,182589,630415,Juan Covilla,active,182589,182589,182589,,
182595,182595,630421,Luca Feler,active,182595,182595,182595,,
182597,182597,630461,Santino Gianini,active,182597,182597,182597,,
182603,182603,630520,Ollie Shield,active,182603,182603,182603,,
182604,182604,630523,Danylo Krevsun,active,182604,182604,182604,,
182605,182605,630538,Facundo Valdéz,active,182605,182605,182605,,
182609,182609,630539,Rayan Zinebi,active,182609,182609,182609,,
182610,182610,630541,Magnus Brøndbo,active,182610,182610,182610,,
182614,182614,630542,Byron Torres,active,182614,182614,182614,,
182615,182615,630544,Damian Jara,active,182615,182615,182615,,
182616,182616,630548,Vicente Villegas,active,182616,182616,182616,,
182617,182617,630551,Martín Gómez,active,182617,182617,182617,,
182619,182619,630553,Dennis Leyton,active,182619,182619,182619,,
182621,182621,630554,Hulusi Ceylan,active,182621,182621,182621,,
182629,182629,630556,Luca Schelfhout,active,182629,182629,182629,,
182630,182630,630608,Ömer Çobanoğlu,active,182630,182630,182630,,
182642,182642,630626,Antonio Vetrò,active,182642,182642,182642,,
182647,182647,630627,Jose Salas,active,182647,182647,182647,,
182648,182648,630628,Fran Gómez,active,182648,182648,182648,,
182649,182649,630632,Jetnipat Khomsom,active,182649,182649,182649,,
182653,182653,630648,Yuma Okuda,active,182653,182653,182653,,
182655,182655,630659,Hinata Nishino,active,182655,182655,182655,,
182656,182656,630672,Thomas Hatton,active,182656,182656,182656,,
182658,182658,630686,Archie Howard,active,182658,182658,182658,,
182659,182659,630691,Keano Dekeyser,active,182659,182659,182659,,
182660,182660,630694,Kaita Maruoka,active,182660,182660,182660,,
182661,182661,630697,Kosuke Murata,active,182661,182661,182661,,
182662,182662,630698,Yoshiki Fujimoto,active,182662,182662,182662,,
182663,182663,630699,Benjamín Argandoña,active,182663,182663,182663,,
182664,182664,630701,Alejandro Tello,active,182664,182664,182664,,
182671,182671,630702,Christian D'Errico,active,182671,182671,182671,,
182673,182673,630703,Harry French,active,182673,182673,182673,,
182674,140354,140354,Alejandro Benítez,active,182674,182674,140354,,140354
182685,182685,630709,Kian McMahon-Brown,active,182685,182685,182685,,
182687,182687,630710,Andrés Torres,active,182687,182687,182687,,
182688,182688,630711,Matías Riquelme,active,182688,182688,182688,,
182689,182689,630713,Benjamín Garcés,active,182689,182689,182689,,
182690,182690,630717,Matías Oteiza,active,182690,182690,182690,,
182691,182691,630718,Agustin Korn,active,182691,182691,182691,,
182692,182692,630723,Andrés Bolaño,active,182692,182692,182692,,
182693,182693,630724,Benjamín Salas,active,182693,182693,182693,,
182694,182694,630731,Jhon Cortés,active,182694,182694,182694,,
182695,182695,630736,Sergio Rozas,active,182695,182695,182695,,
182696,182696,630745,Vicente Ramírez,active,182696,182696,182696,,
182698,182698,630757,Alvaro Cardenas,active,182698,182698,182698,,
182699,182699,630759,Vicente Silva,active,182699,182699,182699,,
182700,182700,630764,Vicente Lehue,active,182700,182700,182700,,
182701,182701,630768,Martin Cardenas,active,182701,182701,182701,,
182702,182702,630781,Joaquin Oñate,active,182702,182702,182702,,
182703,182703,630796,Christopher Salvo,active,182703,182703,182703,,
182704,182704,630801,Camilo Rojel,active,182704,182704,182704,,
182705,182705,630808,Jairon Grueso,active,182705,182705,182705,,
182706,182706,630819,Emirzat Baycu,active,182706,182706,182706,,
182707,182707,630827,Ahmet Dağdevir,active,182707,182707,182707,,
182708,182708,630828,Muhammed Var,active,182708,182708,182708,,
182709,182709,630836,Eren Doğan,active,182709,182709,182709,,
182710,182710,630840,Tuncay Elgün,active,182710,182710,182710,,
182711,182711,630847,Enes Seven,active,182711,182711,182711,,
182716,182716,630852,Kaan Demir,active,182716,182716,182716,,
182717,182717,630854,Oğuzhan Odabaş,active,182717,182717,182717,,
182718,182718,630855,Süleyman Dayar,active,182718,182718,182718,,
182719,182719,630856,Abdullah Yetkin,active,182719,182719,182719,,
182732,182732,630863,Tobias Breum-Harild,active,182732,182732,182732,,
182733,182733,630868,Ruski Kade,active,182733,182733,182733,,
182740,182740,630871,Steeve Kango,active,182740,182740,182740,,
182743,182743,630874,Emmanuel Owen,active,182743,182743,182743,,
182745,182745,630877,Andrés Shmalbach,active,182745,182745,182745,,
182746,182746,630879,Tarik Hamamiogl,active,182746,182746,182746,,
182750,182750,630881,Marley Thelwell,active,182750,182750,182750,,
182754,539601,539601,Mohamed Abdalla,active,182754,182754,539601,,539601
182758,182758,630892,Christos Mouzakitis,active,182758,182758,182758,,
182759,182759,630893,Attila Osváth,active,182759,182759,182759,,
182760,182760,630899,Dániel Lukács,active,182760,182760,182760,,
182761,182761,630901,Milán Vitális,active,182761,182761,182761,,
182762,182762,630902,Zsombor Gruber,active,182762,182762,182762,,
182773,182773,630905,Adam Markhiev,active,182773,182773,182773,,
182774,182774,630906,Oiva Jukkola,active,182774,182774,182774,,
182776,182776,630908,Danijel Šturm,active,182776,182776,182776,,
182777,182777,630912,Balša Popović,active,182777,182777,182777,,
182778,182778,630913,Samukele Kabini,active,182778,182778,182778,,
182779,182779,630916,Ime Okon,active,182779,182779,182779,,
182782,182782,630917,Andrej Stojcevski,active,182782,182782,182782,,
182783,182783,630919,Bojan Ilievski,active,182783,182783,182783,,
182784,182784,630923,Rodrigo Banegas,active,182784,182784,182784,,
182785,182785,630924,Óscar López,active,182785,182785,182785,,
182790,182790,630925,Aaron Murillo,active,182790,182790,182790,,
182793,182793,630926,Alexy Vega,active,182793,182793,182793,,
182794,182794,630934,Getsel Montes,active,182794,182794,182794,,
182795,182795,630938,Luís Crisanto,active,182795,182795,182795,,
182796,182796,630941,Luis Ortiz,active,182796,182796,182796,,
182797,182797,630944,Azarias Londoño,active,182797,182797,182797,,
182798,182798,630959,Tomás Rodríguez,active,182798,182798,182798,,
182799,182799,630964,Gleiker Mendoza,active,182799,182799,182799,,
182801,182801,630965,Camilo Amu,active,182801,182801,182801,,
182805,182805,630966,Yuri Menac,active,182805,182805,182805,,
182806,182806,630971,Jonathan Lawson,active,182806,182806,182806,,
182815,182815,630975,Matis Duval,active,182815,182815,182815,,
182816,182816,631012,Gjan Ajdin,active,182816,182816,182816,,
182824,182824,631013,Mouekinga Kone,active,182824,182824,182824,,
182825,182825,631023,Matej Tuka,active,182825,182825,182825,,
182826,182826,631024,Aekkarat Sansuwan,active,182826,182826,182826,,
182827,182827,631027,Pachara Wangsawat,active,182827,182827,182827,,
182834,182834,631042,Felipe Anso,active,182834,182834,182834,,
182835,182835,631043,Leo Sánchez,active,182835,182835,182835,,
182836,182836,631050,Álvaro Moreno,active,182836,182836,182836,,
182837,182837,631051,Aurelien Gurnier,active,182837,182837,182837,,
182838,182838,631052,Khari Ranson,active,182838,182838,182838,,
182840,182840,631053,Joseb Mosquera,active,182840,182840,182840,,
182841,182841,631054,Adama Timera,active,182841,182841,182841,,
182842,182842,631055,Jahyann Pandore,active,182842,182842,182842,,
182843,182843,631059,Adam El Ouali,active,182843,182843,182843,,
182845,539608,539608,Miguel Figueiredo,active,182845,182845,539608,,539608
182852,182852,631060,Louie Derrick,active,182852,182852,182852,,
182853,182853,631061,Keimer Sandoval,active,182853,182853,182853,,
182854,182854,631063,Adri Fernández,active,182854,182854,182854,,
182855,182855,631064,Nilder Zapata,active,182855,182855,182855,,
182856,182856,631065,Santiago Joven,active,182856,182856,182856,,
182858,182858,631066,Heiler Moreno,active,182858,182858,182858,,
182862,182862,631067,Alexis Pereyra,active,182862,182862,182862,,
182863,182863,631070,Alexandro Maidana,active,182863,182863,182863,,
182866,182866,631071,Eitaro Nishikata,active,182866,182866,182866,,
182867,182867,631073,Kakeru Saito,active,182867,182867,182867,,
182868,182868,631092,Yudai Fukuoka,active,182868,182868,182868,,
182869,182869,631097,Hiroto Matsuura,active,182869,182869,182869,,
182871,182871,631103,Felipe Tempone,active,182871,182871,182871,,
182872,182872,631110,Pablo Belda,active,182872,182872,182872,,
182875,182875,631126,Martín Torrejón,active,182875,182875,182875,,
182876,182876,631130,Helieyker Guzman,active,182876,182876,182876,,
182878,182878,631131,Justin Hanks,active,182878,182878,182878,,
182879,182879,631136,Jack Thompson,active,182879,182879,182879,,
182880,182880,631141,Danilo Saavedra,active,182880,182880,182880,,
182891,182891,631143,Rareș Vlad,active,182891,182891,182891,,
182899,182899,631145,Jackson Izquierdo,active,182899,182899,182899,,
182900,182900,631151,Valentin Joseph,active,182900,182900,182900,,
182902,182902,631157,Yann Llahona,active,182902,182902,182902,,
182903,182903,631158,Oskar Fenger,active,182903,182903,182903,,
182904,182904,631176,Juan Hurtado,active,182904,182904,182904,,
182905,182905,631177,Juan Quintero,active,182905,182905,182905,,
182906,182906,631178,Bendegúz Kovács,active,182906,182906,182906,,
182907,182907,631181,Alan Coria,active,182907,182907,182907,,
182908,182908,631195,Lucas Marcon,active,182908,182908,182908,,
182946,182946,631200,Adam Baallal,active,182946,182946,182946,,
183354,183354,631208,Carlos de Miguel,active,183354,183354,183354,,
183355,183355,631210,Guillermo Burcio,active,183355,183355,183355,,
183356,183356,631213,Modou Ndiaye,active,183356,183356,183356,,
183357,183357,631216,Samuel Almarza,active,183357,183357,183357,,
183358,183358,631223,Víctor Villote,active,183358,183358,183358,,
183359,183359,631234,Diego Chávez,active,183359,183359,183359,,
183360,183360,631242,Rodrigo Catalán,active,183360,183360,183360,,
183386,183386,631244,Isi Angulo,active,183386,183386,183386,,
183395,183395,631245,Juan Urrea,active,183395,183395,183395,,
183405,183405,631246,Mateo Martínez,active,183405,183405,183405,,
183408,539609,539609,Lautaro Pereyra,active,183408,183408,539609,,539609
183409,539611,539611,Kevin Ferreira,active,183409,183409,539611,,539611
183410,539615,539615,Rodrigo Bacidalupe,active,183410,183410,539615,,539615
183431,183431,631256,Pablo Bohle,active,183431,183431,183431,,
183433,183433,631261,Charlie Smith,active,183433,183433,183433,,
183434,183434,631262,Vicente Olivares,active,183434,183434,183434,,
183435,183435,631263,Amaro Pérez,active,183435,183435,183435,,
183437,183437,631265,Matías Moreno,active,183437,183437,183437,,
183439,183439,631269,Lucas Barraza,active,183439,183439,183439,,
183440,183440,631275,Nicolás Girón,active,183440,183440,183440,,
183442,183442,631290,Francisco Daza,active,183442,183442,183442,,
183443,183443,631295,Marcelo Cabrera,active,183443,183443,183443,,
183444,183444,631296,Bautista Cantero,active,183444,183444,183444,,
183451,183451,631316,Per Kloosterboer,active,183451,183451,183451,,
183455,183455,631319,Tomás Fagioli,active,183455,183455,183455,,
183477,183477,631327,Javier Morcillo,active,183477,183477,183477,,
183484,183484,631337,Miguel Conde,active,183484,183484,183484,,
183485,183485,631344,Isiaka Soukouna,active,183485,183485,183485,,
183486,183486,631345,Shin Miidera,active,183486,183486,183486,,
183498,183498,631354,Jesper Kerkdijk,active,183498,183498,183498,,
183505,183505,631357,Nouroudine Faye,active,183505,183505,183505,,
183506,183506,631358,Ángel Solís,active,183506,183506,183506,,
183507,183507,631363,Benjamín Zamorano,active,183507,183507,183507,,
183508,557525,557525,David Silva,active,183508,183508,557525,,557525
183519,183519,631364,Santiago Cabezas,active,183519,183519,183519,,
183520,183520,631365,Manuel Diaz,active,183520,183520,183520,,
183521,183521,631367,Ilai Grootfaam,active,183521,183521,183521,,
183527,183527,631369,Uriel Ojeda,active,183527,183527,183527,,
183529,183529,631372,Dante Blanco,active,183529,183529,183529,,
183539,539628,539628,Valentín Lucero,active,183539,183539,539628,,539628
183543,183543,631377,Lucas Silva,active,183543,183543,183543,,
183546,539704,539704,Jonathan Spiff,active,183546,183546,539704,,539704
183551,183551,631384,Santino Crego,active,183551,183551,183551,,
183552,183552,631388,Enzo Sanabria,active,183552,183552,183552,,
183553,183553,631389,Benjamín Maliani,active,183553,183553,183553,,
183561,183561,631423,Santiago Bouhet,active,183561,183561,183561,,
183562,183562,631424,Alejandro Vera,active,183562,183562,183562,,
183571,183571,631425,Fausto San Pedro,active,183571,183571,183571,,
183572,183572,631430,Lisandro Duarte,active,183572,183572,183572,,
183576,183576,631431,Asael Oviedo,active,183576,183576,183576,,
183583,183583,631432,Jeff Godelaine,active,183583,183583,183583,,
183584,183584,631434,Abdoulaye Mbaye,active,183584,183584,183584,,
183588,183588,631436,Hjalte Gitz,active,183588,183588,183588,,
183611,183611,631454,Jack Anderson,active,183611,183611,183611,,
183612,183612,631458,Wedtoin Ouedraogo,active,183612,183612,183612,,
183616,183616,631477,Luís Teixeira Pinto,active,183616,183616,183616,,
183659,183659,631492,Takezo Fujikawa,active,183659,183659,183659,,
183660,183660,631496,Iker Vadillo,active,183660,183660,183660,,
183661,183661,631497,Tiago Silva,active,183661,183661,183661,,
183662,183662,631500,Daisuke Kato,active,183662,183662,183662,,
183667,183667,631507,Danny Castro,active,183667,183667,183667,,
183668,183668,631512,José Munive,active,183668,183668,183668,,
183672,183672,631515,Bané Diatta,active,183672,183672,183672,,
183680,183680,631519,Mohamed Seck,active,183680,183680,183680,,
183683,183683,631522,S. Lottici Tessadri,active,183683,183683,183683,,
183684,183684,631524,Leon Scarlett,active,183684,183684,183684,,
183685,183685,631531,Raphael Canut,active,183685,183685,183685,,
183687,183687,631544,Patryck,active,183687,183687,183687,,
183688,183688,631550,Jimmy Martínez,active,183688,183688,183688,,
183690,183690,631559,Jhojan Zúñiga,active,183690,183690,183690,,
183691,183691,631572,C. Portocarrero,active,183691,183691,183691,,
183697,183697,631585,Alfie Brooks,active,183697,183697,183697,,
183704,183704,631600,Ibai Asenjo,active,183704,183704,183704,,
183705,183705,631605,Harrison Dudziak,active,183705,183705,183705,,
183709,183709,631606,Ugo Lamare E.Kadmiri,active,183709,183709,183709,,
183710,183710,631609,Hilan Slimani,active,183710,183710,183710,,
183711,183711,631613,Nouhoum Kamissoko,active,183711,183711,183711,,
183712,183712,631617,Idrissa Sabaly,active,183712,183712,183712,,
183715,183715,631621,Mathijs Menu,active,183715,183715,183715,,
183718,183718,631626,Matteo Noto,active,183718,183718,183718,,
183719,183719,631633,Dani Bouchta,active,183719,183719,183719,,
183720,183720,631642,Yusuf Ali Şirin,active,183720,183720,183720,,
183721,183721,631647,Noah Sy,active,183721,183721,183721,,
183725,183725,631671,Julen Martínez,active,183725,183725,183725,,
183726,183726,631672,Nathan Fondja,active,183726,183726,183726,,
183728,183728,631673,Cesc Riba,active,183728,183728,183728,,
183730,183730,631688,Miguel Cubo,active,183730,183730,183730,,
183738,183738,631696,Brain Chinedu,active,183738,183738,183738,,
183740,183740,631700,Zach Baumann,active,183740,183740,183740,,
183741,183741,631702,Koki Nagasoe,active,183741,183741,183741,,
183744,183744,631709,Hideaki Matsumura,active,183744,183744,183744,,
183745,183745,631710,Thomas Woodward,active,183745,183745,183745,,
183752,183752,631711,Juan Piera,active,183752,183752,183752,,
183755,183755,631712,Josh Gracey,active,183755,183755,183755,,
183758,183758,631713,Ștefan Amarandei,active,183758,183758,183758,,
183763,183763,631721,Beltrán Auguste,active,183763,183763,183763,,
183764,183764,631722,Rafael Cruz,active,183764,183764,183764,,
183769,183769,631725,Gino Alfaro,active,183769,183769,183769,,
183770,183770,631727,Gani Büyükhan,active,183770,183770,183770,,
183773,183773,631733,Georges Grimaud,active,183773,183773,183773,,
183775,183775,631738,Thorbjørn Pløger,active,183775,183775,183775,,
183780,183780,631739,Sylvain Djoho,active,183780,183780,183780,,
183781,183781,631742,Tristan Nunez,active,183781,183781,183781,,
183786,183786,631757,Pape Dieng,active,183786,183786,183786,,
183792,183792,631760,Miguel Calatayud,active,183792,183792,183792,,
183793,183793,631761,Nico Guillén,active,183793,183793,183793,,
183794,183794,631769,Thomas Cordier,active,183794,183794,183794,,
183795,183795,631772,Pierre Mounguengue,active,183795,183795,183795,,
183796,183796,631777,Bilal Laurendon,active,183796,183796,183796,,
183797,183797,631783,Samba Coulibaly,active,183797,183797,183797,,
183798,183798,631785,Dimitri Lucea,active,183798,183798,183798,,
183800,183800,631786,Mathis Eboué,active,183800,183800,183800,,
183804,183804,631787,Jean Rojas,active,183804,183804,183804,,
183805,183805,631794,Ángel Carvajal,active,183805,183805,183805,,
183806,183806,631799,Jaime Tobajas,active,183806,183806,183806,,
183807,539719,539719,Kelyann Bezahaf,active,183807,183807,539719,,539719
183808,183808,631804,Mezian Mesloub,active,183808,183808,183808,,
183809,183809,631814,Yaya Diémé,active,183809,183809,183809,,
183810,183810,631819,Rik Suur,active,183810,183810,183810,,
183828,183828,631820,Keyson Quinto,active,183828,183828,183828,,
183831,183831,631821,Clayton Bonevacia,active,183831,183831,183831,,
183832,183832,631822,Hasan Bulut,active,183832,183832,183832,,
183839,183839,631823,Elliot Stroud,active,183839,183839,183839,,
183840,183840,631829,Taha Ali,active,183840,183840,183840,,
183844,183844,631830,Jan Adeel,active,8572452,8572452,183844,,
183845,183845,631831,Soheil Bashir,active,8572453,8572453,183845,,
183846,183846,631833,Lachlan Bayliss,active,183846,183846,183846,,
183848,539721,539721,Jayden Lienou,active,183848,183848,539721,,539721
183849,539727,539727,Alfie Cresswell,active,183849,183849,539727,,539727
183854,183854,631835,Felipe Raipán,active,183854,183854,183854,,
183855,183855,631841,Franco Garrido,active,183855,183855,183855,,
183863,183863,631849,El Hadji Seck,active,183863,183863,183863,,
183865,183865,631851,Renato,active,183865,183865,183865,,
183871,183871,631866,Leandro Schödler,active,183871,183871,183871,,
183872,183872,631877,Malthe Hansen,active,183872,183872,183872,,
183874,183874,631880,Euan Bowie,active,183874,183874,183874,,
183876,183876,631892,Keir Gilligan,active,183876,183876,183876,,
183880,183880,631897,Howenn Rada,active,183880,183880,183880,,
183881,183881,631900,Dani Paul,active,183881,183881,183881,,
183883,183883,631902,Justice Esser,active,183883,183883,183883,,
183884,183884,631916,Bernardo Lima,active,183884,183884,183884,,
183889,183889,631922,Maxim de Troije,active,183889,183889,183889,,
183890,183890,631923,Scott Calderwood,active,183890,183890,183890,,
183891,183891,631927,Ashton Scally,active,183891,183891,183891,,
183893,183893,631928,Juan Gómez,active,183893,183893,183893,,
183894,183894,631929,Yon Rodallega,active,183894,183894,183894,,
183895,183895,631934,Heider Vallecilla,active,183895,183895,183895,,
183898,183898,631940,Thiago Aguirre,active,183898,183898,183898,,
184045,184045,631942,Solomon Loubao,active,184045,184045,184045,,
184082,184082,631945,Erik Ring,active,184082,184082,184082,,
184114,184114,631955,Jafar Hadi,active,8572722,8572722,184114,,
184115,184115,631958,Toni Fruk,active,184115,184115,184115,,
184118,184118,631962,Hugo Sochůrek,active,184118,184118,184118,,
184119,184119,631967,Alexandr Sojka,active,184119,56162603159351,184119,,
184125,184125,631969,Štěpán Chaloupek,active,184125,184125,184125,,
184126,184126,631974,Florian Wiegele,active,184126,184126,184126,,
184128,184128,631976,Henrik Falchener,active,184128,184128,184128,,
184132,184132,631978,Mohamed Alaa,active,184132,184132,184132,,
184134,184134,631979,Tarek Alaa,active,184134,184134,184134,,
184135,184135,631981,Taher Muslim,active,8572743,8572743,184135,,
184136,184136,631984,Bourama Dembelé,active,184136,184136,184136,,
184141,184141,631988,Modibo Fofana,active,184141,184141,184141,,
184144,184144,631993,Ángel Cantero,active,184144,184144,184144,,
184145,184145,631998,Fabio García,active,184145,184145,184145,,
184149,184149,632000,Jeffrey Baffoh,active,184149,184149,184149,,
184150,184150,632004,Giorgio Vezzosi,active,184150,184150,184150,,
184151,539729,539729,Alessandro Mazzocchi,active,184151,184151,539729,,539729
184152,184152,632005,Tommaso Vigilati,active,184152,184152,184152,,
184153,568897,568897,Álvaro González,active,184153,184153,568897,,568897
184154,184154,632006,Manu Serrano,active,184154,184154,184154,,
184159,184159,632010,Emmanuel Valencia,active,184159,184159,184159,,
184162,184162,632012,Rúben Muñoz,active,184162,184162,184162,,
184163,184163,632014,Sander Tangvik,active,184163,184163,184163,,
184164,184164,632018,Mostafa Zico,active,184164,184164,184164,,
184166,184166,632020,Jeff Michelet,active,8572774,8572774,184166,,
184168,184168,632031,Aman Shukri,active,8572776,8572776,184168,,
184169,184169,632044,Kamogelo Sebelebele,active,184169,184169,184169,,
184173,184173,632048,Thapelo Maseko,active,184173,56163945336685,184173,,
184178,184178,632050,Benjamin Asare,active,184178,184178,184178,,
184186,184186,632056,Yaghub Aziz,active,8572794,8572794,184186,,
184187,184187,632057,Zia Kamal Ad Din,active,8572795,8572795,184187,,
184188,184188,632058,Sina Latif,active,8572796,8572796,184188,,
184189,184189,632060,Agassi Chayichi,active,8572797,8572797,184189,,
184194,184194,632061,Vsevolod Krivov,active,8572802,8572802,184194,,
184195,184195,632066,Volodya Slesarenko,active,8572803,8572803,184195,,
184196,184196,632070,Meyer Krivov,active,8572804,8572804,184196,,
184197,184197,632071,Prince Adu,active,184197,184197,184197,,
184270,184270,632079,Cristian Díaz,active,184270,184270,184270,,
184271,184271,632081,Ángel Díaz,active,184271,184271,184271,,
184272,184272,632083,Zion Henry,active,184272,184272,184272,,
184273,184273,632087,Djoully Nzoko,active,184273,184273,184273,,
184285,184285,632088,Jacob Italiano,active,184285,184285,184285,,
184286,184286,632097,Paul Okon-Engstler,active,184286,184286,184286,,
184341,539732,539732,Bruno Galassi,active,184341,184341,539732,,539732
184458,184458,632109,Tomás González,active,184458,184458,184458,,
184459,184459,632118,Franco Fernández,active,184459,184459,184459,,
184462,184462,632123,Máximo Hernández,active,184462,184462,184462,,
184463,184463,632128,Carlos Mejia,active,184463,184463,184463,,
184464,184464,632131,Luis Narh,active,184464,184464,184464,,
184465,184465,632132,Ieuan Owen,active,184465,184465,184465,,
184489,184489,632133,Bastian Muñoz,active,184489,184489,184489,,
184490,184490,632135,Martín Araneda,active,184490,184490,184490,,
184495,184495,632137,Santiago Reinoso,active,184495,184495,184495,,
184496,184496,632139,Benjamín Contreras,active,184496,184496,184496,,
184497,184497,632142,Gabriel Roco,active,184497,184497,184497,,
184498,184498,632150,Cristóbal Ulloa,active,184498,184498,184498,,
184499,184499,632157,Laurens Goemaere,active,184499,184499,184499,,
184503,184503,632160,Lars Cooman,active,184503,184503,184503,,
184504,184504,632161,Victor De Coninck,active,184504,184504,184504,,
184506,184506,632168,Freddy Alegría,active,184506,184506,184506,,
184508,184508,632171,Ítalo Pastén,active,184508,184508,184508,,
184509,184509,632177,Joaquín Rojas,active,184509,184509,184509,,
184510,184510,632179,David Frimpong,active,184510,184510,184510,,
184511,184511,632183,Francisco Moreno,active,184511,184511,184511,,
184515,184515,632184,Maxime Adam,active,184515,184515,184515,,
184522,184522,632188,Severin Nioule,active,184522,184522,184522,,
184523,184523,632189,Naël Piron,active,184523,184523,184523,,
184524,184524,632195,Ivan Izquierdo,active,184524,184524,184524,,
184527,184527,632197,Jasser Chamakh,active,184527,184527,184527,,
184528,184528,632198,Samir Ben Brahim,active,184528,184528,184528,,
184548,184548,632199,Agustín Bitancurt,active,184548,184548,184548,,
184549,184549,632202,Pierre Allende,active,184549,184549,184549,,
184551,184551,632203,Diego Bermúdez,active,184551,184551,184551,,
184552,184552,632212,Mathias Contreras,active,184552,184552,184552,,
184557,184557,632215,Cedric Van Meirvenne,active,184557,184557,184557,,
184558,184558,632217,Nicolas Previtali,active,184558,184558,184558,,
184559,184559,632222,Sven Simons,active,184559,184559,184559,,
184560,184560,632223,Alexander Briedl,active,184560,184560,184560,,
184561,184561,632224,Lachlan Rose,active,184561,184561,184561,,
184562,184562,632229,Leo Stucki,active,184562,184562,184562,,
184563,184563,632232,Simon Lengen,active,184563,184563,184563,,
184566,184566,632234,Sebastiano Di Paolo,active,184566,184566,184566,,
184567,184567,632236,Demi Akarakiri,active,184567,184567,184567,,
184568,184568,632237,Jamie Schuldes,active,184568,184568,184568,,
184574,184574,632239,Jef Luyckx,active,184574,184574,184574,,
184575,184575,632241,Idrissa Keita,active,184575,184575,184575,,
184576,184576,632242,Aaron Ibrahim,active,184576,184576,184576,,
184577,184577,632245,Toon Franssen,active,184577,184577,184577,,
184581,184581,632248,Bryan Zurmühle,active,184581,184581,184581,,
184582,184582,632263,Ian Tiraboschi,active,184582,184582,184582,,
184587,184587,632266,Aki Koch,active,184587,184587,184587,,
184588,184588,632268,Guimarães Nicholas,active,184588,184588,184588,,
184591,184591,632271,Slobodan Stanojlović,active,184591,184591,184591,,
184595,184595,632273,Asane Sow,active,184595,184595,184595,,
184596,184596,632278,Edin Etoski,active,184596,184596,184596,,
184599,184599,632292,Djé Beni,active,184599,184599,184599,,
184600,184600,632309,Daniel Perin,active,184600,184600,184600,,
184608,184608,632328,David Puczka,active,184608,184608,184608,,
184609,184609,632331,Marcelo Vaz,active,184609,184609,184609,,
184616,184616,632339,Samuel Ramos,active,184616,184616,184616,,
184624,184624,632340,Daniel Hall,active,184624,184624,184624,,
184625,184625,632343,Eli Adams,active,184625,184625,184625,,
184627,184627,632362,Krzysztof Kurowski,active,184627,184627,184627,,
184628,184628,632363,Miloš Jović,active,184628,184628,184628,,
184630,184630,632367,Alessio Spatari,active,184630,184630,184630,,
184639,184639,632376,Thiago,active,184639,184639,184639,,
184640,184640,632383,Jerónimo Rodríguez,active,184640,184640,184640,,
184645,539764,539764,Tijme Wessels,active,184645,184645,539764,,539764
184648,184648,632384,Jahyendrow Amour,active,184648,184648,184648,,
184649,539789,539789,Shuryjano Cornecion,active,184649,184649,539789,,539789
184650,539790,539790,Amir Bouhamdi,active,184650,184650,539790,,539790
184651,184651,632390,Fabio Kluit,active,184651,184651,184651,,
184652,184652,632402,Austyn Jones,active,184652,184652,184652,,
184653,184653,632405,Sami Bouhoudane,active,184653,184653,184653,,
184654,184654,632406,Boet Mulders,active,184654,184654,184654,,
184655,184655,632417,Kane Aerts,active,184655,184655,184655,,
184666,184666,632432,David Larrahondo,active,184666,184666,184666,,
184668,184668,632434,Omran Khatar,active,184668,184668,184668,,
184669,184669,632438,Berkant Bayrak,active,184669,184669,184669,,
184672,184672,632439,Martin Moormann,active,184672,184672,184672,,
184673,184673,632440,Edgar Nava,active,184673,184673,184673,,
184674,184674,632442,Facundo Vergara,active,184674,184674,184674,,
184675,184675,632448,Janpol Morales,active,184675,184675,184675,,
184680,184680,632451,Babacar Leye,active,184680,184680,184680,,
184689,184689,632453,Josué Vergara,active,184689,184689,184689,,
184690,184690,632457,Naïm Amengai,active,184690,184690,184690,,
184691,184691,632469,Wout Verlinden,active,184691,184691,184691,,
184692,184692,632470,Yanis Musuayi,active,184692,184692,184692,,
184693,184693,632473,G. Okon-Engstler,active,184693,184693,184693,,
184694,184694,632474,Andre Garcia,active,184694,184694,184694,,
184699,184699,632475,Victory Akpe,active,184699,184699,184699,,
184700,184700,632476,Ludwig Malachowski,active,184700,184700,184700,,
184701,184701,632478,Kouroufia Kebe,active,184701,184701,184701,,
184702,184702,632480,Issam Bouaoune,active,184702,184702,184702,,
184703,184703,632483,Youssouf Tandia,active,184703,184703,184703,,
184707,184707,632486,Cohen Leiper,active,184707,184707,184707,,
184712,184712,632488,Elias Havel,active,184712,184712,184712,,
184717,184717,632490,Carrick McEvoy,active,184717,184717,184717,,
184718,184718,632494,Henry Fieldson,active,184718,184718,184718,,
184719,184719,632503,Marcello de Barros,active,184719,184719,184719,,
184720,184720,632512,Theo McCormick,active,184720,184720,184720,,
184723,184723,632513,Daniel de la Cruz,active,184723,184723,184723,,
184731,184731,632515,Koki Kawashima,active,184731,184731,184731,,
184733,539793,539793,Camilo Durán,active,184733,184733,539793,,539793
184735,184735,632516,Zé Leite,active,184735,184735,184735,,
184746,184746,632521,Shoya Nose,active,184746,184746,184746,,
184760,184760,632523,Nick de Groot,active,184760,184760,184760,,
184761,184761,632527,Ismaïl Seydi,active,184761,184761,184761,,
184762,184762,632528,Aaron Cummings,active,184762,184762,184762,,
184763,184763,632529,Louis Passavant,active,184763,184763,184763,,
184764,184764,632531,Damien Möschinger,active,184764,184764,184764,,
184765,184765,632532,Jason Almeida,active,184765,184765,184765,,
184771,184771,632533,Salieu Drammeh,active,184771,184771,184771,,
184773,184773,632538,John Otomewo,active,184773,184773,184773,,
184786,184786,632550,Daniel Wisdom,active,184786,184786,184786,,
184787,184787,632551,Arthur Cremer,active,184787,184787,184787,,
184788,184788,632562,Rafaël Teugels,active,184788,184788,184788,,
184789,184789,632567,Boubakar Dembaga,active,184789,184789,184789,,
184790,184790,632586,Melvin Hodza,active,184790,184790,184790,,
184791,184791,632594,Mario Greco,active,184791,184791,184791,,
184792,184792,632598,Mohamed Essakkati,active,184792,184792,184792,,
184794,184794,632609,Mouhammade Camara,active,184794,184794,184794,,
184796,184796,632632,William Faber,active,184796,184796,184796,,
184797,184797,632637,Lucas Riisgaard,active,184797,184797,184797,,
184798,184798,632640,Mamour Ndiaye,active,184798,184798,184798,,
184799,184799,632648,Áron Csongvai,active,184799,184799,184799,,
184805,184805,632652,Chec Bebel Doumbia,active,184805,184805,184805,,
184807,184807,632661,Mateo Vales,active,184807,184807,184807,,
184811,184811,632663,Roland Galčík,active,184811,184811,184811,,
184812,184812,632668,Kang Young-Kwang,active,184812,184812,184812,,
184817,184817,632674,Mostafa Heydari,active,184817,184817,184817,,
184823,184823,632680,Sakhalou Niakaté,active,184823,184823,184823,,
184826,184826,632684,Shane van Aarle,active,184826,184826,184826,,
184827,184827,632685,Arman Durmiši,active,184827,184827,184827,,
184829,184829,632686,John Ontaneda,active,184829,184829,184829,,
184830,184830,632687,Junior Noguera,active,184830,184830,184830,,
184832,539806,539806,Tjark Ernst,active,184832,184832,539806,,539806
184835,184835,632689,Emiliano Cantero,active,184835,184835,184835,,
184836,184836,632690,Jonás Cabrera,active,184836,184836,184836,,
185062,185062,632693,Facundo Cruz,active,185062,185062,185062,,
185063,185063,632696,Juan Migue Arrayago,active,185063,185063,185063,,
185065,185065,632697,Allan Wlk,active,185065,185065,185065,,
185066,185066,632707,Mariano Ojeda,active,185066,185066,185066,,
185067,185067,632709,Jeremías Langa,active,185067,185067,185067,,
185068,539814,539814,Baltazar Blum,active,185068,185068,539814,,539814
185073,185073,632718,Jeremías Acosta,active,185073,185073,185073,,
185082,185082,632720,Edson Tortolero,active,185082,185082,185082,,
185083,185083,632726,Frand Carabalí,active,185083,185083,185083,,
185085,185085,632731,Tomás Jung,active,185085,185085,185085,,
185086,185086,632732,Rodrigo Granillo,active,185086,185086,185086,,
185104,185104,632739,Gonzalo Figueroa,active,185104,185104,185104,,
185105,185105,632741,Alonso Olguín,active,185105,185105,185105,,
185106,185106,632744,Diego Cofré,active,185106,185106,185106,,
185109,185109,632757,Daryll Benlahlou,active,185109,185109,185109,,
185112,185112,632760,Andrew Fasanya,active,185112,185112,185112,,
185113,185113,632762,Samuel Ngandu,active,185113,185113,185113,,
185114,185114,632765,Jack Dalziel,active,185114,185114,185114,,
185115,185115,632771,Robbie Hunter,active,185115,185115,185115,,
185116,185116,632773,Lucas Weir,active,185116,185116,185116,,
185117,185117,632774,Aaron Buchanan,active,185117,185117,185117,,
185118,185118,632775,Amir Maaroufi,active,185118,185118,185118,,
185120,185120,632776,Nikolas Brandis,active,185120,185120,185120,,
185122,185122,632779,István Átrok,active,185122,185122,185122,,
185123,185123,632782,Ange-Gabriel Kokora,active,185123,185123,185123,,
185124,185124,632785,Valentín Cerrudo,active,185124,185124,185124,,
185125,185125,632788,Mateo Peresutti,active,185125,185125,185125,,
185126,185126,632798,Nazareno Fazzi,active,185126,185126,185126,,
185127,185127,632800,Lucas Ayala,active,185127,185127,185127,,
185128,185128,632801,Ignacio Isla,active,185128,185128,185128,,
185129,185129,632810,Lucas Cacciabue,active,185129,185129,185129,,
185130,185130,632813,Mateo Aimar,active,185130,185130,185130,,
185131,185131,632853,Tomás Uribe,active,185131,185131,185131,,
185132,185132,632865,Martín Cuitiño,active,185132,185132,185132,,
185133,185133,632868,Omar Sarr,active,185133,185133,185133,,
185134,185134,632875,Noah Kalonji,active,185134,185134,185134,,
185135,185135,632877,Noa Cobiella,active,185135,185135,185135,,
185136,185136,632878,Jayden Onia-Seke,active,185136,185136,185136,,
185137,185137,632880,Jhonier Alomía,active,185137,185137,185137,,
185138,185138,632885,Sebastián Viveros,active,185138,185138,185138,,
185141,185141,632903,Lucas Lorenzon,active,185141,185141,185141,,
185142,185142,632908,Jean Doucoure,active,185142,185142,185142,,
185143,185143,632927,Noah Kakor,active,185143,185143,185143,,
185148,185148,632928,Ilija Despotovic,active,185148,185148,185148,,
185149,185149,632931,Marius van der Raad,active,185149,185149,185149,,
185150,185150,632932,Arthur Israel,active,185150,185150,185150,,
185151,185151,632934,Rayan Bardghji,active,185151,185151,185151,,
185152,185152,632942,Henrik Haraldsen,active,185152,185152,185152,,
185153,185153,632943,Gunnar Olsen,active,185153,185153,185153,,
185154,185154,632945,Mustapha Nyassi,active,185154,185154,185154,,
185155,185155,632946,Marvin Nasnas,active,185155,185155,185155,,
185156,185156,632950,Romeo Sandrucci,active,185156,185156,185156,,
185157,185157,632952,Giulio Scuderi,active,185157,185157,185157,,
185158,185158,632955,Francesco Gallea,active,185158,185158,185158,,
185162,185162,632957,Lorenzo Sassetti,active,185162,185162,185162,,
185199,185199,632958,Andrej Kostić,active,185199,185199,185199,,
185206,185206,632968,Fabián Correa,active,185206,185206,185206,,
185207,185207,632971,Lorenzo Colonnese,active,185207,185207,185207,,
185208,185208,632982,Marco Buonaiuto,active,185208,185208,185208,,
185209,185209,632983,Danilo Treffiletti,active,185209,185209,185209,,
185210,185210,632984,Mattia Attinasi,active,185210,185210,185210,,
185211,185211,632986,Manuel Villa,active,185211,185211,185211,,
185212,185212,632988,Dennis Scifo,active,185212,185212,185212,,
185213,185213,632989,Giuseppe Martone,active,185213,185213,185213,,
185214,185214,632993,Marcus Gill,active,185214,185214,185214,,
185215,539858,539858,Vanja Dragojević,active,185215,185215,539858,,539858
185216,185216,632994,Jorge Rans,active,185216,185216,185216,,
185217,185217,632995,Farouq Limouri,active,185217,185217,185217,,
185219,185219,632997,Francesco Panico,active,185219,185219,185219,,
185220,185220,633001,Gioele Giammattei,active,185220,185220,185220,,
185222,185222,633008,Destiny Elimoghale,active,185222,185222,185222,,
185223,185223,633010,Matteo Farronato,active,185223,185223,185223,,
185224,540071,540071,Jamal Iddrissou,active,185224,185224,540071,,540071
185225,540074,540074,Leonardo Bovio,active,185225,185225,540074,,540074
185228,185228,633013,Emanuel Betancur,active,185228,185228,185228,,
185229,185229,633014,Jhon Palomeque,active,185229,185229,185229,,
185230,185230,633021,Esteban Valencia,active,185230,185230,185230,,
185231,185231,633027,Arnol Agualimpia,active,185231,185231,185231,,
185232,185232,633033,Emanuel Arboleda,active,185232,185232,185232,,
185234,185234,633034,Thomas Castillo,active,185234,185234,185234,,
185235,185235,633039,Mike Díaz,active,185235,185235,185235,,
185236,185236,633048,Jhon Tenorio,active,185236,185236,185236,,
185237,185237,633058,Andrés González,active,185237,185237,185237,,
185239,185239,633059,Juan Rodríguez,active,185239,185239,185239,,
185240,185240,633060,Jean Caicedo,active,185240,185240,185240,,
185242,185242,633064,Santiago Urrutia,active,185242,185242,185242,,
185243,185243,633070,Jérôme Bieler,active,185243,185243,185243,,
185244,185244,633072,Thiago Martínez,active,185244,185244,185244,,
185245,185245,633080,Juan Cruz Policella,active,185245,185245,185245,,
185246,185246,633081,Lautaro Piola,active,185246,185246,185246,,
185247,185247,633084,Gonzalo Nuccio,active,185247,185247,185247,,
185248,185248,633090,Bruno Trey,active,185248,185248,185248,,
185249,185249,633094,Thiago Baroni,active,185249,185249,185249,,
185250,185250,633095,Alan Alcaraz,active,185250,185250,185250,,
185251,185251,633098,Niimura Kazushi,active,185251,185251,185251,,
185252,185252,633100,Sakoda Ryowa,active,185252,185252,185252,,
185507,540075,540075,Ícaro,active,185507,185507,540075,,540075
185508,540079,540079,Ricardo Gonzalez,active,185508,185508,540079,,540079
185509,540080,540080,Alejandro Cárdenas,active,185509,185509,540080,,540080
185510,540082,540082,Andrés Araujo,active,185510,185510,540082,,540082
185511,540085,540085,Santiago Camarena,active,185511,185511,540085,,540085
